# Resource object code (Python 3)
# Created by: object code
# Created by: The Resource Compiler for Qt version 6.6.3
# WARNING! All changes made in this file will be lost!

from PySide6 import QtCore

qt_resource_data = b"\
\x00\x00c\x17\
\xff\
\xd8\xff\xe0\x00\x10JFIF\x00\x01\x01\x01\x00`\x00\
`\x00\x00\xff\xdb\x00C\x00\x03\x02\x02\x03\x02\x02\x03\x03\
\x03\x03\x04\x03\x03\x04\x05\x08\x05\x05\x04\x04\x05\x0a\x07\x07\
\x06\x08\x0c\x0a\x0c\x0c\x0b\x0a\x0b\x0b\x0d\x0e\x12\x10\x0d\x0e\
\x11\x0e\x0b\x0b\x10\x16\x10\x11\x13\x14\x15\x15\x15\x0c\x0f\x17\
\x18\x16\x14\x18\x12\x14\x15\x14\xff\xdb\x00C\x01\x03\x04\x04\
\x05\x04\x05\x09\x05\x05\x09\x14\x0d\x0b\x0d\x14\x14\x14\x14\x14\
\x14\x14\x14\x14\x14\x14\x14\x14\x14\x14\x14\x14\x14\x14\x14\x14\
\x14\x14\x14\x14\x14\x14\x14\x14\x14\x14\x14\x14\x14\x14\x14\x14\
\x14\x14\x14\x14\x14\x14\x14\x14\x14\x14\x14\x14\x14\xff\xc0\x00\
\x11\x08\x01\x0c\x01\x18\x03\x01\x22\x00\x02\x11\x01\x03\x11\x01\
\xff\xc4\x00\x1f\x00\x00\x01\x05\x01\x01\x01\x01\x01\x01\x00\x00\
\x00\x00\x00\x00\x00\x00\x01\x02\x03\x04\x05\x06\x07\x08\x09\x0a\
\x0b\xff\xc4\x00\xb5\x10\x00\x02\x01\x03\x03\x02\x04\x03\x05\x05\
\x04\x04\x00\x00\x01}\x01\x02\x03\x00\x04\x11\x05\x12!1\
A\x06\x13Qa\x07\x22q\x142\x81\x91\xa1\x08#B\
\xb1\xc1\x15R\xd1\xf0$3br\x82\x09\x0a\x16\x17\x18\
\x19\x1a%&'()*456789:C\
DEFGHIJSTUVWXYZc\
defghijstuvwxyz\x83\
\x84\x85\x86\x87\x88\x89\x8a\x92\x93\x94\x95\x96\x97\x98\x99\x9a\
\xa2\xa3\xa4\xa5\xa6\xa7\xa8\xa9\xaa\xb2\xb3\xb4\xb5\xb6\xb7\xb8\
\xb9\xba\xc2\xc3\xc4\xc5\xc6\xc7\xc8\xc9\xca\xd2\xd3\xd4\xd5\xd6\
\xd7\xd8\xd9\xda\xe1\xe2\xe3\xe4\xe5\xe6\xe7\xe8\xe9\xea\xf1\xf2\
\xf3\xf4\xf5\xf6\xf7\xf8\xf9\xfa\xff\xc4\x00\x1f\x01\x00\x03\x01\
\x01\x01\x01\x01\x01\x01\x01\x01\x00\x00\x00\x00\x00\x00\x01\x02\
\x03\x04\x05\x06\x07\x08\x09\x0a\x0b\xff\xc4\x00\xb5\x11\x00\x02\
\x01\x02\x04\x04\x03\x04\x07\x05\x04\x04\x00\x01\x02w\x00\x01\
\x02\x03\x11\x04\x05!1\x06\x12AQ\x07aq\x13\x22\
2\x81\x08\x14B\x91\xa1\xb1\xc1\x09#3R\xf0\x15b\
r\xd1\x0a\x16$4\xe1%\xf1\x17\x18\x19\x1a&'(\
)*56789:CDEFGHIJ\
STUVWXYZcdefghij\
stuvwxyz\x82\x83\x84\x85\x86\x87\x88\x89\
\x8a\x92\x93\x94\x95\x96\x97\x98\x99\x9a\xa2\xa3\xa4\xa5\xa6\xa7\
\xa8\xa9\xaa\xb2\xb3\xb4\xb5\xb6\xb7\xb8\xb9\xba\xc2\xc3\xc4\xc5\
\xc6\xc7\xc8\xc9\xca\xd2\xd3\xd4\xd5\xd6\xd7\xd8\xd9\xda\xe2\xe3\
\xe4\xe5\xe6\xe7\xe8\xe9\xea\xf2\xf3\xf4\xf5\xf6\xf7\xf8\xf9\xfa\
\xff\xda\x00\x0c\x03\x01\x00\x02\x11\x03\x11\x00?\x00\xfdS\
\xa2\x8a(\x00\xa2\x8a(\x00\xa2\x8a(\x00\xa2\x8a(\x00\
\xa2\x8aJ\x00Z)(\xa0\x05\xa2\x92\xa2\x99\xf6\xb5\x00\
I\x8fJk\x0e~\xeej\xa4\xb7\xf1[\xa1ieH\
\x97\xfb\xd2\xfc\xb5\xc4x\x87\xe3\xd7\xc3\xdf\x0a\xbb&\xa9\
\xe3]\x06\xceD\xfb\xc9&\xa3\x10o\xfb\xe7u)J\
1\xdd\x9bS\xc3\xd6\xac\xedN\x0eG\xa1m\xa3o\xf9\
\xc5xu\xf7\xed\xa9\xf0b\xc7;\xfcya.\xdf\xf9\
\xf7\x8eI\x7f\xf4\x15\xac\xdf\xf8n\xff\x00\x82{\xbf\xe4\
p\xff\x00\xca}\xcf\xff\x00\x11\x5c\xff\x00Y\xa3\xfc\xe7\
\xa7\x1c\x973\x96\xd8j\x9f\xf8\x0b>\x83\xdd\xfesA\
\x22\xbc*\xc7\xf6\xd8\xf8-xv\xaf\x8emb?\xf4\
\xf1\x04\xd1\x7f\xe8H+\xad\xd0\x7fh\x7f\x86\xbe$\x93\
\xcb\xd3\xbcw\xa0\xdc\xcb\xff\x00<\xc5\xfcj\xff\x00\xab\
U\xc6\xb5)|20\xa9\x95\xe3\xe9G\x9a\xad\x09G\
\xfe\xddg\xa6QTm\xef\xad\xef#\x12\xdb\x5c%\xc4\
M\xf7Z'VZ\xb6\x8f\xbdkc\xcei\xad\x18\xfa\
))h\x10QE\x14\x00QE\x14\x00QE\x14\x00\
QE\x14\x00QE\x14\x00\x8dE\x0d\xf7M\x14\x00\xb4\
QE\x00\x14QE\x00\x14QE\x00\x14RQ@\x09\
\xf7\xa8\xa3\xf8k\x9e\xf1w\x8e4_\x02h\xb7\x1a\xbe\
\xbb\xaaZ\xe9:m\xb8\xcc\x97WR\x04AG\xa9P\
\x84\xaaK\x96\x0a\xec\xdaV!@'\xf2\xae\x7f\xc5~\
8\xd1|\x0b\xa4\xcb\xa8x\x83V\xb1\xd1l\x97\x9f\xb4\
_N\xb1\x8f\xd7\xad|_\xf1G\xf6\xff\x00\xd6\xbca\
\xab\xff\x00\xc2/\xf0w\xc3\xd77\xd7\xb3\xfc\xb1\xeaw\
\x16\xcd,\xb2\xff\x00\xb5\x04\x1f\xfb3\xff\x00\xdf5\x95\
\xe1/\xd8g\xe2\x0f\xc5\xbdR\x1f\x11|c\xf1e\xd5\
\xa37\xce\xf6\xbew\xda\xae\xb6\xff\x00sw\xfa\xa8?\
\xe0\x15\xe7<W7\xbbB<\xdf\xfaI\xf6\x94xe\
ai\xc6\xbeq_\xd8\xc7\xf9w\xa9/\xfbt\xf4/\
\x89\x9f\xf0R_\x05\xf8u\xde\xdb\xc2:M\xf7\x8a\xee\
\xf7l[\x89?\xd1mw\x7f\xc0\xbev\xff\x00\xbek\
\xcd\x97\xe3\x07\xedY\xf1\xe1\x9f\xfe\x11}\x06o\x0c\xe9\
\x92\xfd\xd9`\xb5[T\xdb\xff\x00]\xe7\xf9\xbf\xef\x8a\
\xfa#\xe0\x9f\xc3\x9f\x82\xde\x17\xf1\x05\xe6\x8f\xe0].\
\xc7T\xd5\xf4\xb5Qy\xaa\x94\xfbc\xc6\xfd\x95\xae[\
\xe5Y?\xd8Z\xfa\x0dc\xda\x9d\xc7\xb0\xa9\xf6\x15\xaa\
\xff\x00\x16\xa7\xfe\x02tK6\xca\xf2\xd9{<\x0e\x0b\
\x9a_\xcdW\xde\xff\x00\xc9v??-\x7f`_\x8a\
\xdf\x10\xa6\xfbO\x8f\xfe$(\xdd\xf34Fy\xef\x9b\
\xff\x00\x1ftZ\xeb|?\xff\x00\x04\xd7\xf8}\xa7\xbc\
Qj~-\xd5\xf5\x0b\xb6\xeb\x15\xa9\x82\xd87\xfc\x07\
c5}\x8f\xadh\xf6\xbe$\xd2\xaet\xfb\xe8\x16\xe6\
\xc6\xe16\xbcR}\xd6_C_&\xfe\xc6\xbe\x13\xd2\
\xfc;\xf1\x9f\xe3f\x98\xb6j\xf7\x9aF\xb2\xb1\xd9\x5c\
M\xfb\xd9m\xed\x9c1\xf2\x95\xdb\xe6\xdbD\xb0\xb4a\
(\xc7\x97\xe25\xa7\xc4\x99\xa6/\x0fZ\xac+{?\
g\xf6c\x18\xc7\xfb\xa4Z\xf7\xec\xa1\xfb5\xfc7\xba\
\x8e\xcf\xc4\xfa\xa7\xd9o\x1d7\xac\x1a\x96\xb8\xc9+/\
\xfb\xaaV\xbb\x0b\x8f\xd8\xc7\xe0%\x9e\x82\xfa\xbd\xc7\x87\
\x99t\xc5\x83\xedMt\xf7\xf7?\xea\xb6\xee\xdf\xf7\xeb\
{\xf6\xb4\xd3m\xa1\xf0\xe7\x82\xf5\xe6\xb6\x8ei\xb4\x9f\
\x17iS\x99Y~eW\xb8\x117\xfe\x8d\xafth\
U\x98\x822\x1f\xadk\x1c=\x1b\xca<\xb1<z\xb9\
\xd6e\xec\xa9T\xfa\xcdOz\xfc\xde\xf7c\xe4\xff\x00\
\x0f~\xc6\x9f\xb3\xef\xc4\xbd.MG\xc2\xc1\xf5\x0d;\
s(\xbb\xd2u\xa7\x99\x15\xbf\xbb\x9d\xedY\x1a\xe7\xfc\
\x13G\xe1\xfd\xf2\xbf\xf6w\x88\xf5\xcd:OYZ;\
\x95\x1f\xf7\xd2\xadp_\x08<e}\xf0\x03\xe2\x14~\
2\xbbQo\xf0\xbf\xe2&\xb9\x7fk7\x94\xbbb\xd3\
\xee\xa2\xba\x95-\xdf\xfd\x95u_\xfb\xe7w\xf7k\xe8\
\x8f\xda\x93\xc2\xdag\x8a[\xe1\xdd\xbb\xa4\x91\xea7\xfe\
&\xb3\xb0\x8e\xf6\xd6g\x8aU\x81\xf7K:+\xaf\xf0\
\xb2%rF\x18z\x90\xe6\xf6~\xf1\xeeb1\xd9\xbe\
\x03\x13\x18G\x17/g/\xb5\xf1m\xbe\xfdc\xd4\xf9\
\xf2\xeb\xfe\x09\xe7\xf1\x0f\xc1\x12\x0b\xbf\x00\xfcIT\x99\
~e\x0c\xf3\xd87\xfeCvZ\xa6\xde8\xfd\xac\xbe\
\x04\xb0\xfe\xd8\xd3\xee<W\xa6BrL\x90\xae\xa2\xae\
\xbf\xf5\xd6/\xde\xaf\xfc\x0e\xbe\xf0\x93C\xb7\xd2|&\
\xfa^\x9bu6\x91\x05\xbd\xbb$7bO5\xe1\x5c\
}\xed\xd2\xee\xdd\xff\x00\x02\xaf\x08\xfd\x91\xfe+|F\
\xf8\xc7\xa3\xdekZ\xfc\xba$\xde\x1b\x8a\xfa{;{\
\x98\xad\xa4\x82\xf6\xe8Fq\xe6\xfc\xad\xe5\xe0\xfbzU\
K\x0bN2\x8ci\xcaQ&\x97\x10\xe2\xb14jV\
\xc6R\xa7^\x11\xfeh\xf2\xcb]\xb5\x89\xc1|<\xff\
\x00\x82\x94x{T\x9a;/\x1a\xf8~\xf3\xc3\x97|\
$\x976G\xedV\xe8\xdd\xf7/\xcb\x22\xfeM_U\
\xf8\x1b\xe2W\x86>%i\xa2\xfb\xc3\x1a\xf5\x9e\xb7j\
\xc0|\xd6\xb2ne\xff\x00y~\xf2\xff\x00\xc0\xab\xc4\
~+^|\x16\xf1\xe7\xc5)\xbe\x1dx\xf7\xc3\xb0\xc3\
\xe2f\x8e)m/\xa5\xb7\xf2\x9e\xe1d\xe1\x1a)\xe3\
\xf9\x95\xb7\xe5v\xb7\xa5x\xe7\x8e\xbf\xe0\x9f\xbe&\xf0\
&\xa8\xde\x22\xf8?\xe2\xcb\xc8/`\xf9\xe2\xb1\xba\x9f\
\xc8\xb8O\xf6\x16u\xf9[\xfe\x07W\x19bi\x7fz\
?\xf91\x9dL&G\x8eQ^\xf6\x12\xa4\xb5\x8f7\
\xbdM\xff\x00\xdb\xdb\x9f}+\x97\xdb\x83\x81R\xee\xce\
F0+\xf3\xeb\xc0?\xb77\x8d\xfe\x14x\x81|/\
\xf1\xa3\xc3\x17\xd2K\x1f\xc9\xfd\xa1\x0d\xb7\x95v\x8b\xfd\
\xf6\x8b\xee\xce\xbf\xed\xa7\xfe=_i|=\xf8\x91\xe1\
\xbf\x89\xba,z\xc7\x85\xb5\x8b]^\xc6O\xbc\xf07\
\xcc\x9f\xec\xb2\x1f\x99[\xfd\xea\xec\xa3\x88\xa7_\xe1>\
s2\xc8\xf1\xb9_\xbdZ7\x87\xd9\x94}\xe8\xcb\xe6\
v\xd4\xb4\xcd\xdb\xa9\xd5\xd0x\x22\xd1E\x14\x00QE\
\x14\x00QE\x14\x00\x8d\xf7M\x147\xdd4P\x02\xd1\
E\x14\x00QE\x14\x00RR\xd3wP\x04L\xc0d\
\xf6\xfet4\x81r1\xda\x99+\x94\x5c\xe3'\xf9W\
\xc6\x7f\xb5W\xed\x99.\x87\xaaM\xe0\x1f\x86{\xb5\x1f\
\x15\xcb/\xd9nu\x0bu\xf3~\xcd#|\xbeT\x0b\
\xfcs\xff\x00\xe85\x95j\xd1\xa1\x1ei\x1e\x9e[\x96\
bsJ\xde\xc7\x0f\x1f\xf2\x8f\x9b='\xf6\x92\xfd\xb0\
\xbc5\xf0&\xd5\xf4\xd8\x1e-w\xc5\xce\xb9\x8fJ\x89\
\xc6\xd8?\xdb\x9d\xff\x00\x81\x7f\xd9\xfb\xd5\xf3'\x83\xfe\
\x04\xfcW\xfd\xb2\xb5\xcb\x7f\x17|G\xd5\xeet/\x0a\
\xe7u\xb24[7/\xfd:\xc1\xfc+\xff\x00M_\
\xff\x00\x1e\xae\xd3\xe0\xaf\xec\x9f\xa3|1\xb0?\x11>\
1H\xda\xe7\x88d\x9de\x83Gc\xf6\x9c];|\
\x8a\xcb\xff\x00-\xee]\xff\x00\x84|\xb5\xed~0\xf8\
\xb5\xf1{\xc3P\xc9\xabX\xfc\x1f\x8fQ\xd1b]\xcd\
i\x0e\xb6\x8d\xa9y_\xde\xf2\x956\xee\xff\x00a\x1d\
\xab\xce\xe5\x9e#\xdf\xc4|?\xcb\xfeg\xdc\xd3\xc4P\
\xcaW\xd5rnYV\xfbU\xa5e\xff\x00n\xd3\xe6\
\xfc\xc9n\xbc;\xe1\xaf\xd9'\xe1\xdc\xf7\x1e\x0a\xf0\x05\
\xf6\xb3:B\xf2\xcc\xdaj$\x97\x12\xec]\xcc\xf3\xce\
\xff\x00\xc3\xfeUk\xa0\xf8\x07\xf1\x01\xbe8|$\xb2\
\xf1\x1e\xa2l'Mae\xf3,m\xa3o.\x04\xdd\
\xb5\xa0m\xdf}\xba\xeel/\xde\xe9G\xc0\xff\x00\xda\
\x1b\xc2?\xb4\x06\x8dt\xda3\xcfk\xa9Z\x8d\x97\xda\
6\xa0\xbb.-\x8f\xfbI\xfcK\xfe\xd5x\xc7\xc1\x99\
\x8f\xec\xd7\xfbLk\xdf\x0b\xee\x9f\xc9\xf0\x87\x8b\x8bk\
>\x1d,~H\xa7\xff\x00\x96\xb0/\xfd\xf2\xc3\xfe\x02\
\x9f\xde\xae\xbeh\xc5\xc7\x93\xe1>rXz\xb8\x8au\
\xe1\x89\x8f\xfbD}\xef{yG\xaf\xf9\x9d\xb4\xdaM\
\x8f\xec\xf5\xf1\xdfJ\xbe\xd3\xad-\xf4\xcf\x04\xf8\xebn\
\x97yok\x12Gog\xaa\xc7\xff\x00\x1e\xf2\xed_\
\xbb\xe6\xa6\xe8\xbf\xdeD\xaf\xa3\xad\xcf\x06\xb8\x0f\x8c\xfe\
\x03\xb4\xf8\xa1\xf0\xd3^\xf0\xf5\xd3\xf9\x0f=\xab=\xb5\
\xcf\xf1[\xce\xbf<R\xa3\x7fy\x19U\xbf\x0a_\x81\
\xfe0\xbd\xf1\xcf\xc2\x1f\x08\xeb\xfa\xac^F\xa5\x7f\xa6\
\xdb\xcdr\x9f\xf4\xd0\xa0\xdc\xdf\xfb5m\x1fv\x5c\xa7\
\x8f\x88\x97\xd6(\xc3\x11/\x8a>\xec\xbfO\xf2\xf9\x1d\
\xeb\x106\xf3\x9a\xf9G\xe1}\xd4^\x10\xfd\xba\xbe-\
\xe92\x11\x11\xd7t\xbb-N\x05\xff\x00\x9e\x9b\x15C\
~\xac\xd5\xf5kH\xa3\xe5\xdb\xba\xbcW\xe3_\xc2?\
\x05\xf8\xb3Z\xd3<Y\xaax\x8aO\x05\xf8\x9bIR\
\xb6z\xfd\xa5\xf4v\xb2\xaa\xff\x00q\xb7|\xae\x9f\xec\
\xb5Eh\xbb\xc6\x7f\xcate\xb8\x88\xd2Uh\xd4\xf8\
jG\x97\xf1M~D\x7f\xb6\x02\xee\xfd\x9f\xfcG'\
\xfc\xb5Yl\xda\xd4\x7f\x13O\xf6\xa8\xb6/\xfd\xf5\x8a\
\xf5\x1d{W\x1a/\x85\xf5=Je\xf2\xfe\xcbe,\
\xee\xcczmM\xc6\xbc\x0e\xeb\xe2'\xc2]?P\xd3\
f\xf1\x9f\xc6\x0b\x0f\x15\xcf\xa6J\xb3\xdb[\xdc]\xc0\
-\xe2\x95~\xec\xad\x14\x0b\xb5\x9d\x7f\xbe\xdfv\xacx\
\xe3\xf6\x8b\xfd\x9f>$hsh\xba\xf7\x8e\xacn\xf4\
\xe9~\xfcP\xdc\x5c\xc0\x1f\xfd\xe6\x88\xae\xe5\xa9\xf6\x91\
\xe6\x94\xb9\x8e\x9f\xa9\xe2eN\x95\x1fc)F2\x94\
\xb9\xb9_\xda\xb6\xdfp\xef\x87?\x084\xef\x8a_\xb1\
\xcf\x86\xbc\x1d\xaeD\xab\x16\xad\xa2\xa5\xcf\x9b\xb7sA\
<\xbf\xbdY?\xdeWj\xf2O\x82>9\xf1\x16\xb3\
\xf13\xe1\xf7\xc2\x9f\x18\xa4\x9f\xf0\x93x\x0fU\xbd\x96\
\xe2g\x1f-\xcd\xbcvn\x96\xd3n\xf7\xf3\x87\xfc\x07\
m{_\xc3\x1f\x8d\x1f\x03\xfc!\xa2\xc1\xa0\xf8{\xe2\
.\x9a,a\xf9m\xe0\xd4uFq\x0a\xf1\xfb\xb5i\
O\xca\xa3\x1fv\xba\x9d\x17\xc2\xbe\x0a\xf1g\xc5\xcb?\
\x88\xfa.\xaf\xa7\xdf\xebP\xe9\x92\xe9r\x9b\x0b\x98\xe5\
\x13\xc6\xce\x8e\xac\xfb\x7f\x89v\xbf\xfd\xf6k/g\x19\
r\xf2H\xeeX\x9a\xb8\x7f\xacR\xc5R\x97,\xb9\xa5\
\x1b\xabr\xca_\xf07)\xfe\xd6^<\xff\x00\x85{\
\xfb?x\xcfRV\xdbw%\x9bY\xdbm\xfe)f\
\xfd\xd2~\xae+C\xf6e\xf0\x17\xfc+\x9f\x80\xfe\x0b\
\xd1\x19B\xdcE\xa7\xac\xf3\xfc\xbf\xf2\xd6_\xde\xbf\xea\
\xc6\xbc\xcf\xf6\xb4\xf8c\xf1\x17\xe2\xccz\x0e\x99\xa4\xe9\
\xda]\xff\x00\x85luH5\x1b\xbbXo<\xbb\xdb\
\xa4N\xb1mt\xf2\xbf\xbd\xfcu\xf4\x8e\x939\xba\xd3\
m\xe50Ih\xcc\x8a\xc6\xdem\xbb\xe3<|\xad\xb4\
\xfd\xea\xde<\xde\xdaR<\xca\xd3\xa7K,\xa7B\x12\
\xf7\xa5')~Q\xfdO\x98\xb4\xc5\x17?\xf0Q-\
c\x85\xff\x00F\xf0l\x7f\xf0\x0c\xc8\xbf\xfc]{\xbf\
\xc5\x1f\x1eY\xfc9\xf0u\xee\xaduy\x1d\xac\xbb|\
\xab=\xd04\xed5\xcb\xf1\x14I\x12|\xd2\xb37\xf0\
'5\xf3\x06\xa5\xe3\xeb\x1f\x01~\xdc>=\xd5\xae\xd2\
[\xab\x8f\xf8F\xed,l4\xeb%\xf3n\xaf\xae\x5c\
\xc6R\x08\x93\xfb\xdf{\xfd\x95\xfb\xcd^\xed\xe0_\x86\
z\xa6\xad\xafC\xe3\x7f\x1e4\x17>&Ue\xd3\xf4\
\xb8[}\xa6\x8b\x0b\x7f\x04\x7f\xdf\x9c\xff\x00\x1c\xbf\xf0\
\x15\xda\xb54e\xf1r\xff\x001\xdb\x99\xd2\x8c%B\
\xa5\x7f\x85S\x87\xfd\xbd\xee\xdf\xfaf=\x9e\x82>5\
|1\x0b\xf1\xaf\xc1\x1aV\x8b>\xd5g\x8ek\xd5\x91\
#\xdd\xfck'\xde\x85\xb7`m\xdd\xf8\xd7\xcb\xff\x00\
\x10\xbfe_\x88\xdf\xb3^\xb9/\x8d>\x10\xeb\x17\xfa\
\x86\x99\x17\xcf%\x9cg}\xd4q\x7fvH\xbe\xed\xcc\
\x7f\xf8\xfd}\x15\xfb]\xfc^O\x06\xf8-<\x1d\xa3\
\xd9.\xb7\xe3?\x16\xee\xd3\xb4\xdd,\x0d\xc1\x95\xbeW\
\x95\x97\xfb\xaa\x1b\xfe\xfa\xff\x00v\xaax?I\xf1\xd7\
\xec\xc7\xf0\xcfN\xb8\xd6\xb5y\xbcu\xe1\xdd.\xd1[\
V\x82Not\xdd\xa9\xf3\xbd\xb3\x7f\xcbx\x97\xfey\
?\xcd\xf2\xfc\xad\xfc\x15\x8djp\xad._\xe5\xfbG\
\xa3\x97\xe3\xb1\x98\x0a>\xda\xf1p\xa9-(\xcb\xe1\x94\
|\x8a_\xb3_\xed\xad\xa0|c\xf2t\x1f\x10y^\
\x1c\xf1\x8b\xfc\x89\x13?\xfa=\xeb\x7f\xd3&o\xba\xdf\
\xf4\xc9\xb9\xe7\xf8\xab\xea?0\xe0ek\xe4\x0f\xda\x0b\
\xf6;\xd0~8h\xe9\xe3\x7f\x02\xf9z\x1f\x89\xee\xa2\
[\xe5\xc2<\x16\xfa\x86\xe4\xdc\xac\xeb\xff\x00,\xe5\xff\
\x00k\xfe\xfa\xaeG\xf6l\xfd\xb1u\x7f\x07x\x83\xfe\
\x15\xaf\xc6!=\x95\xfd\xb4\x9fe\xb6\xd6/\xfeW\x8d\
\xbf\x82+\x9f\xfd\x96_\xfb\xeb\xfb\xd4\xa9\xd6\x95){\
*\xdf\xf8\x10b\xf2\x8c>iFX\xcc\x9f\xec\xfcT\
\xfe\xd4\x7f\xc3\xfc\xd1>\xf5\xa2\xa1\x8a\xe5&PP\xe6\
\xa5\xcdz'\xc2m\xb8\xb4QE\x00\x14QE\x00#\
}\xd3E\x0d\xf7M\x14\x00\xb4QE\x00\x14QI@\
\x0d*\x0fZd\xd3,i\xf3R\x9e\x98\xcek\xe5\xdf\
\xdbS\xf6\x9a_\x83>\x17M\x03A\x9d[\xc6:\xba\
\x91\x09\x8f\xe6k(3\xb5\xe7#\xfb\xdf\xc2\xbf\xed\x7f\
\xbbYT\xa9\x1aQ\xe6\x91\xdd\x81\xc0\xd6\xccq\x11\xc3\
P\x8f\xbd#\x85\xfd\xb0?j\xbb\xeb]X\xfc/\xf8\
k$\xf7\x9e(\xbbu\xb5\xbd\xbb\xb1\xf9\xa5\x85\x9b\xa4\
\x10\x7f\xd3V\xe7s\x7f\x05w\x1f\xb2_\xec\x89a\xf0\
_O\x87^\xf1\x14P\xea>:\xb9\x8f\xe6\x93\xef%\
\x82\xb7\xfc\xb2\x8b\xfd\xaf\xef5`~\xc6\x1f\xb2\xfb|\
8\xd2?\xe1=\xf1m\xac\xd2\xf8\xcfQ\x8d\xa5\x82\x0b\
\x8f\x9a[\x18\x9b\xe6\xff\x00\xbf\xef\xfc_\xf7\xcf\xf7\xaa\
-G\xe3\xe7\x8c~\x14\xfcfm\x7f\xe2\x7f\x86o4\
o\x01kP\xc5g\xa5\x5cC/\x9e\x9ai\xdd\xbb\xfd\
!W\xe5\xf3_\xe5f\xfe\xee\xcf\x97\x7f\xcf^tS\
\xe6\xf6\xf8\x8f\xff\x00d\xfb\xccD\xd4iO&\xc9\xa5\
\xee\xc7\xe2\x97\xda\xa9.\xcb\xfb\xbeH\xec?i?\x18\
\xc7\xe0\xdf\x8d_\x02f\xd4\x5cG\xe1\xd7\xd5n\x96f\
\x93\xee-\xc3C\xe5D\xcd\xfe\xef\x9a\xd5\xf4~1!\
\xe0\x15^\x84\x9a\xf2\x1f\x8e\x1f\x0a\xb4\x1f\xda[\xe17\
\xf6l7\xf0\xb8\x9d\x12\xf7J\xd5\xad\xdcH\xb1\xcb\xfc\
/\xb9~\xf2\xb0\xf9[\xd8\xd7\x90\xfc3\xfd\xa1|i\
\xf0r\x18\xbc\x15\xf1\x9b\xc2\xda\xc8\xb8\xb3_*\xd3\xc5\
\x1aU\x8c\xb7\xf6\xf7Q/\xdc\xf3L@\xfc\xdf\xed\x7f\
\xdfJ\x95\xd7\xcf\xec\xeaK\x9b\xe1\x91\xf3\x7fS\xfe\xd0\
\xc1S\xfa\xbf\xf1i\xde2\x8f\xda\xb5\xef\xcc\xbb\xf6e\
o\xda#\xc0\xcd\xf0_\xe3\x9f\x81>/xb5\xb3\
]SX\x8bG\xd7\xadb\xf9\x16u\x9c\xed\xdd\x8f\xef\
7\xf1\x7f\xb4\xa8\xd5\xed\x9f\xb4\x07\xc0;\x1f\x8e\xde\x1d\
\xb1\xb6k\xf9tM{J\xb9\x17ZN\xb1n\xbb\xa5\
\xb5\x97\x1f\xfa\x0fO\xfb\xe6\xb15\xa5o\xda\x06\xfb\xc3\
\x8a\x9au\xf5\x9f\x82t}F=fmCT\xb6k\
g\xbe\x96\x1f\x9e(\xa2\x8aQ\xbbf\xfc33\x05\xfb\
\x9bW\xbds\xbe4\xfd\xa85?\x17k\xd7^\x0b\xf8\
+\xa4\xc7\xe2\xcdv\x16\xd9y\xe2\x0b\x87\xff\x00\x89V\
\x99\xfe\xd3K\xff\x00-\x1b\xd8\x7f\xe3\xd5\x9c\xa3N\x1c\
\xdc\xdf\x0c\x8e\xa8\xd4\xc7\xe2>\xae\xe9\xff\x00\x12\x8c}\
\xe9v\x8f\xd9\xe6{\x7fV5/\xb4\xff\x00\x12\xf8G\
\xc1\xb2\x1f\x8c\x7f\x154\x88|6\x91ySKcg\
\xf6\x09o\x97\xfb\x8f+;\xfd\xef\xee\xc4\xaa\xcd\x5c\xed\
\xbf\xedG\xad\xf8\xd2\x15\xd2\xfe\x08\xfc9\xbd\xf1\x06\x9f\
\x0a\x88\x22\xd6\xf5$\xfb\x06\x97\x0a\xaa|\x9b7}\xe5\
\xfam\xaf\x9f\xbcu\xe3/\x87_\x0eu\xc7\xd4\xbco\
\xaa\xcf\xf1\xe7\xe2|m\xf3G4\xbb4]9\xff\x00\
\xba\xa9\xf7~_\xee\xfc\xdf\xf0\x0a\xf1\xcf\x89\x1f\xb4\xdf\
\xc4/\x8a\x01\xedo\xf5\xb6\xd1\xf4b\xbbc\xd1t_\
\xf4[U_\xeee~v\xff\x00\x81W\x99[\x1d\x0a\
>\xef\xff\x00\xb4}\xb6[\xc2u\xb3\x1f\xde\xca\x17\xfe\
\xf4\x97,?\xed\xd8G\xde\x97\xab\xe5G\xd3\xbe>\xf1\
~\xb1\x1b2\xfcX\xfd\xa1\xed|>\xd8\xdb'\x87\xbc\
\x03o\x99S\xfd\x96\x95w\xbf\xfd\xf4+\xc6\xef>#\
~\xcf\x1a\x15\xcb<\x1e\x00\xf17\xc4\x1b\xe5\xff\x00\x97\
\xef\x13\xea\x8e\x9b\xbf\xe0%\xff\x00\xf6J\xf9\xc5\x11S\
\xee\xae\xca+\xca\xab\x8f\x9c\xbe\xcf\xfe\xdc~\x9b\x83\xe1\
\x0c=\x08\xf2\xd4\xab'\xfe\x1fr?\xf9.\xbf\x89\xf4\
2\xfe\xd6\x1a\x16\x92v\xe8_\x04|\x0f`\xab\xf7|\
\xf8D\xed\xff\x00\xa0%H?m\x8dd\x7f\xcd6\xf0\
\x06\xdf\xee\xff\x00e\x1f\xfe.\xbeu\xa2\xb1\xfa\xee#\
\xf9\x8fI\xf0\xbeR\xfe*\x5c\xdf\xf6\xf4\xbf\xcc\xfa&\
O\xda\xebH\xd5\x97n\xb7\xf0O\xc0\xba\x82\x7f\x17\x97\
k\xe57\xfe\x80\xf4\xeb?\x8a\x9f\xb3\xf6\xbdp\xaf\xa9\
\xfc,\xd6\xbc\x19}\xff\x00A\x0f\x0a\xeaL6\x7f\xc0\
C'\xfe\x81_:QDq\xb5~\xd9\x94\xf8[-\
j\xd4\xb9\xa3\xfe\x19K\xfc\xcf\xb8\xfc\x05\xe2\xa5c\x10\
\xf8U\xfbF\xcb\xe6\x1f\xf5~\x1d\xf8\x81\x1e\xfd\xdf\xec\
o\x97\x07\xfe\xf8\xaf^_\xda{\xc7\xdf\x0b\xc2G\xf1\
o\xe1\xc5\xc5\xbe\x98>\xf7\x89\xbc*\xff\x00m\xb2\xff\
\x00y\xd3\xef\xa5~_?\xce\xbb[\xe7J\xf4\x7f\x86\
_\xb4W\xc4\x0f\x84n\x8b\xe1\xff\x00\x11\x5c\xff\x00g\
\x7f\x16\x95}\xfe\x95j\xc9\xfd\xcf)\xbe\xe7\xfc\x03m\
w\xd3\xcc\xb9w\xf7O\x93\xccx\x1e5\xa3\xfb\x9eZ\
\x9f\xe2\xf7e\xff\x00\x81\xc3\xff\x00nL\xfd3\xf8O\
k\xf0\xbf\xe2\x17\x8c5\x7f\x89\xfe\x11\xbc\xb2\xf1\x06\xbb\
\xa9E\x0c3^\x89\x03\xcbl\x88\xbb|\xb5F\xf9\xa2\
\xff\x00k\xfb\xc6\xba\x0f\x8b\x7f\x1c</\xf0_G}\
C\xc4W\x8dhZ\x17\x96\xda?-\xff\x00\xd2\x19\x7f\
\xe5\x927\xdd\xdf\xfe\xcd|#\xe1\x7f\x89\x1f\x0c~-\
k\x90_,\xb3|\x0a\xf8\x9b\xd2-{F\x93f\x9d\
w'\xfd5N\x8a\xaf\xfe\xdf\xfd\xf6\xd5\xee\xed\xf1\xab\
P\xf0\xc4k\xe0O\xda'A\xd3\xee\xbc?\xa9\x0f&\
\xdf\xc6\x16\xa9\xe7iW\xea~\xe7\x9b\xff\x00<\x9b\xfd\
\xa3\xff\x00\xd9W\xb7O\x15\x07\x1fp\xfc\xa3\x1d\x90U\
\xa3\x89\x8f\xb6\xe6|\xbf\xf2\xee_\x17,\x7f\x96[K\
\xe5\xaf\x91\x07\xc0\x7f\x84>!\xf8\xb1\xa8\xde|i\xf1\
\x96\xa1w\xa3\xf8\xbbZ\x7f3\xc3\x8bk\x87\xfe\xcb\xb3\
\xfe\x0f\x95\xbeVVV\xfb\xac>\xef\xfbM^\xc5\xf0\
\xf2o\x14\xfcR\xd1\xfcEg\xf1\x03C\xd3c\xd1\x16\
\xe5\xb4\xeb{T\x8aE\xfbz\xc6\xcc\x1e\xe9\x95\xbe\xe4\
n\xca\xbb\x17\xfd\x9f\xbck\x97\xb1\xd3\xfe#\xfc#\xd1\
\xact?\x00\xdaZ|B\xf0\xb5\xe0H4{\xdb\xeb\
\xdd\x92h\xd1\xb7\xdd\xf3\xdb\xfe^m\x95~\xeb/\xcf\
\xfc\x1f\xed\xd7\xb5\xeb\x1e$\xb2\xf0\x7f\x86\xa6\xd5|C\
\xa9[\xd9\xd9\xd8\xc1\xe6\xde]\xc8|\xb8\xd7j\xe5\xdb\
\xff\x00\xb1\xae\x8a1\x8cc\xa7\xfd\xbcx\xd9\x96&\xb6\
\x22\xa6\x9c\xb2R\xf7i\xdb\xe2\x8a_e-\xd7\xcf\xfe\
\x09\x99\xf13\xc6I\xf0\xef\xc0z\xff\x00\x88\xd8\xdaD\
\x9a]\xa9\x9dV\xf2_*'\xdb\xfc\x1b\xbf\xda\xfb\xab\
\xfe\xd5x\x0f\xc4O\x86~\x08\xfd\xb9\xbe\x16\xd9\xf8\xa7\
\xc3s\xc7c\xe2\x88\xe0\xc5\xb5\xe4\xb1l\x966\xfb\xdf\
e\xb9O\xe2_\xf6\xbf\xe0I^|5\xb9?l\x7f\
\x89ZL\xbe)\x96\xeb\xc3_\x06-'g\xd1\xeco\
?p\xba\xfc\xf1\x9f\xe2\x7f\xbb\xff\x00\x01\xfe\xef\xdd\xfe\
:\xf4O\x8a\x9f\x12\xb4o\x05\xfcs\xf8Y\xa1\xfc=\
\x16\xf7^$\x9a\xe9t\xbdOJ\xd3B\xb4cJ\xda\
~YB\xfc\xab\xe5}\xf4\xfe\xee\xd7\xfe\xf5gR\xa4\
j\xe9/\x84\xf50\x98*\xf9l\xe0\xa8J_XW\
\x95\xfe\xca\x8d\xbe\x19~\xbd\xb6<\xcf\xf6R\xfd\xa5u\
\x7f\x85\xbe,\xff\x00\x85E\xf1DMe5\xb4\xbfc\
\xd3\xef/[\xe7\xb6o\xe0\x82W\xfe(\xdb\xf8\x1e\xbe\
\xfaI\x17h*\x0f5\xf3o\xed\x85\xfb.\xdb|s\
\xf0\xbb\xea\xda=\xbcP\xf8\xe3N\x85\xbe\xcb \xf9E\
\xdc}\xe0\x97\xff\x00eo\xe1j\xe2\xbfa\xbf\xdaZ\
\xe7\xc5\xf1\xb7\xc3\x8f\x17\xcd,^(\xd2\xd5\xd2\xd2[\
\xa3\xb2[\x88\xe2\xf9^'\x1f\xf3\xd6?\xfcy\x7f\xdd\
5\x95\x19J\x85OcW\xfe\xdd/2\xc2Q\xce0\
\xb2\xcd\xb01\xe5\x94\x7f\x89\x1e\xdf\xde\x8f\xf7O\xb4)\
i\x8a\xcb\xb6\x9f^\xa1\xf0\x81E\x14P\x027\xdd4\
P\xdft\xd1@\x0bE\x14P\x01IKP\xc9\xf7\xa8\
\x03\x88\xf8\xbd\xf1;G\xf8?\xe0=S\xc5:\xbc\xbf\
\xe8\xb61\x17HP\xe1\xe7\x97\xf8\x22_\xf6\x99\xb8\xaf\
\x89\xbfd\xbf\x85\xba\xb7\xed\x15\xf1cT\xf8\xc5\xe3\x90\
.\xac\xed\xef7\xdaB\xeb\xfb\xa9\xaeW\xee*\xff\x00\
\xd38\x17o\xfc\x0f5\x1f\xeda\xe2\xcdK\xf6\x90\xfd\
\xa0t?\x84\x1e\x16\x9f~\x9f\xa7]yW2\xc5\xf7\
~\xd3\xff\x00-\xe5o\xf6b\x8b\x7f\xfc\x0bu}\x89\
\xe0\x9dk\xc1?\x0c5\x8d\x07\xe1&\x95w\x05\xa6\xa5\
k\xa5\x9b\x9bM7\xa3\xb4\x0a\xdbY\xff\x00\xdef\xdc\
\xdf\xf7\xd5y>\xee*\xb7\xbd\xf0\xc7\xff\x00J?B\
\x8c%\x90\xe5\x9c\xb4\xbf\xdeq\x11\xe6\x97\xf7i\xff\x00\
\xf6\xc7\x8f|H\xfd\xa65\x8f\x86\xff\x00\x194\x8b\xbf\
\x11x{Z\xd2>\x14\xc7\xe7X&\xb4\x22\x01'\xbc\
g\x0b\xe6\xca\x98\xdd\xe5/\xcd\xb7\xfb\xd9\xdd\xf3W\xa1\
|O\xf15\x87\xc5\x0d\x06\xd7\xc1\x9e\x1d6>\x22\x9f\
\xc4\xd6\x9el\x97L\xabqka`\xdfz\xe9\x87\xf1\
7\xf0\xc4\xbf\xc4\xde\xc8\xf5\xea\xfe\x22\xf0\xee\x99\xe2\xed\
\x1e\xe3K\xd5\xac\xa2\xd4t\xcb\xb8\xfc\xa9\xed.#\xdc\
\x92\xaf\xa1\xaf\x8f\xf5o\x87\xfe.\xfd\x89\xbcC\x7f\xe2\
\x7f\x01Z\xcb\xe2\xaf\x85\xd7r\xac\xba\xbe\x81'\xcfu\
`\xab\xff\x00-b\x7f\xbc\xca\xbf7\xfe\xcd\xfd\xfa\xe8\
\xa9*\x94\xfe/z'\x91\x83\x8e\x13\x1d\x18\xc6\x8a\xf6\
u\xe3\xf0\xeb\xee\xcf\xfc\xa5\xf8? \xd5\xbc%\xe3o\
\xd8z\xe2]g\xc2\x8fy\xe3\x0f\x84!\xb7\xdf\xe8\xb7\
R\xff\x00\xa5i\x83\xf8\xe5\x89\xff\x00\xbb\xfe\xd7\xfd\xf5\
\xfd\xfa\xfaC\xc1\x7f\x14m\xbcI\xe0\x13\xe3=J\xc2\
o\x0b\xe8n\xadq\x04\x9a\xc4\x8b\x1b\xb5\xb0P\xc2\xe2\
U\xff\x00\x96[\xbf\xba\x7f\xf6j\xc7\xf0\x7f\xc4\xaf\x08\
~\xd2\x1e\x07\xd4/#\xd3\xee\xe4\xf0\x8e\x13\xcd\xb9\xd4\
\xe3\xfb<3\xed;\x9d>\xf7\xce\xab\xb7\xe6\xfe\x1f\xf7\
\xab\xe7O\x1fx\xfa\xc7\xf6\x89\xba\xd4\xb5\xef\x10_\xc9\
\xa2~\xcf~\x14\x9f\xf7\x857#\xf8\x92\xedO\xcb\x1a\
\xaf\xf1\xc5\xbb\x1bW\xe9\xff\x00\x00\x85/c\xac%\xee\
\x9d>\xc6\xa6m>LU>Z\x94\xfe)u\x97h\
\xdb\xac\xdb\xff\x00\x82\x5c\xf1\xf7\xc4\xadC\xf6\x8c\xb1\xd5\
5;\xadb\xeb\xe1\xf7\xc0=9\xf6\xdd\xebS\x1f&\
\xf7^e<\xc7\x17\xf1$M\xf9\xff\x00\xe8+\xf3_\
\xc5o\xdaZM_E>\x0a\xf8s\xa6\xff\x00\xc2\x0b\
\xf0\xea\x03\xe5%\x8d\xa7\xc9u}\xfe\xd4\xed\xf7\xbe\x7f\
\xee\xff\x00\xdf[\xab\x95\xf8\xdb\xf1\xc7T\xf8\xd1\xac[\
\x87\x88i^\x17\xd3\xff\x00w\xa4\xe80\xfc\xb1ZG\
\xfc%\xf6\xfd\xe9\x7f\xda\xaf7\xaf\x9b\xc5c\xa5)Z\
\x07\xee\x9c?\xc2\xf4\xf0\xd4\xe3S\x17\x0d\xbe\x18\xfd\x98\
\xff\x00z_\xcd/>\x9d\x01~E\xdbE\x14W\x94\
~\x90\xb4\xd1\x05\x14QH\x02\x8a(\xa0\x02\x8a(\xa0\
\x02\x8a(\xa0\x03\xefW\xaf|\x1e\xfd\xa3\xf5O\x87Z\
{xk\x5c\xb2\x8f\xc6^\x00\xbc\xfd\xcd\xe6\x81\xa9\x0d\
\xeb\x12\x7fz\x06\x7f\xba\xdf\xec}\xdf\xf7>\xf5y\x0d\
\x15\xbd*\xb3\xa3>h\x1ev?/\xc3\xe64\xbd\x96\
\x22<\xd1\xfe\xbf\x13\xefO\x87\xbe8\xb9\xf8\x13\xa3\xc5\
\xe3/\x87W\xd7~<\xf8\x17;\xff\x00\xc4\xc3Dg\
\xdf\x7f\xe1\xb6\xfe=\x8a\xdf\xc0\x9f\xdc\xff\x00\xf6\xab\xd0\
~+|\x19\xb6\xfd\xa4\x9b\xc2\x9e*\xf0\xff\x00\x8a\xaf\
\xb5\xef\x87\xda\x86\xa1\x0d\xd6\xad\xa0\xc3|\xc2\x0b\x98\xfe\
\xef\x9b\x16\xef\xb8\xc9\xfcQ{6\xdd\xaf_\x01|!\
\xf8\xc5\xaf\xfc\x15\xf1R\xeb\x1a$\xab,R\xfe\xea\xf7\
M\x9f\xfdE\xec\x7f\xc5\x14\x8b\xff\x00\xb3\xff\x00\x0d}\
c\xe0\xbf\x88\x16\x7f\x07c\x8b\xe2\xaf\xc3\xa1q\x7f\xf0\
{Z\xb8\xc7\x89\xfc0\x9f4\xbe\x1f\xb9o\xbf4j\
>\xea\xe7\xa8\xf7\xff\x00wo\xd1\xe1\xb11\xad\x1eY\
\x7f_\xf0\x0f\xc33\xcc\x87\x11\x95b=\xb5\x19{\xff\
\x00f_\xcd\xfd\xd9v\x9fiu\xf5=\x0b\xf6\x94\xd2\
\xec\xb5\x8f\x8b_\x01\xfe\x17\xe9\xd6P&\x9253\xa8\
\xcfc\x1ck\xe5-\xac\x09\xb5Sg\xf7v\xef\xaf\xa0\
<\x17\xf0k\xc0\xdf\x0fo\xaeo|7\xe1]/G\
\xbd\xb8\xff\x00Yqgj\x88\xed\xff\x00\x02\xae\x0b\xc4\
^\x11\xf0\xde\xad\xf1\x1f\xc3\xbf\x1c\xd7_\x80i:N\
\x8f8\x9eg;\xed\xde\xcd\x91\x9dg\x8d\xbf\x85\x97s\
\x7f\xdff\xbd\x0b\xe1\x8f\x8f\xad\xbe'xV\xdb\xc4v\
v\x17\x96Zm\xeb3\xd9\xfd\xb96I4\x1b\xbeI\
\xb6\xff\x00\x0a\xb0\xf9\x97w\xcd\xcd{4\xe3\xefJR\
?4\xc6b*<5:T\xe5+E{\xdf\xe2r\
l\xe7|i\xfbL|4\xf0\x0f\x89S\xc3z\xef\x8a\
\xedmu\xac~\xf2\xda8\xe4\x94\xc3\xff\x00]\x0a+\
l\xff\x00\x81W\xcb?\xb6\x9f\xc2\x1b\x8f\x0f\xea\x9ao\
\xc7\x7f\x87\xb3\xacRE4WW\xb7\x1a{nP\xdf\
\xf2\xca\xf1v}\xe5o\xb8\xde\xcf^\x81\xfb\x0f\xe8v\
\x9a\xc6\xb9\xf1\x87\xc4\xf76\xe96\xafs\xe2\xbb\xabW\
\xba\x95w?\x96\xa7p_\xfcz\xbb\xef\x86\xa9\x06\xb9\
\xe3\x0f\x8a\xde\x0c\x87Gf\xf0\x043\xa5\xbc\x0f,{\
m\xfc\xf9c\xff\x00L\xb5\x8b\xfd\x95\x7f\x9b\xe4\xf9U\
\x9d\xeb\x9aP\xfa\xd5;\xcb\xfe\xdd=\x9c5H\xe4X\
\xd9J\x87\xbc\xa1\x18\xfbNkr\xca2\xb74\x7f\x1f\
3\xa9\xfd\x9d~5X\xfcr\xf8k\xa7\xf8\x8e\x0d\x91\
_c\xec\xda\x85\xa2\x9e`\xb9_\xbe\xbf\xee\xff\x00\x12\
\xff\x00\xb2\xc2\xbdO\xcc\xdc\xacq\xd2\xbf7~\x16j\
\x17\xbf\xb1\x8f\xedQy\xe0\xddVy\x7f\xe1\x10\xd6\xdd\
c\x8ay~\xe7\x95+\xff\x00\xa2\xcf\xfe\xf2\xb7\xee\x9a\
\xbfHa\xf9\x94\x11Z\xe1+{Zv\x9f\xc5\x13\xc9\
\xe2\x0c\xb6\x9e\x07\x13\x1a\xb8mh\xd5\xf7\xa3\xe9\xdb\xe4\
Y\x1d\x05-%-v\x1f6#}\xd3E\x0d\xf7M\
\x14\x00\xb4QE\x00FW\xa9&\xbc\xb3\xf6\x90\xf8\xa5\
\x07\xc1\xdf\x84\xfa\xf7\x89\x09_\xb7E\x0f\x91b\x8d\xff\
\x00-.d\xf9b_\xfb\xeb\x07\xfe\x03^\xa5#\x05\
\xcd~~\x7f\xc1B<U}\xf1\x1b\xe2\x9f\x82>\x13\
\xe8\xb2\xef\x99\xa5\x8aY\x95[\xfe^go*-\xdf\
\xee.\xf6\xff\x00\x81W.\x22\xa3\xa7JR\x89\xf4\x19\
\x06\x069\x86cN\x9dO\x82>\xf4\xbf\xc3\x12\xd7\xec\
;\xe1\x1b/\x00\xfc8\xf1\x87\xc6\xcf\x18L\xdf\xe91\
\xcf\xe5]\x5c}\xef\xb2\xc6\xc5\xae%\xff\x00zY~\
_\xf8\x05u\xbe>\xf8!\xae\xfcB\xf8_\xa5|[\
\xf0\xfc\x8do\xf1b9?\xe1$\xb4\x92#\x9d\xd1\xb2\
\xeeK\x0f\xf6\x91b\xda\x8b\xfe\xd6\xef\xef\x1a\xfa\x1fA\
\xd1|)\xe1\x9d\x17I\xf8e$6\xd7\x09o\xa4.\
\xcd2XC$\x96\xb1l\x89\x99\x95\xbe_\xbc\xc2\xb7\
|!\xe0\xdd\x1f\xc0\xfa\x0c:>\x85j\xb6\x1a\x5cE\
\xda+h\xd9\x99b\xdc\xdb\x8a\xae\xef\xba\xbf\xec\xd6t\
\xf0\xcb\xd9{?\xea\xe7v;>\x9c\xf1\xb3\xc7E{\
\xd2\x97\xfd\xbb\xc9\xb7/\xa1\xc7~\xcf?\x1a\xb4\xef\x8e\
\x7f\x0el|Al\xabm\xa8F~\xcb\xa9\xd8\x7f\x15\
\xad\xd2\xfd\xf4\xeb\xf7\x7f\x89\x7f\xd95V\xcf\xe2J\xf8\
\xab\xe2\x07\x89\xfe\x18k:E\xfe\x91\xa8\xae\x9e\xf7P\
\xde\xda\xc9\xe6\xc1=\x93\x1d\x8b/\x9b\xff\x00,\xa5\xce\
~W_\xfb\xea\xbcc\xe2\xe6\x93u\xfb'\xfceO\
\x8b\x1a\x0c\x0c\xde\x01\xf1\x0c\xa9m\xe2\xad6\x05\xf9`\
\x95\x9b\xe5\xbaU\xff\x00\xc7\xbf\xde-\xfd\xfa\xee\xf5\xaf\
\x1e[\xfc#\xf8_\xe2\xdf\x8c\x1a\xc5\xb6\xedw^\xda\
\xf6\x16r&%\xf2\xb1\xb2\xc2\xdb\xff\x00\x1f\xf3\x1b\xfd\
\xa9\x1e\xb4\x8dI(\xf2\xcb\xec\x98\xd6\xc0R\x94\x95|\
$y\xa3[\xe0\xef\x19v\xf9~V8\xcf\x8c\xd7Q\
x\xc3\x5c\xd2\xff\x00g\xbf\x02J\xba\x17\x86\xb4\xfbE\
\x9f\xc57\xf6\xa4\x22i\xfar\xff\x00\xcb\xb8\x7f\xef\xbf\
\xf1\x7f\xfbU\xf1\xef\xed\x13\xf1\x92\xd7\xe2\x16\xada\xe1\
\x8f\x0a\xaa\xd8|:\xf0\xda\x9bm\x22\xca!\xb5'\xdb\
\xf2\xb5\xcb\x7f\xb4\xdf\xc1\xff\x00\xd9\xd7\xa3|d\xd7/\
\xbe\x08\xfc\x1c\x8f\xc2\x17W-7\xc4\x9f\x88\x1f\xf1;\
\xf1u\xee\xef\xdfE\x03}\xd8?\xf6O\xfb\xef\xfb\xd5\
\xf2\xbd|\xde;\x13\xf6?\xaf\xf0\x9f\xb8\xf0\x8eKM\
F8\xba\x9e\xf4c\xf0\xff\x00z_j\x7f=\xa3\xe5\
\xea}\xdb\xfb.\xfe\xc6\xbf\x0e\xfe)\xfc\x16\xd0\xfcS\
\xe2(u\x0b\x8dR\xf9\xa7g\xf2/\x9e$EI]\
UUW\xd9Ez\xd2\xff\x00\xc1;>\x0fq\x8b-\
_\xff\x00\x06R\xff\x00\x8d|\x99\xf0[\xf6\xe4\xd7\xfe\
\x0b|<\xb1\xf0\x8d\xaf\x864\xed^\xd6\xc5\xa5\xf2.\
e\xb9h\x9c+6\xed\xad\xb7\xfd\xa7\xae\xff\x00\xfe\x1e\
\x81\xe2p\xa0\x7f\xc2\x09\xa4\xe3\xfe\xc22\xff\x00\xf1\x15\
\xd1G\x13\x80\xf6q\xe6\x8f\xbd\xfe\x13\xe6\xf3\x0c\xab\x8b\
\xe7\x8b\xab,5I{>ir\xfe\xf1|?y\xee\
\xdf\xf0\xee\xcf\x83\xdf\xf3\xe5\xab\x7f\xe0\xca_\xf1\xa3\xfe\
\x1d\xd9\xf0{\xfe|\xb5o\xfc\x19K\xfe5\xe1?\xf0\
\xf4\x0f\x13\xff\x00\xd0\x89\xa4\xff\x00\xe0\xc6_\xfe\x22\x8f\
\xf8z\x07\x89\xff\x00\xe8D\xd2\x7f\xf0c/\xff\x00\x11\
[}k/\xfe_\xfc\x94\xf3\xbf\xb1\xf8\xdb\xfe~K\
\xff\x00\x06/\xf3=\xdf\xfe\x1d\xd9\xf0{\xfe|\xb5\x7f\
\xfc\x19K\xfe4\xd9?\xe0\x9d\x7f\x08\x02\x92\xb6Z\xbe\
q\xff\x00AI\x7f\xc6\xbc+\xfe\x1e\x81\xe2\x7f\xfa\x11\
4\x9f\xfc\x18\xcb\xff\x00\xc4Ts\x7f\xc1O<S$\
d/\x81\xb4\x94o\xfa\xff\x00\x97\xff\x00\x88\xa5\xf5\x9c\
\xbb\xf9\x7f\xf2R\x96M\xc6\xdf\xf3\xf2_\xf81\x7f\x99\
\xf2\xe7\x89|!i\xa1|]\xd4|,&\x90XZ\
\xeb\xed\xa5\xac\xad\xf7\xfc\xaf\xb4y[\xbf\xde\xd9_}\
E\xff\x00\x04\xf5\xf89\xe5+\x1dc\x5c\x19\x19\xff\x00\
\x90\xbc\x7f\xfcM~u\xf8\x9b]\xb9\xf1_\x895M\
n\xefo\xda\xb5\x1b\xc9o'\xd9\xf77J\xfb\xbeJ\
\xce\xf3\x1b\xfez\xc9\xff\x00}W\x8bF\xbd\x08J|\
\xd4\xb9\x8f\xd5\xb3\x1c\x9f3\xcc)a\xfd\x8e2Tg\
\x18\xfb\xdc\xbfk\xf1?K-\xff\x00\xe0\x9c\xff\x00\x09\
\xae\xa3\xdf\x16\xa5\xe2\x09\x93\xfd\x8dE[\xff\x00i\xd4\
\xff\x00\xf0\xed\x9f\x85\xbdE\xf7\x88\xb1\xff\x00_\xeb\xff\
\x00\xc6\xeb\x8d\xff\x00\x82`\xc8\xed\xe1\x9f\x1e+;:\
%\xfd\xbe\xd0\xcd\xf7\x7ft\xd5\xf7.\xe1\xeb\x83_O\
G\x0f\x86\xc4S\x8d_f\x7f?\xe6\xf9\xb6u\x95\xe3\
\xea\xe0\xde2R\xe4\xf3>N\xff\x00\x87l\xfc,\xff\
\x00\x9f\xdf\x11\xff\x00\xe0z\xff\x00\xf1\xba?\xe1\xdb?\
\x0b?\xe7\xf7\xc4\x9f\xf8\x1e\xbf\xfcn\xbe\xb2\xc1\xf4\xfd\
i0}?Z\xe8\xfa\x9e\x1f\xf9\x0f#\xfdf\xce\x7f\
\xe8*\x7f\xf8\x13>M\x93\xfe\x09\xb7\xf0\xaf\x07\xfd7\
\xc4\x9b\x7f\xeb\xfds\xff\x00\xa2\xea\x8d\xc7\xfc\x13\xc7\xe0\
\xfd\xac\x9bnu\xbdr\xdb\xfd\x89\xb5H\xd0\xff\x00\xe8\
5\xf5\xdb\xfc\xa3\x04b\xbf0\xff\x00\xe0\xa3\xc0\xb7\xc7\
\xcd=I\xca\xae\x8b\x0e\xdf\xfb\xfb-rb\xa9\xe1\xb0\
\xf4\xbd\xaf\xb3>\x93\x87\xf1\xd9\xd6{\x8eX%\x8d\x9c\
}\xde\xf7=+\xe3\x17\xecO\xf0\xa7\xc1?\x0b\xfcM\
\xafh\xda\xee\xa76\xafce,\xf6\xd0\xcb\xa9G*\
\xcb\x22\xa7\xca\xbbv\xfc\xd5\xf2\xdf\xc0\xcf\x8c\x17\xdf\x04\
<d\xd2_\xda\xcbs\xe1\xddJ?\xb3k\xba5\xc4\
_-\xc5\xb3\x7f\x1e\xc7\xfe%\xfe\x1f\xfb\xe2\xb9?\x86\
\xfa\xa4^\x1c\xf8\x8d\xe1]Q\xfeD\xb3\xd6-g\x7f\
\xf7\x16T\xaf\xa5\xbf\xe0\xa4\x9e\x1d\xfe\xcd\xf8\xc9\xa0k\
(\x83\xc9\xd4\xf4\x8d\x9b\x97\xf8\x9e)[\xff\x00eu\
\xaf\x15\xce3\x8f\xd6)G\x97\x94\xfd^\x8e\x1e\xae\x13\
\x13\x1c\x8f3\xab\xed\xa3^2\x974\xbe\xcf/N\xbe\
\xa7\xaf\xfc*\xd4,>\x0fx\xca?\x86\x17\xb7\xab\xac\
\xfc\x1f\xf1\xfc\x12O\xe1=A\xa4\xdd\x0c^jf[\
&oG\xdf\xf2\x7f\xf6U\xddj\x1f\x12\xfcE\xfb?\
\xf8N/\x09K\xe0/\x11x\xb9\xb4\xf8>\xcd\xa2\xea\
Z\x15\xb0\x9e\xde\xee%\xf9bY\xf6|\xd0\xc8\xab\xb5\
_\xe5\xc7\xcaY}+\xe4O\xd9\xd7X\x8b\xe3\x07\xc3\
\xedg\xe0\xa6\xafvm\xf5%\xdd\xacxGPg\xd8\
\xd6\xb7\x91|\xfeZ7\xf7\x7f\x8b\xf1z\xfb{\xf6w\
\xf8\xc9}\xf1K\xe1\x0c\x97\xf7\x96\x8f/\x8ct1-\
\x86\xab\xa6\xee\x0a\xedy\x02\xff\x00\xe3\x9eg\x1f\xf7\xd5\
{\x18z\xbe\xda\x1e\xef\xbb\xfdl~S\xc4\x19|\xb2\
\xfcL\xddh\xf3\xf2\xcb\xde\xe9\xcd\xfc\xb3\xd3\xbe\xcf\xcf\
\xd4\xc7\xfd\x8a\xfe\x19x\x8f\xe1\xbf\xc3MN\x7f\x16Z\
}\x83\x5c\xf1\x06\xab>\xaf=\xab6^\x01.\xdd\xa8\
\xff\x00\xedq^\xf1\xa9jv\xba=\x95\xcd\xdd\xc4\xb1\
A\x04(\xd2\xbc\xb3>\xc5_\xf7\x9b\xf8k\xe5\xddO\
\xf6\xdco\x16\xdd\x7fb|&\xf0N\xb1\xe3\x0f\x10\xb2\
\xe2i.\xe1{[[\x17\xfe$\x95\xcfu\xff\x00\x80\
\xaf\xfbu\x15\xbf\xec\xaf\xf1\x03\xe3E\xc4:\x8f\xc6\xdf\
\x1bOuc\xbb\xcd_\x0ax}\xfe\xcfh\x9f\xec\xbb\
\x7f\x1f\xf9\xf9\xab\xa6\x9dH\xc6>\xce\x8f\xbcxX\x9c\
\x0dZ\xb5\xa5\x8c\xcc\xe7\x1a<\xdfg\xed|\xa3\xfev\
0\x7fl?\x0a\xe9_\xb4G\xec\xed\xa4\xfcP\xf0\xca\
4\xf7\x1aL\x1fm\x1b~\xff\x00\xd8\xdb\x0bq\x13\x7f\
\xb4\x8c\xbb\xbf\xe0\x0d^\xbd\xfb\x1a\xfcb\x93\xe2\xf7\xc1\
].\xe2\xf2_7\x5c\xd2\x7f\xe2Y\xa87\xf13\x22\
\xfc\xb2\x7f\xc0\xd7k~5\xd7\xfc=\xf8;\xe1\xdf\x86\
z\x0e\xa7\xe1\xbd\x1a\x19!\xf0\xe6\xa2\xce\xcb\xa4\xdcK\
\xe6\xc5\x16\xe5\xdb*.\xef\x9bk}\xef\xf8\x15|s\
\xfb)\xdc\x5c~\xcf\xbf\xb5\x9f\x8a~\x17\xdfK\xe5i\
\xba\xa35\xbd\xb6\xef\xe2h\xbf{n\xff\x00\xf0(\x9d\
\x97\xf0\xac\xe5\xfb\x9a\xd1\xa8\xbe\xd7\xc4z\xb4U<\xd3\
)\xaf\x83\xa3\xef{\x0f\xdeS\xbf\xc5\xcb\xf6\xa3\xf2?\
E\x15\xa9\xf5\x1c}*J\xf5\x0f\xcfDo\xbah\xa1\
\xbe\xe9\xa2\x80\x16\x8a)(\x02\x9d\xd3$j\xee\xdf*\
\xa0\xcb5~y\xfe\xcb\xb0\x9f\x8e_\xb6o\x8b\xbe \
\x5c\xaf\x9de\xa4\xbc\xf7PH\xdf\xc1\xbb\xf7\x16\xff\x00\
\xf9\x09\x1d\xab\xeco\xda3\xc6\x0f\xe0?\x81\xfe9\xd6\
\xe3m\x93[\xe9s,G\xfe\x9a2\xedO\xfcy\x85\
|\xdf\xff\x00\x04\xf5\xd2S\xc0\xbf\x00\xfce\xe39 \
\x96i\xaen\xe5t\x86\x14\xdc\xd2\xc5m\x16\x15S\xfd\
\xe6\xdf\xf9\xd7\x9d[\xf7\x95\xa9\xd2\xff\x00\xb7\x8f\xb9\xc9\
\xff\x00\xd9r\x8cf.?\x14\xb9i\xc7\xfe\xde\xf8\x8f\
v\xf1\xc7\xec\xdf\xa0\xfcH\xf1\xc4\xfe,\xd5\xb5]Z\
\xdfV\x8e\xd6;K\x0b\xad.\xf6[9lc]\xcc\
\xc1v\x1f\x9bs\xb6\xef\x9b5\x9c~\x1e|a\xf0<\
\x7f\xf1L|F\xb4\xf1m\xa2}\xcd7\xc6\x1ap\xf3\
O\xfb?j\x83k\x7f\xdfh\xd5\xe4\xfe\x07\xf8\xf1\xf1\
\x8f\xe0\xd7\x85\xed\xad\xbe |#\xd5\xb5}=\x0bJ\
uM\x1eqqp\xbec\xbc\xa7\xcdO\x9b\xee\xee\xc7\
\xf0\xd7\xa5\xf8W\xf6\xe4\xf8C\xe2\xa5\x929\xfcH\xde\
\x1d\xbd\x8c~\xf6\xd3Z\x81\xad\xdd\x7f\xf6_\xd6\x9f\xb4\
\xa2\xe5\xef{\xb2\xfb\x8eZ\x98\x1c\xda\x94yc\x0fm\
N;r\xf2\xcd~\x17\xe5\xfc\x0e\x87\xc0\xbe8\x9b\xe2\
E\xc6\xb3\xe0\xcf\x1fx=t]v\xda\x04\x96\xf3L\
\xb9e\xbb\xb3\xbc\xb7f\xc2\xcd\x04\x9d$]\xcb\xb7k\
(ej\xf2\xcf\x8c\xda\xa5\x97\xc4\xdf\xdaKG\xf0\xcd\
\xe4\x8a<\x1b\xf0\xee\xc5\xfcO\xae\xb9\xfb\x8dq\xb7\xfd\
\x1e&\xff\x00u~z\xef\xfc\x09\xf1+G\xf8\xa3\xe3\
\xcd[\xc5\xba\x1c\xbeo\x84\xfc5\xa5Kb\xda\xc9B\
\xb1]L\xce\x92\xc8\xb1\xe7\xef$K\x12|\xdf\xdes\
_\x1fx\xb3\xc6W\x1ao\xec\xcb\xe3\x1f\x18\xcc\xdb5\
\xcf\x8b>$\x95U\xff\x00\x8dlcw\xf9?\xdd\xd8\
\x9b\x7f\xe0u\x18\x9a\x9e\xef\xf5\xd0\xef\xc9\xf2\xf9\xd4\xc5\
\xb5\x18\xfb9{\xb1\xe5\xfeYO\xe2\xfb\xa3v|\xf7\
\xf1;\xe2\x05\xe7\xc5O\x1f\xeb~+\xbe\x0d\xe6jW\
-$H\xff\x00\xf2\xca/\xb9\x12\xff\x00\xc0Smr\
\xf4Q_\x179J\xa4\xf9\xe6\x7fUa\xf0\xf4\xb0\xb4\
aF\x97\xc3\x03\xdc~\x18\xfe\xc6\xff\x00\x11\xfe-x\
:\xd7\xc4\xfa\x0cZZ\xe9WL\xeb\x03^\xdd\xf9n\
\xfb\x1bk\xb6\xdd\x8f\xfcJ\xd5\xd6\xff\x00\xc3\xba\xfe.\
\xe3?\xf1O\x7f\xe0\xc1\xff\x00\xf8\xd5{\xaf\xec\x8b\xfb\
K\xfc4\xf0/\xc0\x7f\x0fh>\x22\xf1]\x9e\x91\xab\
\xd8\xf9\xeb-\xad\xd2\xb0q\xbaVe\xfe\x1f\xf6\xab\xda\
\xd7\xf6\xc6\xf820?\xe1?\xd2\xc8\xf5\xcb\x7f\xf15\
\xf4\x94\xf0x)\xd3\x8c\xa5/\xfc\x98\xfc32\xe2\x8e\
'\xa3\x8c\xabJ\x85\x0fr2\x97/\xee\xe5\xf0\x9f\x0f\
\xff\x00\xc3\xbb>.\x7f{\xc3\xff\x00\xf8\x1e\xff\x00\xfc\
f\x97\xfe\x1d\xd7\xf1w\xfb\xde\x1f\xff\x00\xc0\xf7\xff\x00\
\xe35\xfa\x19\xf0\xfb\xe3'\x83\xfe+-\xe3\xf8O]\
\xb4\xd6\xa3\xb1uK\x96\xb6,|\xb6o\xba+\xab\xd5\
5+m\x16\xc2\xe6\xf6\xf2e\xb6\xb4\xb6\x8d\xe6\x96W\
\xfb\x88\xaa735u\xc7,\xc2J<\xd1>r\xa7\
\x1fq\x05:\x9e\xca\xa4c\x19\x7f\x84\xfc\xc8\xff\x00\x87\
u\xfc]\xfe\xf7\x87\xff\x00\xf0`\xff\x00\xfcj\x99\xff\
\x00\x0e\xeb\xf8\xbb\xfd\xef\x0f\xff\x00\xe0\xc1\xff\x00\xf8\xd5\
}\xc0\xbf\xb6_\xc1\x86\xf9\xbf\xe1?\xd2\xf6\xff\x00\xdb\
O\xfe&\x9d'\xed\x8b\xf0i\xd3\xfeG\xfd'\xfe\xfa\
o\xfe&\xb2\xfa\x8e\x05}\xaf\xfc\x98\xf4W\x16\xf1_\
\xfc\xf8\xff\x00\xcar?'\xbcq\xe0\x9dW\xe1\xc7\x8b\
5_\x0dk\x90-\xb6\xab\xa7K\xe5N\x90\xb6\xe4\xdd\
\xb3~\xf4o\xf7\x1d+\xdf\x7fg/\xd8\xae_\x8f\x9e\
\x00o\x14\xc9\xe2\xb1\xa2C\xf6\xc9mc\x81l\xbc\xf6\
\xfd\xd9\xc336\xf5\xaf-\xfd\xa5<e\xa6|B\xf8\
\xe3\xe3\x0f\x10\xe8\xf7\x22\xefJ\xbc\xbbO\xb3\xdc*\xed\
\x12\xaa\xc2\x8a[\xff\x00\x1c\xaf\xbe?\xe0\x9d\x18o\xd9\
\xcd\x14\xff\x00\xd0^\xf0\xff\x00\xe3\xeb^f\x0a\x85:\
\xb8\x99\xc5\xfc'\xdeqFs\x98e\xf9\x16\x1f\x19J\
\x5c\x95g\xcb\xcd\xee\xff\x00w]\xcf \xf1\x87\xc1\xdf\
\x1d~\xc3>\x06\xbe\xf1\x7f\x83\xbe G}i%\xe4\
\x11^\xe9\xd7ZZ\x88\xa7\xdcv+}\xe6;\x97\xfe\
\x03[\x9f\x0c\x7f\xe0\xa5\xd67\xb2Ag\xe3\xef\x0f>\
\x96\xecv\xb6\xa7\xa4n\x96\x14\xff\x00i\xe2o\x9d\x7f\
\xe0;\xeb\xd3\x7f\xe0\xa1C\x1f\xb3V\xa7\xc7\xfc\xc4,\
\xff\x00\xf4m~Z\xd7V/\x11<\x0dH\xc6\x87\xc2\
x\x1c;\x95a\xb8\xb7\x01<Vk\x1ej\xbc\xdc\xbc\
\xd1\xf7e\xb2\xec~\xdf\xf87\xe2\x06\x81\xf1\x0bCM\
W\xc3\x9a\xbd\xae\xafa'\xfc\xb6\xb5\x91_o\x1fu\
\xbf\xba\xde\xcdX\xdf\x14>8x7\xe0\xee\x9b\xf6\xcf\
\x14\xebv\xfan\xf5\xdd\x05\xb6w\xdcM\xfe\xe4K\xf3\
5~=\xf8\x13\xe2\x1f\x89\xbe\x19\xeb\x0d\xaa\xf8[Y\
\xb8\xd1oYv\xb3\xdb\xb7\xc9*\xff\x00u\x93\xee\xb7\
\xfc\x0a\xb2\xb5\xdd{R\xf1N\xb1q\xaa\xeb:\x85\xce\
\xab\xa9]6\xe9n\xee\xa5\xf3eo\xf8\x15W\xf6\xc7\
\xb9\xf0\xfb\xc75?\x0c_\xd6\xbfy_\xf7?\xf97\
\xf9|\xff\x00\x03\xec\xcf\x89\xdf\xf0R\xedV\xe1g\xb7\
\xf0'\x86\xe1\xb0\x85>\xee\xa1\xac?\x9b+\xff\x00\xbb\
\x12|\xab\xff\x00\x02f\xae\x9f[\xfd\x86|Q\xf1\xc6\
[\x1f\x16\xf8\xcf\xe2t\x97:\xd5\xf5\xa4n\xdbt\x84\
\xf2\xa3G]\xdeZ\x80\xeb\xf2.\xea\xfc\xfa\xb8\xff\x00\
\x8fy\x7f\xddj\xfd\xc8\xf8~\xe2o\x03\xf8}\xbb\x7f\
g[\x7f\xe8\xa5\xa7\x83\x94\xb1\xbc\xca\xbf\xbce\xc5\x14\
)p|hK&\x8f\xb3\x9c\xb9\xb9\xa5\xf1K\xa7V\
~K~\xd3_\xb3\xe5\xc7\xec\xe7\xe2\xad;H\x1a\xd2\
\xeb\x8b\xa8Y=\xe4W\x1eO\x90\xcb\xb5\xb6\xed\xdb\xb9\
\xab\xe9\x9f\xdbCM\x1f\x13\xbfe\xef\x87_\x10\xedW\
\xce{5\xb5\x96w\xfe\xecS\xc4\xaa\xdf\xf9\x11R\xb9\
/\xf8)\xa7\xfc\x95\x0f\x06\xff\x00w\xfb&\x5c}<\
\xf1Y_\x0f\xff\x00i\x9f\x05\xc3\xfb\x22\xea\xff\x00\x0c\
\xfcZo\x1fT\xf2\xae\xac\xac\xa2\xb5\xb7\xf3\x0bD\xcd\
\xe6\xc4\xfb\xb1\xb5v\xb7\xfe\x81X\xf2\xd2\xa5R\xad\x0f\
\x86'\xa9\x09\xe6\x19\x8e\x03,\xcd\xe3\x1fiR2\xf7\
\xb9\x7f\x96[\x9f0xw\xc4z\x87\x83|E\xa6\xeb\
\xba\x5c\x9fg\xd4t\xcb\x95\xba\x81\xbf\xdaZ\xfd\x06\xf0\
7\x8d-<'\xfbDx_\xc6ZY\xf2\xbc\x1b\xf1\
\x83MV\x95W\x1b \xd5bO\xfd\x09\x87\xcb\xfe\xf3\
5~s\xa7\xddM\xdbk\xe9_\x85z\xad\xd7\x8d\xbf\
e_\x18i6\xd2\xe7\xc4\x1f\x0f\xb5(<O\xa47\
\xf1${\xf7\xc8\xab\xff\x00|M\xff\x00}\xd7&\x06\
\xaf,\xf9\x0f\xa4\xe3\x0c\xba\x9dz0\xc4?\xfa\xf7/\
\xf0\xcb\xe1\xff\x00\xc0e\xca~\x91\xf8?\xc0ZO\x82\
N\xb4\xbaL^Lz\x9e\xa1.\xa7:\xe1\x7f\xd6\xcb\
\xcb\xff\x00\xe3\xdf7\xfc\x0a\xbaE\x1c*\xf4?\x9d|\
\xdb\xf1k\xe2\xaf\x8c\xdf\xc0?\x0e\xbcy\xf0\xd2\x08\xb5\
\x1b\xada\xa0\xb2}*\xe9\xff\x00\xd1\xe4\xfbb\xa6\xc6\
o\x99~d\x91B\xee\xff\x00m\xab\x03\xfe\x19\xe7\xe3\
\x9f\xc5_\x9f\xe2?\xc5c\xa0i\xb2/\xef4\x8f\x09\
G\xe5\xfc\xbf\xdcg\xf9\x7f\xf6j\xfa\xcfmov1\
?\x9c\xe3\x96\xaa\x8b\xdbb\xeb\xc6\x9f\xf8\xae\xe5\xa7\xf7\
Q\xa9\xf1CM\xf8{\xf0\xbf\xe3\x1f\x83\xbcee\xa9\
Y\xe9\xde*\x97X\x16z\x85\xbf\xf6\x834\x97\x90\xdd\
~\xe9\x87\x94\xcc\xdbv\xbb#\xff\x00\x0f\xdcj\xf1\xef\
\xf8(\x16\x8d/\xc3\xaf\x8c^\x02\xf8\x9b\xa6\xaee\xdc\
\x8b+/\xf1Ol\xdb\xd0\x7f\xc0\xd1\xdd\x7f\xe05\xeb\
\x1a\xbf\xec\x87\xf0g\xe1\x0f\x805\xddOQ\xb6/w\
\x1d\x9c\xbf\xf1?\xd7.\xdaY`\x90\xaf\xc8\xeb\xfc!\
\xc3m\xdb\xb5wW7\xfbH5\xcf\xc6o\xd8wH\
\xf1u\xe5\xa4\xf6\xfa\x9d\x8cVz\x95\xc47\x10\xb2J\
\xae\xbf\xba\x9f\xe5ofv\xfc+\x8b\x13\x19J\x9c\xb9\
\xa3\xfd\xe3\xea\xb2z\xf4)c\xf0\xf3\xa5)J\x9b\xfd\
\xdc\xa5-9\xb9\xbe\xf3\xec\x1f\x0fk\x16\xfe \xd1l\
5+F\xf3-\xaf \x8ex\xdb\xfd\x86]\xcbZc\
\x9f\xc2\xbc\x13\xf6#\xf1q\xf1o\xec\xdb\xe1Wwg\
\x9fNY4\xe97u\xfd\xd3\xb2/\xfe9\xb6\xbd\xf0\
\x1cd\xd7\xa1J^\xd2\x9cf\x8f\x85\xcc0\xaf\x07\x8b\
\xab\x86\x7ffM\x0eo\xbbE\x0d\xf7h\xadN\x11\xd4\
QE\x00|\xa9\xff\x00\x05\x18\xf1\x01\xd1\xff\x00g\xd7\
\xb3V\xd8\xfa\x9e\xa9mo\x8f\xef\x22\x96\x95\xbf\xf4\x0a\
\xd2\xf8\x0b\xe2\x1bO\x82?\xb27\x82u+\xdb\x0b\xab\
\xb0\xf6\xd6\xee\xd6\xfa|^u\xc4\xf3\xddJ6\xa2\xa7\
\xf16\xf9V\xbc\xd3\xfe\x0a\x93\xa84>\x03\xf0]\x9a\
\xff\x00\xcb}Jy\x7f\xef\x88\x0f\xff\x00\x15^\x81\xf1\
{\xc5\x9a_\xc2\x7f\x81\xff\x00\x0a\xe6\xd4 \xba\xb8\xd3\
\xb4\xfdCH\xf3m\xecb\xf3\xa5e\x8a&a\xb5\x7f\
\x8b\xe6U\xaf%J\xd8\x9a\x92\xfeX\x9f\xa0\xfb\x19<\
\x8b\x09B1\xe6\xf6\xb5%/\xfc\x07\xdd=\x9e\xeb\xe2\
N\x89\xa0\xf8r\xc3X\xf14\xa9\xe1\x18\xaf[\xcbX\
\xb5\xb9\xe2\x81\x96O\xee3+\xb2n\xf9\x7f\xbdT\xf5\
\x0f\x01\xfc<\xf8\xbde\x06\xa5y\xa1h\x1e&\xb5\x94\
n\x8e\xf1\xad\xe2\xb9I?\xdd\x92\xbes\xf8\xab\xfbl\
|&\xf8\x81\xf0\xf3V\xf0\xe4\xaf\xa9YO|\xb1E\
\xe4\xea\xdaS\xaa\x94\xf3W\x7f\xf7\xbf\x87uzu\x9f\
\xed\x87\xf0WK\xf0\xfc\xed\xa6\xf8\xc3KX\xad`y\
c\xb3\x89\x1a\x16m\x89\xbbj\xae\xda\xe9\xf6\xd4g\xee\
\xf3D\xf0\xe5\x94\xe68x\xfbHQ\xa9\x19z=\x89\
\xbfj\x9b\xcb?\x85_\xb2\xff\x00\x8c#\xd1-\xad\xf4\
\xb8\xda\xc7\xfb:\xd2\xde\xd2%\x89\x15\xa7o+\xe5U\
\xff\x00}\xab\xe1\xff\x00\xdb\x19G\x85\xdb\xe1\x8f\x80\x22\
\x1e\x5c^\x1a\xf0\xcc-\x22\x7f\xd3y8o\xfd\x02\xbe\
\xaf\xfd\xb15\xa9<]\xf0\xaf\xe1\x9e\x9e\xd0\x9b6\xf1\
?\x89t\x94\x96\xdd\xbem\xbb\x8f\x9a\xc9\xfaW\xc6?\
\xb6v\xb05\x7f\xda[\xc6D}\xcbY-\xec\xd7\xeb\
\x1d\xba\x1a\xf2\xb3)rB_\xf6\xe9\xfa?\x01\xe1y\
\xf1T\xa7?\x8b\xf7\x92\xff\x00\xd2c\xfa\xc8\xf1J(\
\xa2\xbe\x5c\xfe\x8444\xbf\x0d\xeb:\xf2\xca\xdaV\x91\
\xa9j\xa9\x17\xc9+\xd8\xd9\xcbq\xb7\xfd\xed\xa9F\xab\
\xe1\xbd_\xc3\xfeW\xf6\xae\x91\xa8i^o\xfa\xaf\xb7\
[Ko\xbb\xfd\xdd\xc9_\xa3\x9f\xf0M\x88P\xfc\x07\
\xd5\x0a\xa8\xdf\xfd\xbbs\xb9\xff\x00\xbd\xfb\xb8\xaa\x0f\xf8\
)e\xaa\xff\x00\xc2\x93\xd0\xe4*\xbb\xd7]\x83k\xff\
\x00w\xf7R\xd7\xb7\xfd\x9f\x1f\xab{~c\xf2\x7f\xf5\
\xd2S\xcf\x7f\xb2=\x87\xbb\xcd\xcb\xcd\xcd\xff\x00\x00\xe3\
\xff\x00\xe0\x97K\xba\xcf\xe2?\xfdw\xb3\xff\x00\xd0e\
\xaf\xaf~3\xae\xef\x84\xbe4o\xee\xe8\xd7\x9f\xfa!\
\xab\xe4/\xf8%\xc7\xfcx\xfcF\xff\x00\xae\xd6\x7f\xfa\
\x0c\xb5\xf6\x07\xc6o\xf9$\x9e4\xff\x00\xb0=\xdf\xfe\
\x88j\xf6\xb0\x7f\xee\x88\xfc\x9f\x8b?\xe4\xa4\xaa\x97\xf3\
G\xf2G\xe2U\x85\xb4\xf7\x8bi\x05\xb4\x12\x5c\xdcK\
\xb5\x16\x18W{\xb3\x7f\xb2\x95\xbb7\x80|Uk\x13\
\xcb/\x85u\xd8bU\xde\xce\xfae\xc2\x22\xff\x00\xe3\
\x95\xe9?\xb1M\xba\xdc~\xd2\x9e\x01\x0c3\xb6I\x9b\
\xff\x00%\xde\xbf\x5c\xee\xa3\x8c\xda\xcb\x94S\xf21\xce\
\xda\xf1\xb0\xb9|qT\xf9\xe5#\xf5\xbe$\xe2\xf9\xe4\
\x18\xdaxXP\xe6\xf7S\xf8\x8f\xc2o\xbd_\xa1\xbf\
\xf0M\x9f\x89Zm\xc7\x815\xaf\x03K\x22\xc5\xac\xd8\
\xde\xcb\x7f\x14L\xdf\xeb\xe0\x93i\xdc\xbf\xee\xb7\xde\xff\
\x00y}k\xf3\xdfP\xff\x00\x8f\xfb\xbf\xfa\xef/\xfe\
\x87W<;\xe2-O\xc1\xfa\xe5\x9e\xb5\xa2\xdf\xcd\xa6\
jv\x8d\xe6Cu\x03mej\xf3\xf0\xd5\xfe\xa9_\
\x98\xfa|\xfb)\xff\x00X\xb2\xb7\x87\xe6\xe5\x97\xc5\x1f\
\xf1\x1f\xb4\xbf\x11\xbe\x1d\xe9\x1f\x15\xbc\x1f\xa8\xf8k^\
\x80\xdciW\xc8REV\xda\xea\xd9\xdc\xae\xad\xfc,\
\xad\xd2\xbe\x06\xf1\xff\x00\xfc\x13w\xc6zM\xdc\xb2x\
GZ\xd3\xfcAe\xfc0\xdf\x1f\xb2\xdc'\xfe\xc8\xdf\
\xf8\xedw\x7f\x08\x7f\xe0\xa4\x96SZ\xdb\xe9\xdf\x124\
\xa9\xad/\x15v\x1dcJ]\xf0\xcb\xfe\xdbE\xf7\x97\
\xfe\x03\xba\xbe\xa9\xf0g\xc7\xcf\x87^>\x85_B\xf1\
\x86\x93z\xe7\xa4_iX\xe5\xff\x00\xbe\x1bkW\xd4\
\xca8L\xc2<\xcc\xfc\x03\x0d.$\xe0\xfa\xb2\x8c!\
(\xc7\xff\x00\x02\x89\xf9\x95y\xfb\x16\xfcj\xb1\x95\x94\
\xf8\x22iv\xff\x00\x14\x17\x96\xec\xbf\xfa\x1dK\xa5\xfe\
\xc4\xbf\x1a\xb59\x14\x7f\xc2\x18\xd6\x83\xfb\xf7W\xd0*\
\xff\x00\xe8u\xfa\xdd\x15\xd4S.c\x966_\xef+\
n\xaa\xd7\x9a\x8d\x9d\x8a4\x97w0\xdb\xa0\xfe)d\
T\xac?\xb2\xa8\x7f1\xec\xff\x00\xc4F\xcd\xf9y#\
J\x1c\xde\x92\xff\x003\xe0\x8f\x85\x7f\xf0M}I\xf5\
KK\xdf\x88:\xdd\xa2XD\xca\xed\xa5iL\xee\xd3\
\xff\x00\xb2\xf2\xb6\xdd\xab\xfe\xe2\xd7\xdfV\x90E\xa7\xda\
\xc5\x041\xaaE\x0am\x8dS\xb2\xaf\xf0\xd7\x96\xf8\xef\
\xf6\xad\xf8W\xf0\xf6\x19\x0e\xa7\xe3\x0b\x09n\x14n\xfb\
-\x84\x9fi\x94\xff\x00\xc0#\xdck\xe3o\x8e\x9f\xf0\
P}g\xc5\xd6wZ'\xc3\xfbI\xfc7\xa6\xca6\
>\xadt\xdf\xe9\xae\xbf\xf4\xc9W\xe5\x8f\xf3\xdd\xfe\xed\
k\xed0\x99|=\xd3\xc9x>!\xe3\x0cLg^\
>\xef\xf3K\xdd\x8cNs\xfe\x0a\x05\xf1\x1bN\xf1\xc7\
\xc6\xabm?K\x99gO\x0fY\x1b;\x89\x11\xb7/\
\x9e\xef\xb9\x97\xfe\x03\xf2/\xe2\xf5\xf3%\x0f\xfb\xc6w\
o\x9d\xdb\xe7gz+\xe5k\xd5\xf6\xd5eT\xfe\x93\
\xc9\xf2\xf8\xe58\x0aX*z\xf2\x85{\xff\x00\xec?\
\xabE\x0f\xc6\xe6\xf0\xfd\xdbgN\xf1&\x97y\xa5L\
\x9f\xde\xc2n_\xd1^\xbc\x02\xbb\xdf\xd9\xff\x00U\xfe\
\xc3\xf8\xe9\xe0\x0b\xe0\xdb\x155\x9bh\xdb\xfd\xd7m\x8f\
\xff\x00\xa1\xd1\x85\x97-x\x98\xe7\xb4>\xb1\x95\xd7\xa7\
\xfd\xd9\x1f\xa2?\xb1\x0c\xcb\xac|\x05\x83\xc3z\x92\xad\
\xc5\xcf\x85u{\x9d)\x96\xe1wmh&\xdd\x17\xfd\
\xf2\x19?*\xfaP\xa8\xc6\xdd\xdf\xa5|\xc7\xfb0#\
\xe9\x9f\x15?h?\x0fB\xdb\x04\x1e\x22[\xd8v\xff\
\x00\x0f\x9f\x08z\xe5|\x13\xfbZ\xfcP\xd7\xbc?k\
\x16\x9d\xf0_Z\xf1-\xdc\x0am\xa6\xd5\xd6\xe3\xca\xb5\
\xba\x92/\x95\xa4S\xb7\xf8\x9dM}\xa5:\x91\xa5N\
1\x91\xfc\xb3\x8e\xcbk\xe3\xb1\x95\xa7C\x97\x97\xdd\x97\
\xbd(\xc7\xe3\x5c\xdfh\xfa\xaf\xc5W\x1a=\x96\x8fq\
w\xaf5\x9cZ]\xa8\xf3\xe5\x9a\xff\x00g\x95\x16\xdf\
\x9b\x7f\xcd^3o\xf1#J\xfd\xa6\xbe\x01\xfcGm\
.\x1c\xe9\xa0j\x1a]\xbc\x9d\xa7X\xe2\xdc\xb2\xed\xfe\
\x1d\xdb\xab\xc6n4m\x7f\xe3\xe7\xc4H\xad\xfe=j\
\x9f\xf0\xaf\xfc;m\x22\xb6\x9f\xe0\xb5v\x82\x1b\xe6\xfe\
\xf3\xdd}\xd9\x7f\xdc\xdd\xbb\xfd\x95\xaf\xac<#\xe0_\
\x0b\xf8.\xcfQ\xd1\xfc5ac\xa6C2\xac\xd3\xda\
Y\xe1S\xe6_-_g\xf0\xeeT\xff\x00\x81l\xaa\
R\x95[\xff\x00)\x8d\x5c=\x1c\xb1C\x9a|\xd5\x93\
\x8c\xbd\xdf\x86?>\xbf-\x0f\x99?\xe0\x98\x1e :\
\x87\xc3O\x16i\x0e\xdf\xf1\xe3\xa9\xc78O\xee\x89a\
Q\xff\x00\xb4\xeb\xed\x8d\xc3\x8a\xfc\xfa\xff\x00\x82i\xdc\
6\x9b\xe3\xff\x00\x89\xda!\xe1aX\x98/\xfds\x9e\
d\xaf\xd05n\xbe\xd58\x1f\xf7x\x9d\x1c[O\xd9\
\xe75\x9c~\xd7,\xbf\xf0(\xa2F\xfb\xa6\x8aF\xfb\
\xb4Wi\xf2\x03\xa8\xa2\x8a\x00\xf8\x1b\xfe\x0a\x9d&m\
~\x1eE\xfc-%\xf3\x7f\xe3\x91W\xd9z_\x87t\
\xed[M\xf0\xcd\xe5\xc5\xaaM>\x9b\x0a\xcdj\xef\xff\
\x00,\xd9\xa2\xd9\xbb\xfe\xf9f\xaf\x8e\xff\x00\xe0\xa9\x96\
\xf9\xf0\xff\x00\x80n\xbf\x82;\x8b\xc8\xdb\xfe\xfd+\x7f\
\xec\x95\xf6\x7f\x82n\x05\xf7\x834;\x91\xff\x00-l\
 \x7f\xfb\xea55\xe6\xd1\xff\x00{\xab\xff\x00n\x9f\
s\x99K\xfe\x102\xf9G\xfe\x9e\x7f\xe9D\xba\x96\x83\
\xa4\xeaC\xca\xbc\xd3l\xeeCt\xf3\xe0V\xfeu\xe7\
~<\xfd\x99\xfe\x1ex\xeb\xc3\xf7\xfa|\xde\x12\xd1\xad\
nn\xa2h\x96\xfe\xd7O\x89f\x85\x9b!]Xm\
;\x97\xafZ\xf1\x7f\xdaO\xf6\xf0o\x84\xfe2\x9f\xc2\
^\x17\xd1\xad\xb5\xadZ\xc7`\xd4//\xa5e\xb7\x89\
\xb1\xbb\xcaE_\x99\x9f\x15\xdb~\xca\xff\x00\xb5\xad\x9f\
\xed\x08\xba\x86\x97}\xa7\x0d\x1f\xc4\xb6\x11\xac\xd2\xc1\x14\
\xbb\xe1\x9e-\xdb|\xd8\xdb\xfd\xe1\xf7kOo\x86\xa9\
S\xd9}\xa3\x85\xe5\x19\xce\x13\x05\x1c\xcdFQ\xa7\xfe\
/\xc6\xc6\x7f\xedYh\xb6\xde(\xf8\x07c\xff\x00,\
\xd3\xc5\xf6\xab\xff\x00|\xc4k\xe0\x1f\xdai\xb7~\xd0\
\x9f\x10\xf7\x7f\xd0bo\xe5_\xa0_\xb6\x84\xdf\xd9\xfa\
\x87\xc1\xbdT\xf1\x15\x97\x8dl\xb7\xb7\xfb\xdb\xd3\xfa\xd7\
\xc1\x7f\xb5e\x8bi\xdf\xb4\x7f\x8f\xe3e\xda\x1fQ\x13\
\x7f\xdfp\xa3\xd7\x91\x9am/\xeb\xa1\xfa\x7f\x00K\xf7\
\xd4\xdf\xfd;\x97\xfe\x96yE\x14Q_2~\xec~\
\x97\xff\x00\xc14?\xe4\x85\xea\xdf\xf6\x1c\x9f\xff\x00E\
\xc5Q\xff\x00\xc1L[\xfe,\x9e\x8c\xbf\xde\xd7`\xff\
\x00\xd1R\xd4\xbf\xf0ME\xdb\xf0\x1fT?\xde\xd7n\
\x7f\xf4\x5cU\x9d\xff\x00\x056\x93\xcb\xf8I\xe1\xb8\xff\
\x00\xe7\xa6\xb8\x8d\xff\x00|\xc15}\x94\xbf\xe4_\xff\
\x00n\x9f\xcc\x14\xf5\xe3_\xfb\x8ar\xdf\xf0K\x7f\xf8\
\xf3\xf8\x8d\xff\x00]\xec\x7f\xf4\x09k\xeb\xef\x8c\xbf\xf2\
I|i\xff\x00`{\xbf\xfd\x10\xf5\xf2\x0f\xfc\x12\xdf\
\xfe<\xbe#\x7f\xd7{?\xfd\x06Z\xfa\xfb\xe3/\xfc\
\x92_\x1a\x7f\xd8\x1e\xef\xff\x00D=V\x0b\xfd\xd1\x1e\
\x7f\x16\x7f\xc9MW\xfcQ\xfc\xa2~Z\xfe\xc4m\xb7\
\xf6\x96\xf0\x1f\xfb\xd7\x1f\xfaN\xf5\xfa\xe3\xaa\x7f\xc7\x8d\
\xcf\xfdr\x7f\xe5_\x91\x1f\xb1k\xf9\x7f\xb4\xa7\xc3\xef\
\xfa\xef*\xff\x00\xe4\xbc\xb5\xfa\xef\xa8\x7f\xc8>\x7f\xfa\
\xe4\xff\x00\xca\xb1\xca\xbf\x83#\xd6\xf1\x0f\xfeF\xb4\x7f\
\xc3\x1f\xcc\xfc)\xbc\xf9/.\xdb\xfe\x9b\xcb\xff\x00\xa1\
\xd7\xa8\xe9\xff\x00\xb2\x87\xc5\xfdR\xc6\x1b\xbb_\x01\xea\
\x12A4k\x223<K\x95oT\xdf^Y}\xff\
\x00\x1fW\xdf\xf5\xd6_\xfd\x0e\xbfr\xbc/\x1f\xfcS\
\xdaVG\xfc\xba\xc7\x8f\xfb\xe1k\xca\xc1a!\x8a\x94\
\xf9\xcf\xd1\xf8\xab\x89\xb1<?G\x0f\xf5X\xc6\x5c\xcb\
\xed|\x8f\xc9\x11\xfb \xfcg=>\x1f\xea'\xfe\xda\
\xc5\xff\x00\xc5\xd3d\xfd\x8e\xbe37\xdf\xf8y\xa8?\
\xfd\xb5\xb7\xff\x00\xe2\xeb\xf5k\xc6\x1f\x14\xbc#\xe0\x09\
m\xe3\xf1'\x894\xad\x0eY\xd5\x9a$\xbf\xbaHZ\
E\xff\x00gq\xae{\xfe\x1a_\xe1_\x7f\x1f\xf8t\
\x7f\xdcF\x1f\xf1\xafK\xfb3\x0e\xbe)\x1f\x0f\x0e=\
\xcfkG\x9a\x9e\x16.?\xe1\x97\xf9\x9f\x9aV\xff\x00\
\xb2\xaf\xc7[4\xdb\x07\x83\xb5\xc8S\xfb\xb1^\xa2\x7f\
\xedZ\x8a\xf3\xf6M\xf8\xe3~\xbb.|\x11\xac\x5c\xaf\
\xfd6\xba\x89\xff\x00\xf6\xad~\xb6\xe9Z\xd5\x87\x88\xf4\
\xcbmCK\xbc\x83P\xb0\xba\x8f\xcc\x86\xe2\xde@\xd1\
\xc8\xbf\xdeV^\xb5_\xc4\x9e,\xd1|\x1f\xa4\xcb\xaa\
k\xba\x95\xa6\x8f\xa7E\xb7\xcc\xba\xbc\x99b\x89w\x1c\
\x0c\xb3qW\xfd\x97G~i\x1c1\xf1\x072\xf6\x9c\
\xbfW\x877\xf8_\xf9\x9f\x92q\xfe\xc7_\x19\x97\xee\
|<\xbf_\xfbko\xff\x00\xc5\xd3\x8f\xec\x83\xf1\xa0\
u\xf8\x7f\xa9\x0f\xfbko\xff\x00\xc5\xd7\xe9\xc7\xfc4\
\xb7\xc2\xb1\xff\x005\x03\xc3\xc7\xfe\xe21\x7f\x8du~\
\x11\xf1\xd7\x86\xfe Y\xc9w\xe1\xbdj\xc3]\xb6\x89\
\xfc\xb9%\xb0\xb8IU[\xfb\xad\xb6\xa29^\x1a\x7f\
h\xef\xa9\xe2\x06{F<\xd50\xd1\x8c\x7f\xc3/\xf3\
?\x22<O\xfb3\xfcQ\xf0f\x85y\xack\x9e\x0c\
\xbe\xb0\xd2\xed\x17\xcd\xb9\xb8w\x89\xd65\xfe\xff\x00\xca\
\xf5\xe6\x95\xfb\x1f\xfbS'\xfcc\xaf\xc4Lu:5\
\xc6y\xff\x00`\xd7\xe3\x82}\xca\xf2s\x0c,0\xb2\
\x8c`~\x93\xc1\xdcE\x89\xe2\x0c5Z\x98\x98\xc6<\
\xb2\xfb![\xbe\x00v\x87\xc7\xde\x14\x95>\xfa\xea\xd6\
o\xff\x00\x93\x09XU\xd5|$\xd3\xdbU\xf8\xad\xe0\
\xbb0\xbb\xdamj\xcdJ\xff\x00\xdbT\xae\x1a_\xc5\
\x81\xf6Y\x83\xb6\x0a\xab\x7f\xcb#\xf4\x83\xe0w\xfa7\
\xedm\xf1\xee$9FM*S\xfe\xf7\x93_Bx\
\x7fC\xb1\xf0\xde\x97o\xa6\xe9\xb6\xe9mc\x06\xef.\
\x14\x1f*\xeem\xdf\xfb5|\xf9\xfb9\xe7R\xfd\xa5\
?h\x0dD\xfc\xd1\xad\xf5\x85\x9a\xb7\xfb\x90\xb5v\x1f\
\xb4\x9f\xed\x17\xa7~\xce\xfe\x12\x87R\x9a\xd1\xb5MN\
\xfaV\xb7\xb0\xb0F\xdb\xe62\xfd\xf6f\xfe\x15Z\xfb\
\x8ar\x8d:r\x9c\xbc\xcf\xe4\x5c\xc3\x0f_\x19\x98S\
\xc2\xe1\xa3\xcd)F\x1f\xfaB=cT\xd1\xac5\xeb\
\x09\xac\xaf\xec\xa1\xd4,\xa6\x1be\x82\xea5\x95\x1b\xfd\
\xe5j\xe1<\x0d\xf0gE\xf8k\xe2\xbd{W\xf0\xe8\
\x96\xd2\xd7V\xb7\xb6\x89\xf4\xf3#\xb41\xbcL\xf8h\
\xb71\xd8\xbbe\xfb\x8b\xf2\xf1_1|\x1d\xff\x00\x82\
\x8d\x5cx\x8b\xc6\xb6:7\x8c\xb4\x1b=2\xc3P\x9d\
-\xe2\xd4,'g\xf2$c\xb5|\xd5o\xe1\xdd\xfc\
U\xf7\x19\x970\xb1\xdd\xdb\x22\xae\x95ju\xe1\xcd\x03\
\x9b1\xcbs\x1c\x92k\x0d\x8b\x5c\xbc\xdfs>\x01\xfd\
\x81\x7fs\xfbH\xfcV\x8b\xf8vO\xff\x00\xa5\xaf_\
\xa0\xd1\xf4\xaf\xcf\x8f\xf8'\x8e5\x0f\x8e\x9f\x14\xb5\x15\
\xfb\x8c\x8d\xff\x00\x8f\xdd;\x7f\xec\xb5\xfa\x0e\x9d+\x0c\
\x0f\xf0OW\x8c\x7f\xe4m/\xf0\xc7\xff\x00I\x89#\
}\xd3E\x0d\xf7M\x15\xe8\x1f\x16-%-%\x00|\
q\xff\x00\x054\xd1M\xf7\xc1\x9d\x12\xfd96z\xca\
#\xff\x00\xbb$N\x9f\xfcM{\xaf\xec\xe9\xae\x8f\x11\
|\x08\xf0\x1d\xfe\xed\xed&\x8fl?\xe0J\x81\x7f\xf6\
Z\xe5\x7fm\xaf\x0c\xff\x00\xc2S\xfb5\xf8\xbe5\x8f\
|\xd6Q\xc7}\x1f\xfd\xb2\x95\x5c\xff\x00\xe3\xa1\xab\x9e\
\xff\x00\x82|\xf8\xab\xfe\x12\x0f\xd9\xdbL\xb3f\xdd.\
\x8fwsb\xdfM\xfej\x7f\xe3\x92\x0a\xf3\x97\xbb\x8d\
\xff\x00\x14O\xb5\xa9\xfe\xd3\xc30\x97\xfc\xfa\xa8\xff\x00\
\xf2h\x9f.\xfe\xd7_\xb2\xef\x8d\xec\xfe-k\x9e(\
\xf0\xfe\x87{\xe2]\x07\x5c\x9f\xed\x9b\xf4\xf8\x9aYm\
\xa5o\xbe\xae\x89\xf3\x7f\xba\xdf\xed\xd7\xa8\xfe\xc0\xbf\xb3\
\x9f\x8a|\x0d\xe2mS\xc6\xbe)\xd3g\xd0\x84\x96\x8f\
acct6\xce\xdb\x9dY\xe5e\xfe\x15\xf9\x17h\
j\xfb\xa5\xa3\xc7\xcc9 qI\xe5\xfc\xdb\x8f\x04\xf1\
\x8aq\xc0R\x8d\x7fni\x88\xe3\x1c~#*YT\
\xa3\x1e_\x87\x9b\xedr\x9f:\xfe\xde\x1aK\xdd~\xcf\
z\x96\xab\x02\xef\x9fA\xbf\xb2\xd5\x17\xfe\xd9\xcc\xbb\xbf\
\xf1\xd65\xf1g\xed\xd5b\x92|p\xb7\xd7\xe0\x1bl\
\xbcC\xa3Y\xea0?\xf7\xbe]\x9f\xfb\x22W\xe9\x97\
\xc5o\x07\xc7\xf1\x03\xe1\xbf\x89<7*\xab&\xa7\xa7\
\xcfj\xbb\xbf\xbc\xc8B\xff\x00\xe3\xd5\xf9\xa7\xf1\x96\xda\
_\x1b~\xcb\x9f\x0b<Y*\xb3\xea^\x1b\x96\x7f\x0b\
j\x9f\xec2\xf1\x16\xef\xfb\xe1?\xef\xba\xe2\xcc)\xf3\
\xa9\x1fK\xc0\xd8\xcfc^\x97\xf7e(\xff\x00\xe0q\
\xf7\x7f\xf2h\x1f9QE\x15\xf2'\xf4\x91\xfau\xff\
\x00\x04\xdf\x87o\xec\xfb+\xb7\xfc\xb5\xd6\xef\x1f\xf5Z\
\xe4\xbf\xe0\xa7\xd7[<\x0b\xe0{\x7f\xefj\xb2?\xfd\
\xf3\x01\xff\x00\xe2\xab\xd0\x7f\xe0\x9e\xd6b\xdf\xf6l\xd2\
\x9c\x8f\xf5\xfa\x85\xe4\xbf\xf9\x14\xff\x00\xf15\xe5?\xf0\
T[\x81\xf6\x1f\x87\x96\xe3\xabOy!\xff\x00\xbe\x22\
_\xeb_eS\xfeE\xff\x00\xf6\xe9\xfc\xc5\x81\xfd\xef\
\x1a\x7f\xdcI~\xa3\x7f\xe0\x96\xff\x00\xf1\xe7\xf1\x1b\xfe\
\xbb\xd8\xff\x00\xe8\x12\xd7\xd7\xdf\x19\x7f\xe4\x92\xf8\xd3\xfe\
\xc0\xf7\x7f\xfa!\xeb\xe4\x1f\xf8%\xbf\xfcy|F\xff\
\x00\xae\xf6\x7f\xfa\x0c\xb5\xf5\xf7\xc6_\xf9$\xbe4\xff\
\x00\xb0=\xdf\xfe\x88z\xac\x17\xfb\xa2<\xde,\xff\x00\
\x92\x9a\xaf\xf8\xa3\xf9D\xfc\xa3\xfd\x8f\xe6\xf2\x7fh\xcf\
\x87_\xed^\x95\xff\x00\xc8/_\xb0\xd7_5\xac\xeb\
\xfe\xc1\xaf\xc6\xef\xd9Vo'\xf6\x80\xf8l\xdf\xf5\x14\
\x8d?\xf1\xc7J\xfd\x94\x9b\xfe=\xdf\xfd\xd3\xfc\xab\x1c\
\xab\xf82=\xbf\x11\xe3l\xca\x84\xbf\xb8\xbf3\xf0\x8f\
XM\x97\x9a\x82\xff\x00vy\x7f\xf47\xaf\xdc\xbf\x0b\
\xff\x00\xc8\xb9\xa5\xff\x00\xd7\xa4_\xfa\x05~\x1dx\x9e\
\x1f'\x5c\xd6\xe2\xfe\xed\xe5\xc2\x7f\xe4W\xaf\xdc_\x0b\
\xff\x00\xc8\xb9\xa5\xff\x00\xd7\xa4_\xfa\x05c\x94\xfcu\
OO\xc4o\xf7|\x17\xcf\xff\x00m?;?\xe0\xa6\
\x9f\xf2Y</\xff\x00`O\xfd\xae\xd5\xf2\x16\xd4\xfe\
\xed~\x9c\xfe\xd5\x7f\xb2\x1e\xab\xfb@x\xbbF\xd7t\
\xef\x11\xd9\xe9/gd\xd6rEw\x03>\xec\xb6\xed\
\xca\xcb\xfe\xf5x\x9f\xfc;\x1b\xc5\xdc\xff\x00\xc5s\xa2\
\xf1\xff\x00NR\xff\x00\xf1u\xcf\x8b\xc1W\x9dyN\
\x11=\xde\x17\xe2|\x9f\x05\x94Q\xc3\xe2kr\xce?\
\xdd}\xfd\x0f\xaa\x7fb\xff\x00\xf96/\x87\xfc\x7f\xcb\
\x93\x7f\xe8\xc6\xae'\xfe\x0a5\xff\x00&\xe7)\xef\xfd\
\xafg\xff\x00\xa1\xb5{?\xc1\x0f\x86\xef\xf0\x8f\xe1o\
\x86\xfc#-\xea\xea2\xe9V\xc6\x17\xbbE\xd8\xb26\
\xe6l\xed\xff\x00\x81V\x07\xed5\xf0Z\xe7\xe3\xe7\xc2\
\xfb\x8f\x0b\xd9j\x91\xe9\x17-w\x05\xd4W\x12E\xe6\
\xa7\xee\xdb;Yk\xdf\xa9NR\xc3r\xff\x00t\xfc\
o\x0b\x8d\xa1O?\x8e2r\xfd\xdf\xb4\xe6\xff\x00\xb7\
y\x8f\xc7}\xa9\xfd\xda\xfd\x01\xff\x00\x82\x5c\xe1<?\
\xf1\x0dG\xfc\xff\x00Z\xff\x00\xe8\xa6\xae7\xfe\x1d\x8b\
\xe2\xaf\xfa\x1etq\xff\x00nr\xff\x00\xf1u\xf4\x8f\
\xec\x8f\xfb6\xea\x1f\xb3\x9e\x8d\xe2+k\xfdn\xdfW\
\x9fW\xb9\x8el\xda\xc0\xd1\xa4J\x89\xb7\x18c\xef^\
\x1e_\x84\xafJ\xb74\xe2~\xb1\xc6\x5cK\x94fY\
D\xb0\xd8J\xdc\xd3\xe6\x8f\x7f\xf2;/\xda\xa7\xfeM\
\xdb\xe2\x17\xfd\x81\xae?\xf4Y\xaf\xc6\xd4\xfb\x95\xfb%\
\xfbT\x7f\xc9\xbb|B\xff\x00\xb05\xc7\xfe\x8b5\xf8\
\xda\x9fr\xa78\xfe$\x0e\x8f\x0c\x7f\xdc\xb1\x1f\xe2\xfd\
\x10W\xb2~\xc7~\x1bo\x13\xfe\xd2^\x0b\x8b\xfeY\
Y\xcd6\xa3'\xfb+\x1cN\xdf\xfa\x1e\xca\xf1\xba\xfa\
/\xf6Ua\xe0?\x03\xfc\x5c\xf8\xa12\xf9\x7f\xd8\xda\
+iv/\xff\x00O3\xf3\xf2\xff\x00\xe4\x1f\xfb\xee\
\xbc\xbc\x1cy\xeb\xc4\xfd\x07\x89+:9eX\xaf\x8a\
^\xec\x7f\xc5/w\xf5>\xc0\xfd\x88\xf3\xad\xe8\xbf\x12\
<g'\xfc\xcc>,\xbc\x9a\x17\xfe\xf4Q\x90\x89\xfc\
\x9a\xb2\xbfo\x0f\x81:\xff\x00\xc6O\x08h\xba\xb7\x85\
\xe0k\xfdOA\x96V}5[\x0f<R\xaa\x86\xdb\
\xfe\xd2\xed_\x96\xbdO\xf6[\xf0C|;\xf8\x07\xe0\
\xcd\x16U\xdbu\x1d\x82\xdc\x5c\xee\xfb\xdel\xbf\xbd\x7f\
\xd5\x8dz\xe7\x96\x1b\x1e\x9c\xe4W\xd9\xc6\x8cgC\xd9\
L\xfe\x5c\xa9\x9a\xd5\xc0\xe7\x12\xc6\xe1w\x84\xbd\xdfO\
\x87\xf2?\x22\xfe\x0d\xfe\xca?\x10|u\xe3\xcd2\xdf\
P\xf0\xd6\xa5\xa0h\xd6\xb71M{}\xa9@\xf0*\
*\xbe\xe6D\xdd\xf7\xda\xbfU<[\xa9G\xe1\xff\x00\
\x07\xeb\x1a\x93|\xabec4\xc7\xfe\x03\x1b5o\x01\
\xf3\x02\xa4l\xfaW\x8b~\xd8\x9e&\x1e\x17\xfd\x9c<\
or\x8f\xe5\xcfug\xf6\x18\xff\x00\xde\x9d\xbc\xaf\xfd\
\x9c\xd6Tp\xd0\xc1R\x97)\xdf\x98gX\xbe*\xcc\
h*\xea\xde\xf7/\xde|\xf3\xff\x00\x04\xb9\xd3\xdam\
?\xe2\x06\xb0\xeb\xf3M=\xac\x1b\xbe\x8a\xce\xdf\xfa\x1d\
}\xe4\xbf{\xde\xbeW\xff\x00\x82t\xf8\x5c\xe8_\xb3\
\xdcz\x81\x8fk\xea\xda\x95\xc5\xd2\xb3\x7f\x12)\x11/\
\xfe\x8a\xaf\xaa\x1b\x86\x06\xaf\x05\x1e\x5c<Q\xc5\xc55\
\xbd\xbeo^K\xa4\xb9\x7f\xf0\x1d\x09\x1b\xee\x9a)\x1b\
\xee\xd1]\xa7\xcb\x8e\xa4\xa5\xa4\xa0\x0c/\x15x~\x0f\
\x13\xf8oU\xd1\xaeWu\xbe\xa1k-\xb4\x9f\xee\xb2\
\x955\xf0\xbf\xfc\x13\x7f^\x93\xc2^8\xf8\x81\xf0\xeb\
Pf[\xa8\xdf\xedJ\xad\xff\x00= o\x22_\xe4\
\x95\xf7\xeb}\xe1_\x9d\x7f\x18\x83\xfe\xcd\xbf\xb7f\x8b\
\xe2\xf5\xfd\xce\x87\xaf\xc8\xb737\xf0m\x97\xf7\x17_\
\xf7\xcbl\x96\xbc\xbcW\xee\xe7N\xb1\xf7\x1c;\xfe\xd7\
\x86\xc5\xe5\x9djG\x9a?\xe2\x8e\xa7\xe8\xcc_\xc5\xf5\
\xa7\xd46\xad\xba0w\xef\xcdM^\xa1\xf0\xfb\x10I\
\x18\xf2\xcey\xcd|3\xe2/\x87\x09\x0f\xc4\xef\x8c\x7f\
\x06g+\x16\x9f\xe3{?\xf8J<=\xbdv\xaa^\
(\xf9\xd5\x7f\xe0h\x0f\xfc\x06\xbe\xe5~c\xdb\x9ez\
f\xbet\xfd\xb2<\x1b\xaa?\x86to\x88\x9e\x1a\x87\
\xcc\xf17\x81n\xff\x00\xb4\xd1\x11~i\xed\x7f\xe5\xe2\
/\xc52\xdf\x85r\xe2!\xcd\x1ec\xe82<K\xa3\
\x89\xe4\xe6\xe5\xe6\xfc$\xb5\x8b\xfb\xcf\xca\xb9\xa1\x96\xda\
Y`\x9e&\x86\xe2&\xd9,/\xf7\xd5\x97\xef\xa52\
\xbd\xe3\xf6\xb2\xf0]\x87\xfc$ZO\xc4\xbf\x0dG\xbb\
\xc2>8\x87\xed\xd1H\xb8\xd9\x0d\xe6?{\x1b\x7f\xb5\
\xfc_\x83\xff\x00v\xbc\x1f\xf8\x1e\xbe\x16\xb59R\x9f\
)\xfdu\x96c\xa3\x98a#^?k\xff\x00%\x97\
\xda_#\xf5\xb3\xf6\x1d\xb1\xfb\x0f\xec\xc3\xe0\x9c\xfd\xe9\
\xe0\x9es\xff\x00\x02\x9d\xcd|\xdd\xff\x00\x05B\xbf\x12\
x\xa3\xe1\xfd\xa0\xea\x96\x97\x92\x7f\xdfM\x12\xff\x00\xec\
\xb5\xf5\x87\xec\xa7c\xfd\x9b\xfb9\xfc?\x83\xfb\xda<\
R\x7f\xdf\x7f7\xfe\xcd_\x17\x7f\xc1L/<\xff\x00\
\x8c^\x19\xb4\xdd\xfe\xa3D\xdf\xff\x00}\x5c7\xff\x00\
\x11_U\x8a\xf70'\xf3\xd7\x0d~\xff\x00\x8b\xa5S\
\xfb\xd5?S\xbc\xff\x00\x82[\xff\x00\xc7\x97\xc4o\xfa\
\xefg\xff\x00\xa0\xcb__|e\xff\x00\x92K\xe3O\
\xfb\x03\xdd\xff\x00\xe8\x87\xaf\x90\x7f\xe0\x96\xff\x00\xf1\xe5\
\xf1\x1b\xfe\xbb\xd9\xff\x00\xe82\xd7\xd7\x7f\x1a\x1fg\xc2\
/\x1b7\xfdA\xee\xff\x00\xf4CU\xe0\xbf\xdd\x0f+\
\x8b?\xe4\xa6\xab\xfe(\xfeQ?#\xbff\xdb\x8f#\
\xe3\xa7\xc3W\xf5\xd6m\x87\xfe=_\xb4\x92\x7f\xabo\
\xa5~$|\x11\xb8\xfb'\xc5\x9f\x00M\xff\x00<\xf5\
\xab\x0f\xfd\x1a\x95\xfbh\xdc\xa9\xfa\x7fJ\xe6\xca?\x87\
#\xe8|J_\xed\xb8y\xff\x00w\xf5?\x0f>%\
\xdb}\x8f\xc7\xfe-\x83\xfeyk\x17\x89\xff\x00\x93\x0f\
_\xb6^\x15?\xf1N\xe9\x9f\xf5\xe9\x17\xfe\x81_\x8c\
\x1f\x1c\xad\xfe\xc3\xf1\x83\xe2\x0c\x7f\xdd\xd7/?\xf4k\
W\xec\x9f\x82/\xa2\xd5\xbc\x1b\xa2^\xdb\xb6\xfb{\x8b\
(%\x8d\x97\xf8\x95\xa3Z2\xcf\xe2\xd57\xf1\x02~\
\xd3\x07\x80\x9f\xf7\x7f\xc8\xf3_\x8d\x1f\xb5_\x81\xfe\x03\
\xeb\x96\x1aO\x89[P{\xdb\xc8>\xd3\x12\xd9Zy\
\xa0G\xbbg\xcc\xd9\xf5\xae\x00\x7f\xc1H>\x13\xf3\xfb\
\xad\x7f\xff\x00\x05\xc7\xff\x00\x8a\xaf\x1b\xff\x00\x82\x9ax\
>\xf9<Q\xe0\xff\x00\x14\x08\xd9\xf4\xe7\xb3\x97L\x96\
_\xf9\xe5*\xbf\x9a\x9f\xf7\xda\xb3\xff\x00\xdf\x15\xf1E\
F/0\xad\x87\xaf*qG_\x0d\xf0nU\x9be\
T\xf1\x95\x5c\xb9\xe5\xe7\xe6~\xe0\xfc>\xf1\xce\x97\xf1\
+\xc1\xfaW\x89\xf4i$\x97K\xd5 \xfbD\x0f,\
e\x1bo\xfbKX\xff\x00\x18>-\xe8\x1f\x05|#\
/\x89|E$\xf1\xd8$\xd1\xdb\x8f\xb2\xc2e\x95\xa4\
\x7f\xba\xbbEq\xdf\xb1y\xc7\xec\xc7\xe0\x0f\xfa\xf1o\
\xfd\x18\xd5\xc2\xff\x00\xc1GG\xfcc\xa8?\xf5\x19\xb3\
\xfem^\xbdJ\xd2\x8e\x1f\xda\x1f\x97a\xb2\xda5\xb3\
\xa8\xe0%\xf0\xfbN_\xfc\x98\x84\x7f\xc1H>\x13\xbf\
X\xf5\xfc\xff\x00\xd88\xff\x00\xf1U\xeb\x7f\x04?h\
\x0f\x0a\xfc{\xd3u+\xcf\x0cIv#\xd3\xa6X.\
\xa3\xbc\xb610f]\xcb\xfaW\xe3e~\x8e\xff\x00\
\xc12\xfc+y\xa5\xfc1\xf1&\xb9q\x1bCm\xac\
jJm\xb7\x7f\x1a\xc4\x9b\x19\xbf\xef\xbd\xcb\xff\x00\x00\
\xaf3\x03\x98V\xc4T\xe4\x92?H\xe2\xde\x10\xca\xf2\
<\xbaX\x9a\x0e\x5c\xfc\xcb\xa9\xee\xff\x00\xb5G\xfc\x9b\
\xa7\xc4/\xfb\x03\x5c\x7f\xe8\x06\xbf\x1a\xd3\xeeW\xecG\
\xedoy\x15\x8f\xec\xdf\xf1\x02i\xdfb\x1d*h\xc1\
\xff\x00i\xc6\xd5\xfdZ\xbf\x1d\xeb\x938\xfe$\x0f\x7f\
\xc3\x18\xff\x00\xb1W\xff\x00\x17\xfe\xda\x0e\xfb\x15\xd9\xbe\
\xe2\xd7\xda\x9a7\xc3I#\xf0\x9f\xc1\x8f\x82\x01\x195\
?\x10_\x7f\xc2]\xe2\xa4_\xbf\x1d\xb2\xfc\xea\x8d\xff\
\x00\x8e'\xfc\x02\xbc'\xf6[\xf8am\xf1\x13\xe2\x5c\
w\xda\xde\xd8\xbc\x1d\xe1\x98\xff\x00\xb65\x9b\x89~\xe7\
\x97\x1f\xcc\x91?\xfb\xcc\x9f\xf7\xc2=}\xcb\xfb$i\
\xb7\x7f\x11|G\xe2\xff\x00\x8d\x9a\xc4&\x19|M?\
\xd8\xf4He_\x9e\x0d2/\x95\x7f\xef\xb6\x5c\xff\x00\
\xc0ie\xf4/\xaf\xf3\x1bq\xaeo\x0aO\xd9A\xff\
\x00\x0f\xde\xff\x00\xb8\x92\xd21\xff\x00\xb7u\x97\xdc}\
F\xb0\xa2\xa8\x1b\x17\x81\x8f\xbbRR\xd1_V\x7f8\
\x91\x8c/\x1f\x85|A\xff\x00\x056\xf1\xb7\xd9|\x1f\
\xe1o\x09\xdb6\xfb\xbdN\xed\xae\xe4\x89\x0f\xccV5\
\xda\xbf\xf8\xf3\x8f\xfb\xe6\xbe\xdbc\xf3\x0f\x99\xab\xf3\xab\
\xc5\xbf\xf1\x92\xdf\xb7\xd5\x86\x9b\x16'\xd0|7p\xb1\
\xbb\xe3ryV\xbf\xbd\x97\xfe\xfa\x9d\x82~\x15\xe7\xe3\
\xa5\xfb\xbfg\x1f\xb4}\x87\x0aR\x8b\xc7K\x19S\xe0\
\xa3\x19J_\xa1\xf6\xe7\xc0\xff\x00\x03\x7f\xc2\xbc\xf8O\
\xe1_\x0e\x95\xdb%\x86\x9f\x04R\x7f\xd7M\x81\x9c\xff\
\x00\xdfL\xd5\xde\xe7\xad$J\x15@\xa7\x1c(\xae\xd8\
G\x96<\xa7\xc9\xd5\xa9*\xd5eV[\xc9\x8a\xdfv\
\x8a\x1b\xee\xd1Vd:\x92\x96\x92\x80#h\xd5\xfa\xd7\
\xca\x9f\xf0P\xaf\x84\xbf\xf0\x9e|\x1f\x1a\xf5\xa4\x0d6\
\xa5\xe1\x99~\xd5\xf2}\xf7\xb6o\x96t\xfc\xb6\xb7\xfc\
\x02\xbe\xab$\xae~\x95\x9f\xa9\xe9\xf0j\xd6w6\x97\
1,\xb6\xd7\x114R\xc4\xff\x00u\x95\x97\x0c\xb5\x8d\
j~\xd6\x9c\xa9\x9e\x86]\x8e\xa9\x97b\xe9b\xa9\xfd\
\x99\x1e)\xfb\x1a\xfc^\xff\x00\x85\xb1\xf0GI\x9a\xe2\
u\x93[\xd2\x0f\xf6^\xa1\xcf\xcc\xcf\x17\xdd\x7f\xf8\x1a\
mo\xc5\xab\xde\xd3?6zf\xbf6~\x14j\x93\
~\xc6\xdf\xb5\x96\xa3\xe1\x1dNi\x22\xf0~\xbb\x22\xc1\
\x14\xf2\x9f\x97\xcav\x7f\xb2\xcf\xff\x00\x01m\xf15~\
\x90\xc3)q\x92s\x91\x9a\xe7\xc2\xd4\x94\xe9\xf2K\xe2\
\x89\xecq\x1e\x0a\x9e\x17\x19\xed\xa8\x7f\x0a\xaf\xbd\x1f\xfb\
{\xa7\xc8\xb3Un\xad\xa2\x9a\x19RD\xde\x8c\xbbY\
YwnZ\xb5Ew\x1f0\x9d\x9d\xcf\x81\xbcC\xf0\
\xbe\xc7\xc0\xfe&\xd7>\x06x\x88\xb5\xbf\x80\xfce+\
\xea~\x0d\xd5\x1f\xfea\x9a\x87x\x07\xbe\xeeG\xff\x00\
g_\x11\xf8\xe3\xc1\xfa\xbf\xc3\xef\x11j\xfe\x1d\xd7-\
\x9a\xcfW\xd3\xa5h\xa7\x8b\xff\x00@t\xfe\xf2\xbf\xdf\
V\xaf\xd8\x8f\x8e\xbf\x06t\xbf\x8e\x1e\x05\xba\xf0\xf5\xfc\
\xadiq\xff\x00\x1f\x1a~\xa1\x17\xfa\xdb;\x95\xfb\x92\
\xa5|M\xe3\xcf\x00\xea\x1f\xb46\x97{\xe1?\x11[\
\xa6\x97\xf1\xf3\xc1\xb6\xe62d;S\xc4V+\xf7]\
X\xfd\xe6\xff\x00k\xdf\xfd\xaf\x93\xe7\xb1\xb8K\xfc?\
\xf6\xef\xff\x00\x22~\xdf\xc2|E\x1aZ\xd4\xf8_\xf1\
=~\xcc\xff\x00\xc2\xf6\x9f\x9e\xbdO\xba\xbe\x0cX\x8d\
/\xe1\x1f\x83,\xcfX4{D\x1fO)k\xf3\xb3\
\xfe\x0a%\xa8\x8b\xef\xda1\xe1\x1f\xf2\xeb\xa4[C\xff\
\x00}\x17o\xfd\x9a\x99\xa7\xfe\xde\xdf\x16\xfc+e\x06\
\x8b%\xb6\x8b\x0c\xbab\xad\x9b\xa5\xdd\x83\xa4\xa9\xe5\xfc\
\x9b\x1b\xe7\xfb\xdf-xo\xc4\x8f\x88\x9a\xdf\xc5\x8f\x19\
_\xf8\xa3\xc42\xc36\xa9x\x8a\x8d\xe4Fc\x89U\
Sj*\xa9\xae|v6\x95Z\x1e\xca'\xaf\xc2\xdc\
+\x98e\xd9\xbc\xb1\xf8\x9e^O{\xe1\x97\xf3\x1fh\
\x7f\xc1-\xff\x00\xe3\xcb\xe27\xfdw\xb3\xff\x00\xd0e\
\xaf\xae~5\x7f\xc9!\xf1\xb7\xfd\x81\xef?\xf4CW\
\xc8\xbf\xf0K\xb2#\xb1\xf8\x8d\x83\x8f\xdfX\xf5\xff\x00\
rZ\xfa\xdf\xe3l\xbb~\x10\xf8\xdb\x81\xff\x00 k\
\xce\xff\x00\xf4\xc1\xab\xd1\xc1\x7f\xba\x1f\x9dqZo\x89\
\xea\xdb\xf9\xa3\xf9D\xfck\xf8us\xf6?\x1axR\
\x7f\xf9\xe5\xa9\xd9\xbf\xfeEJ\xfd\xc8F\xde\x81GP\
\xa3\xf9W\xe1\x16\x95r\xd6\x12\xd9\x5c\xc5\xf7\xed\xda)\
W\xfe\x02\xfb\xeb\xee\xc8\x7f\xe0\xa8\x0a\x90\xa8\x93\xe1\xe4\
\xa5\xc0\xc3\x15\xd4\xd4\xaf\xfe\x8a\xaf3+\xc4R\xa1\x19\
\xc6\xac\x8f\xd1\xb8\xeb!\xcc3z\x98y\xe0)sr\
\xa9s~\x07\xcb\x1f\xb4\xa5\xa9\xb3\xfd\xa0\xbe\x22\xc4x\
?\xdb3\xb7\xfd\xf5\xf3W\xd9\xbf\xb07\xed\x1fk\xe2\
\x0f\x0b\xda|7\xd7.R\x1dwJM\x9as\xcc\xdf\
\xf1\xf9k\xd9W\xfd\xa4\xff\x00\xd0JW\xc2\xdf\x16<\
v~(|I\xf1\x17\x8a\xd6\xcb\xfb8\xeb\x17>\x7f\
\xd9|\xdf7\xcb\xf9\x11>\xf7\xf1}\xca\xe6l\xef'\
\xd3o-\xef-'\x96\xda\xee\xdeU\x96\x0b\x8bv\xd8\
\xf12\xfd\xc7W\xae*x\xcf\xab\xe2\xa5V?\x09\xf5\
x\xde\x1c\x8eq\x92\xd2\xc1\xe2}\xda\xb0\x8c\x7f\xed\xd9\
X\xfd\xb4\xf8\x87\xf0\xf7E\xf8\x9b\xe1;\xcf\x0fx\x86\
\xd5/t\xab\xc4\xd9,l>e\xfe\xeb+\x7f\x0b/\
\xf7\xab\xf3\xeb\xe2w\xfc\x13\x9b\xc7\x1e\x1f\xd4f\x93\xc1\
wV\xfe)\xd2\x19\xb7\xc5\x0d\xdc\xabmu\x17\xfb,\
[\xe4\x7f\xf7\xab\xa2\xf8\x19\xff\x00\x05\x19\xbd\xd0\xedm\
\xf4\x8f\x89\x16\x12j\x91*\xecMwOO\xdf\xff\x00\
\xdbX\xbf\x8b\xfd\xe4\xff\x00\xbek\xec\x1f\x02\xfe\xd0\xdf\
\x0e\xfe$@\x1bA\xf1~\x9bu3\xf4\xb7\x96\x7f\x22\
u\xff\x00\xb6M\xb5\xbfJ\xfa\x19}S0\x89\xf8\xbd\
5\xc4\x9c\x1bVJ\x10\xf7\x7f\xc3\xcd\x19\x10\xfe\xcc\xfe\
\x06\xd5\xbe\x1c\xfc\x10\xf0\x8f\x87u\xa8\x96\xdfU\xb1\xb4\
\xd9s\x14o\xbc+nf\xdb\xbb\xfe\x05\x5c\x97\xed\xa7\
\xf0\xbf\xc4?\x17>\x0e\xc9\xa1xf\xd1o\xb5$\xbf\
\x82\xe9m\xdaE\x8br\xae\xed\xdf3|\xbf\xc5^\xf9\
\x1d\xccm\x1a\x90\xeaC\x7ft\xd4W\x17V\xf6\xf1\xbc\
\x92\xc9\x1cq\xaf\xdeg}\xab^\x8c\xa9\xc2T\xfd\x99\
\xf1\x14q\xf8\x8ax\xf8\xe3\xe0\xbd\xfeno\x99\xf9\xe5\
\xf0\x8f\xfe\x09\xc3\xe2\x1dKR\xb7\xbc\xf8\x87\xa8\xc1\xa5\
ij\xdb\xdbL\xd3d\xf3n&\xff\x00a\xe4\xfb\xa8\
\xbf\xee\xee\xaf\xd0\x0f\x0f\xe8\x1ao\x84\xf4{='I\
\xb4\x8e\xc3M\xb3\x89`\x82\xda%\xd8\x91\xaa\x8f\x95E\
y\xa7\x8f\xbfjO\x86_\x0d\xe2c\xaa\xf8\xb7O\x96\
\xe1A\xdbic'\xda\xa7c\xfd\xdd\x91\xee?\xf7\xd5\
|e\xf1\xdb\xfe\x0a\x05\xe2\x1f\x1dY\x5ch\xde\x06\xb4\
\x93\xc2\xdaD\xab\xb6]Bg\xff\x00M\x91\x7f\xd8\xdb\
\xf2\xc5\xff\x00\x01\xdc\xd5\xe7sa2\xf8\xfb\xa7\xda\xcb\
\x0b\xc4\x5ce^2\xaf\x1fw\xff\x00\x01\x8c\x7f\xcc\xe9\
\xbf\xe0\xa0\xdf\xb4E\xae\xbc\x13\xe1\x96\x81w\x1d\xc2A\
r\xb3\xebW\x10\xb7\xc8\xac\xbfr\xdf\xfd\xaf\x9b\xe6o\
\xf7V\xbe-\xd2\xf4\xbb\xed{T\xb4\xd3t\xdbi/\
5\x0b\xc9V\xde\xda\xde%\xde\xf2\xca\xdfq*\xa7\xcc\
\xed\xfcN\xec\xdf\xef\xbb5}k\xf0\xcb\xc0\xf2~\xcd\
:\x0e\x9d\xae\xdei\x9f\xda\xdf\x1b<R\xbfe\xf0\xb7\
\x86\xf6\xefm9\x1b\xe5\xf3\xe7_\xe0o\xfd\x07\xee\x7f\
~\xbez\x5c\xf8\xea\xfc\xd2\xf8O\xd9\xe1O\x0d\xc2\x19\
dp\xb4}\xea\xb2\xf8\x7f\xbd.\xb2\x97h\xc7\xaf\x91\
\xd3i\xff\x00\x08\xda\xde=\x13\xf6u\xf0\xed\xce\xeb\xfb\
\xd3\x16\xb1\xf1\x0b[\xb6\xe1\x22\x87\xe4\xdbl\xaf\xdb?\
\x22\xaa\xfa\x0f\xf6\x9a\xbe\xf8\xd0\xf4;?\x0e\xe9\x16Z\
f\x9f\x02ZX\xd9\xc4\x90[\xc0\x9fv4U\xda\xab\
^[\xfb9\xfc\x0f_\x83\xfe\x13\x9c\xeaW\xbf\xda\xde\
-\xd6'\xfb~\xb9\xaa\xb9\xdc\xf77\x0d\xfc;\xbf\xb8\
\xbf\xc3^\xcb\x81\x83\x9a\xfa\xec=>H\xdc\xfeo\xce\
s\x0f\xaeWq\x8c\xb9\xa2\xbe\xd7\xf3K\xedK\xfc\xbc\
\x89i(\xcdE$\xdbU\xab\xa8\xf9\xf3\xcb\xbfh\xef\
\x8b\x11|\x1c\xf8K\xae\xf8\x8fz\xfd\xba8L\x16(\
O\xfa\xcb\x99>X\x97\xf3;\xbf\xe05\xf3\xdf\xfc\x13\
{\xe1|\xda\x7f\x84\xf5\xdf\x88:\x9cl\xf7\xba\xe4\xff\
\x00e\xb6\x9a_\xbe\xd0D\xdf;\xff\x00\xc0\xa5\xdf\xff\
\x00|\xd7\x01\xfb\x5c\xf8\xc7Q\xfd\xa3\xbfh/\x0f|\
!\xf0\xcc\xfee\x96\x9bu\xe5\x5c\xc9\x08\xdc\xbfio\
\xf5\xb2\xb7\xfb1E\xff\x00\x8fn\xaf\xbd\xfc\x17\xe1\xbb\
\x1f\x05x_J\xd04\xa8V\xdfN\xd3\xad\xd2\xda\x08\
\xd7\xa0U\x5c\x0a\xf3c\xfe\xd1\x88\xe6_\x0c\x7f\xf4\xa3\
\xef1\x11\xfe\xc6\xc8\xe3\x86\xda\xae'\xde\x97\xf8\x17\xc3\
\xf7\x9b\xf1\xf4\xa9))k\xd2>\x0cF\xfb\xa6\x8a\x1b\
\xee\x9a(\x01h\xa2\x8a\x00*7]\xdf\xdd\xa9)(\
\x03\xe5\x7f\xdb\x93\xe0\x0b\xfc\x5c\xf8j5\xcd*\xd0\xcb\
\xe2m\x004\xf0$C\xe7\xb9\x83\xfeZ\xc5\xff\x00\xb3\
/\xba\xff\x00\xb5G\xec3\xfbB\xc7\xf1g\xc0\x0b\xe1\
\xfdb\xe8?\x8a\xb4\x18\xd6\x19\xdaC\xf3\xddA\xf7b\
\x94{\xf1\xb5\xbf\xda\xff\x00z\xbe\xa1\x91C\xaf\xaex\
\xc5~t\xfe\xd3\x1f\x0du\xaf\xd9o\xe3\x1d\x8f\xc5\xcf\
\x02F\xb0\xe8W\x97\x9b\xeemT\xfe\xea\x09\xdf\xfdl\
\x0d\xff\x00L\xa5\xc7\xfc\x05\xff\x00\xe05\xe5\xe2#*\
\x15>\xb3\x0f\xfbx\xfb\xac\x9e\xa5<\xe3\x04\xf2lD\
\xbd\xe8\xfb\xd4\xe5\xfd\xef\xe5\xff\x00\xb7\x8f\xd1\x95\x93w\
J7\x00\xa4\xe2\xb8\x1f\x83\xff\x00\x164_\x8c\x9e\x06\
\xd3\xbcK\xa2\xc8\x1a\x0b\x85\xdb$M\xf7\xe0\x91~\xfc\
O\xe8\xcak\xa8\xd6\xfcM\xa5x~\x15}OQ\xb4\
\xd3\x92F\xda\xadw2\xc4\xac\xde\x99j\xf4\xe3(\xce\
<\xd1>.\xa5\x0a\xb4\xaa\xca\x85H\xfb\xd14~\xee\
N2k\xe5\xdf\x89\x9a\x07\x87\xbfh\xbf\x15k\xba\x1e\
\x87yu\xe1\x0f\x8b\x9e\x01\x9dd\xd3\xf5I\x17k\xed\
\x7f\x99\x1b\xe5\xfb\xf08o\xf8\x0e\xea\xf2\xaf\x8e\xdf\xb4\
\x8f\xc4\x9f\x87\x1f\x185h\xbc\x15\xe2\xad\x07\xc5\xda^\
\xb0\xd0\xae\x9f\xa2Z\x8f\xb7\xdcX\xec\x87\xe6\xfd\xd4_\
ws\xee\xfe&\xdd]\x17\x80\xee\xbe1\xe8\x93j\xbf\
\x17\xfcu\xe1\xef\x0a\xe97\x16\xf6\x0d\x1c\x96\xb2\xc0\xb6\
:\x86\xa1\x1a\xfd\xc8\xde}\xfbb\x1fw\xef\xfc\xdf&\
\xdd\x95\xe6T\xc4F\xa4\xbd\x97\xfe\x04}\xae\x13%\xc4\
\xe0(\xc7\x1d\xed#\x17(\xfb\x9a\xfb\xd7\xed\xca\xf7]\
\x1fC\xcd\xbcq\xf0\xfe\x0f\xda?T\xbe\xd2u{+\
\x7f\x02~\xd0ZL{n\xb4\xfb\x8f\xddZ\xf8\x86\x15\
\xff\x00\x96\x917\xf7\xbf\xdb\xff\x00\xd9~\xef\xc9~ \
\xf0\xfe\xa3\xe1]b\xebI\xd6,&\xd2\xf5K6\xf2\
\xe7\xb5\x9dv\xb2\xb5~\x8a^x\x83\xc2\x1f\xb6\x94\x1a\
M\xaf\xfc!>0\xf0\xf6\xa1\x14\x1fk\xd3\xfce\xf6\
\x05\x894\xc9\x95w\xedK\x8d\xdf7\xcd\xed\xb7\xfd\xda\
\xf3\xcf\x8aZ+\xda\xa5\xb7\x85\x7fh\x8d%\xa6\x88\x7f\
\xa3\xe8\xbf\x154h\xf9\xff\x00anW\xb7\xfc\x0b\xff\
\x00\xb3\xaf/\x13\x83\x8do\xdeG\xff\x00\x02\xff\x003\
\xf4\x1c\x87\x89*\xe0_\xd5+F\xeb\xfe}\xfd\xa8\xff\
\x00\x83\xf9\xa3\xfd\xdd\xd7K\x9f\x1bxk\xc6\x9a\xff\x00\
\x83'\x96m\x03[\xd4tig]\xb2\xb6\x9fr\xd0\
y\xab\xfe\xd6\xda\xd5\xd5>.x\xeb\x5c\xd3\xe7\xb0\xd4\
\xbcc\xaf_\xd9\xce\xbbg\xb7\xb8\xd4%e\x95\x7f\xb8\
\xcb\xba\xbb/\x8a\x9f\xb3\x1f\x8a\xfe\x1b\xda.\xb5``\
\xf1\x8f\x83\xa7O:\x0f\x10h\xbf\xbd\x8fg\xfd5D\
\xfb\xbf\xfa\x07\xfbU\xe3\xc8\xea\xeb\xb9[zW\x8f(\
\xd6\xa3\xeeK\xdd?W\xc2\xcb,\xcdW\xd6\xa8r\xc9\
\xff\x00\x87Q\xf4QEr\x1e\xef\xa0QE\x14\x00S\
\x1d\x15\xfe\xf2\xad>\x8ab\xb2\x96\xe5\xdbo\x10\xea\xb6\
\x0b\xb6\xdbU\xd4\xad\x93\xfb\x90\xdeJ\x9f\xfb=6\xf3\
X\xd45/\x96\xf3S\xbe\xbcO\xee\x5c]<\xbf\xfa\
\x13\xd5J7\xed\xab\xe7\x99\xcd\xec()s\xf2!\x88\
\xaa\x9fuU*\xdd\x8d\x8d\xce\xb1}ocem%\
\xe5\xec\xed\xe5Aon\xbb\xa5\x95\xbf\xb8\xab^\x8b\xf0\
\x9f\xf6t\xf1\x97\xc5\xe8\xde\xf2\xc2\xce=#\xc3\xd1|\
\xf7:\xfe\xaf\xfb\x8bX\xd7\xfb\xc8\xdf\xc7\xff\x00\x01\xaf\
\xa2>\x18\xe8\xdao\x86\xf5\x09\xfc3\xfb?\xe9'\xc6\
>.#\xc8\xd5~$\xea\xf1\xed\xb1\xb0\xfe\xf7\x93\xc6\
\xdf\xc1?\xf1\xfa\xed\xa1\x83\x95o~g\xcc\xe6\xbcI\
\x85\xc1)R\xa1\xefN;\xff\x00,\x7f\xc5.\x9f\x8b\
}\x8e{\xc0\x7f\x0ct\xcf\xd9\xaci\xda\xbf\x894\xd8\
\xfcc\xf1\x93RU\xff\x00\x84w\xc16\xbf\xbd\x16\x0c\
\xdfv\xe2\x7f\xf6\xbf\xf4\x0f\xe1\xfe\xf2\xfd%\xfb5\xf8\
\x17H\xd2<k\xac\xf8\x83\xc5\x9e*\xd3<]\xf1\x9e\
\xee=\xda\xaa[\xdc\xa4\x8d\xa5G\xd0[\xc4\x8b\xf7U\
I\xda\xdfJ\xf1{\x1f\x0e\xea\xde\x1d\xf1\x8d\xef\x85>\
\x14j\x16^4\xf1\xfe\xa6^\x1f\x17x\xf2\xee\xf1?\
\xb44\xf6\xf3vJ\xb1#\x7f\xabU\xe7\xe6]\xdf7\
j\xe7~\x1d\xf8\xba\xdb\xe0\xef\xedy\xf1\x0a?\x03\xf8\
B\xff\x00\xc5I\x15\xa3iv\xba^\x92\xdf7\x98\xbe\
W\x9b,\x8c\xdfqw\xabn\x7f\xefW\xb7NQ\xa0\
\xe2\xb9~\xd7\xf5\xf3?#\xc7C\x13\x9b\xc2\xbc\xfd\xaf\
\xef%\x1en\xd7\x8f2\xf7u\xf8!\xd9o-\xd9\xfa\
P\xab\x8e\x82\x9e02Ey\x17\xec\xfb\xf1\xd6\x0f\x8e\
\x9e\x13\xba\xd4\xbf\xb2n4-WN\xbd};P\xd2\
\xee\x1b{A:u\x1b\xab\xd6\xd5\xc6\xec\xd7\xbb\x19F\
\xa4y\xa2~A[\x0fS\x0bVT+G\x96Q\x1a\
\xc5[p \xf5\x19\xaf\x08\xfd\xae>>[\xfc\x0a\xf8\
m5\xcd\xa4\x91\xff\x00\xc2M\xa9\x97\xb6\xd2\xe2\x7f\xe1\
\x93\x1f4\xad\xfe\xca}\xef\xf7\xb6\xfa\xd7\xa8x\xff\x00\
\xc7:?\xc3\x9f\x0a\xea~\x22\xd7.\xd6\xcbM\xb0\x8b\
\xcd\x92V\xff\x00\xd0W\xfb\xcc\xdc|\xb5\xf9\xfb\xf0\xcf\
\xc2\xba\xef\xed\xd1\xf1\xf2\xf7\xc6>%\x82H\xbc\x15\xa4\
J\xab\xf6Wo\x93\xcb_\x9a+5\xff\x00i\xbe\xfc\
\xad\xff\x00\xd8W\x1e*\xa4\xa3\xfb\xaa_\x14\x8f\xa7\xc8\
2\xdau\xa5,~7\xf8\x14\xbe/\xef>\x91=\x87\
\xfe\x09\xf5\xf0&\xe3\xc3~\x1f\xb8\xf8\x91\xaf\xc4\xcf\xaf\
k\xc9\xfe\x89\xf6\x8f\xf5\xb1\xdb3ni\x1b\xfd\xa9[\
\xe7\xff\x00we}\x94\xa3\xe5'\x1d\xaa\x0bkXm\
 X\xe2E\x86(\xd7j\xaa\xfd\xd5\x15a{a\xbb\
WM\x1aJ\x95>X\x9e6g\x98T\xcd1r\xc5\
T\xeb\xf9v$\xa5\xa2\x8a\xd4\xf3\x04o\xbah\xa1\xbe\
\xe9\xa2\x80\x16\x8a(\xa0\x02\x92\x96\x8a\x00g\xf0\xd6\x0f\
\x8c|'\xa6\xf8\xdb\xc3\xb7\xfa.\xb1e\x16\xa1\xa5\xdf\
D\xd0\x5c\xdb\xcc>VC\xeb[\xff\x00v\x9a\xdf5\
\x05BR\xa7%(\xee~g\xb2x\xbb\xfe\x09\xf3\xf1\
\xa8\x95[\x8dg\xe1\xf6\xb4\xf9\x07\xf8nb\xff\x00\xd9\
nb\xff\x00\xc7\xd3\xff\x00\x1c\xfa'\xe3\xc7\x83<\x09\
\xf1\xf7\xe1\xb5\x87\xc4\xdb];Q\xf8\x83\x0e\x97a#\
iz&\x9br\xea\xb72;/\xdeE\xf9\xb7\xab\x0f\
\x9b\xf8\xbe_j\xf7\x1f\x89\xdf\x0c\xf4\x1f\x8b\x1e\x11\xbc\
\xf0\xe7\x88\xac\x85\xd6\x9bp?\xddx\x9f\xf8d\x8d\xbf\
\x85\x96\xbe\x01\x86\xeb\xe2\x07\xfc\x13\xff\x00\xe2;\xdb\xdd\
,\xba\xf7\x805Y\xfeM\xbf$W+\xfe\xcf\xfc\xf3\
\xb9U\xff\x00\xbe\xeb\xc6\xa9M\xe1_,\xbf\x87/\xfc\
\x94\xfd7\x07\x89\x5c@\xe3^\x94\xb9q\xb4\xff\x00\xed\
\xdfi\x1f\xfeH\x9bC\xf8%\xa9\xfe\xcf\xfaO\x855\
=3P\xbf\xd3\xbe5\xeb\xdey\xb6\xf0\xce\x9dm\x15\
\xd2\x8by\x0e|\xa7i~H\x82q\xba_\xf8\x0dj\
\xfe\xd2\xde\x0f\xd4\xb4\xdf\xecM3\xe2\x06\xb9\x7f\xae\xf8\
\xab^\xdb+\xeb\x97\x93\xcbk\xe1\xef\x0f\x0d\xdf\xf2\xca\
8\xd7\xe6e\xf9\xbe\xff\x00\xb75\xe9\xff\x00\xb4\xd5\xf6\
\x85\xfbA~\xce\xad\xe3_\x06j\xb3\xcf>\x9c~\xd5\
%\xc6\x9f\x02\x0b\xb1\x1a\x07w\xb7\x9f\xe7G\x8dU\x82\
\xbf\xfb\xc8\x8d\xb5\xeb\xcd\xff\x00g\xbf\x8a\xa7\xc3\xbf\x0c\
n\xec\xe0\xf15\xe7\xc5/\x89>.\xfd\xd5\x9f\x84'\
\xbak\xa8\xac~\xf2\xef\x9d\x9b\xee&\xdf\x99\xfe\x9bk\
'\x1aq\x97\xb3\x87\xc2z\x94\xf18\xaa\xf4\xbf\xb4k\
\x7f\x12\x12q\x94ym/\xfc\x0a\xdaF>\x7f7\xd0\
\xfbo\xe1V\x92t\x1f\x87\xfa\x1e\x9c|A7\x8a\x96\
\x0bd+\xab\xdc23\xdd/\xf0\xbf\xcb\xd6\xb7\xb5-\
\x12\xcb\xc4:U\xcd\x86\xa1g\x05\xf5\x8d\xc2\xf9rA\
q\x18tu\xf4ej\xe2\xbe\x04\xfc4\x93\xe1\x07\xc2\
\x7f\x0exR\xe2\xf0\xdfO\xa7\xc1\x89.:/\x9a\xcd\
\xb9\xf6\xaf\xf7w1\xdbZ\x9f\x12>-xW\xe1\x0e\
\x885/\x16kV\xdaD\x126\xd8\xd6W\xfd\xec\xed\
\xfd\xd8\xd3\xef7\xe1^\xdcd\xa1O\xde?)\xa9\x09\
\xd6\xc5\xc9a\xfd\xe9s{\xb6\xeb\xf2<C^\xfd\x95\
u\x8f\x86\xb7\x97\x9a\xf7\xc1\x9f\x16\xb7\x83\xb7\x0f6\xe7\
\xc3Z\xa0\xf3\xf4\x89\xfe\x8a\xdf\xea\xbf\x0f\xfcv\xbc\x07\
\xc7\x9a\x7f\x80\xbcA\xe5\xcf\xf1k\xe1\xcd\xff\x00\xc3\x8d\
J\xeb\xe6O\x18x<}\xabK\xb9\xff\x00o)\xb9\
v\xfdEu\xfe\x22\xf8\xdf7\xc5\xd8u/\x13|A\
\xd0<U\xa5|\x22\x85^M.\xc2\xda\xd1\x92\xcfS\
\x0a\x9f+_N\x9f\xbd\xda\xed\xf2\xaa\xed\xf2\xbeo\x99\
\x9e\xbe\xba\xf8_\xa8i\x9e0\xf8c\xe1\xcdB\x0d&\
\xda\xc3K\xd44\xd8&\x8bK]\x8f\x14\x11\xb4k\xfb\
\xae>V\xdb\xf7k\xcdt\xe9\xe2=\xdag\xdb}{\
\x19\x94\xc6\x151>\xf4\xbf\x9a>\xec\xa3\xfd\xdeo\xb4\
\xff\x00\xc4\x9d\x8f\xcd\xdb\x8f\xd8\xe6\xf7\xc5\x16\xef{\xf0\
\xc7\xc6\xfe\x1e\xf8\x83e\xfc1Gp\xb6\xd7_\xf05\
j\xf3o\x14|\x03\xf8\x91\xe0\xb7q\xacx\x1fZ\x81\
S\xfeZ\xc3h\xd7\x11\x7f\xdfQoZ\xfd3\xf1\x97\
\xecc\xf0\x9f\xc6WOz<6\xba\x0e\xa8\xcd\xbb\xed\
\xda\x14\xefg*\xb7\xfc\x04\xed\xff\x00\xc7k\x96\xff\x00\
\x86a\xf8\x89\xe1\x16a\xe0\xcf\x8e^\x22\xb3\x84\x0f\xdd\
\xdbk\xd0\xa6\xa4\xab\xff\x00\x02z\xf3\xe5\x96\xaf\xe5\xff\
\x00\xc0\x7f\xe0\x9f[\x81\xe3\xca\xb0\xb2\x9dX\xbf\xfa\xf9\
\x1b\x7f\xe4\xd0\xbf\xfe\x92~]\x5c\xc3-\x9bm\xb9\x8a\
Kg\xfe\xe4\xd12\x7f\xe8U_\xed0\x7f\xcfU\xff\
\x00\xbe\xab\xf5\x0a\xf3\xe1\xef\xed'\x0a\xe2O\x10|>\
\xf1B\xff\x00\xd4KKx\x99\xbf\xef\x85\xac\xe6\xf0?\
\xed\x09\xbb-\xe1?\x84\xaf\xfe\xd1\xb7\x9a\xb8\xe5\x96>\
\xf2\xff\x00\xc0\x7f\xe0\x9fKO\x8e\xe3(\xeb\x1a\x7f\xf8\
3\xff\x00\x92\x89\xf9\xa7\x0e\xeb\x96\xdb\x02\xb4\xcf\xfd\xc8\
W}v\x9e\x17\xf8'\xf1\x0b\xc6l\x8b\xa2\xf8/\x5c\
\xbdF\xfe3b\xd0\xa7\xfd\xf6\xfb\x16\xbfB,\xfc\x03\
\xfbJN6\xc3\xaa\xfc7\xf0\xc27\xfd\x03\xf4\xc9e\
e\xff\x00\xbe\x96\xad\xb7\xec\xdb\xf1K\xc5h\x07\x8b~\
9\xeb\x02&\xfb\xd6\xfe\x1d\xb1\x87O_\xfb\xef\xefV\
\xd1\xcb\x17\xf7\xbf\xf2_\xf39+\xf1\xf7*\xf7\x1d8\
\xff\x00\xdb\xd2\x97\xe5\x15\xf9\x9f\x1fX~\xc5\xfe$\xd2\
mR\xff\x00\xe2\x0f\x8a<;\xf0\xebJ_\x99\xe4\xbf\
\xbeIg\x0b\xfe\xccK\xf2\x7f\xe3\xf5\xd9|?\xf0\xcf\
\xc3\x1d\x1fSKo\x86~\x05\xd6\xbe9\xf8\x9a&\xc7\
\xf6\xb6\xa9\x07\x91\xa4@\xf8\xfb\xd9\x7f\x93\xfc\xfd\xea\xfa\
\xbb\xc2\xff\x00\xb1/\xc2\xdd\x06\xf1oo\xf4{\xaf\x15\
\xea\x7f}\xaf\xbcEt\xd7\xaf\xbb\xfd\xd6\xf9\x7f\xf1\xda\
\xd1\xfd\xa3\xbe#j\x7f\xb3\xef\xc2q\xae\xf8S\xc3\xf6\
7\x90X]\xc1\x1d\xcd\x9b/\x95\x1cV\xac\xdb]\xd1\
W\xbf\xdd_\xf8\x15w\xc3\x05\x0aQ\xe6^\xef\xfeL\
|v'\x8bq\x19\xa5H\xe1\xe19T\x94\xb4\xe5\xfe\
\x1c\x7f\x0b\xca_\xf8\x12<\xff\x00M\xfd\x98\xbcc\xf1\
bx.\xbe3x\xa0>\x91\x1b+\xc3\xe0\xbf\x0d1\
\xb6\xb0\x8f\xfb\xab+\xaf\xcc\xff\x00\xe7\xe6\xaf\xa4|/\
\xe1M\x1f\xc1\xfaM\xbe\x95\xa1i\xd6\xfa^\x97l\xbb\
\x22\xb5\xb5\x8fb-q\xba\xe7\xc7?\x0c\xf8o\xe1\x1d\
\xb7\xc4]F\xe7\xc8\xd0\xae,c\xbe\x85[\xfdl\x8c\
\xeb\xb9bU\xfe'\xfe\x1cV\x17\xec\xd1\xfbEG\xfb\
Dx\x7fS\xd5 \xf0\xbe\xa3\xa0\xc5c:\xc0\xb2]\
\xb7\x9b\x15\xc6\xe1\x9f\xdd\xcb\xfc{q\xf3W\xa5O\xd8\
\xd3\x97,~#\xe11_\xdaX\xaa\x12\xafR6\xa5\
\x09r\xf6\x8a\x97\xa7rO\x89\x1a\x7f\x83\x7fg\xff\x00\
\x0e\xf8\xef\xe2m\x96\x87ec\xae\xcbf\xf3\x5c]\xaa\
\x1f6\xee\x5c~\xe9\x0f\xfb\xd2\x15\xfb\xb5\xf3\xc7\xc04\
\xd6>\x02\xfc\x05\x97\xc6\xc3\xc3\x17\xde-\xf8\x81\xe3\x89\
d\xd4\x15-\x97\xe5\x8a\x05V\x95Zy\x7f\x86/\xbf\
'\xfb[\xd5+\xeb\xdf\x89\x9f\x0c\xf4\x1f\x8b\x9e\x0b\xbd\
\xf0\xcf\x89m^\xe3K\xbc+\xb9\x22\x97k\xab)\xdc\
\xac\x8d\xd9\xb2\x05d\xf8\xb3A\xd6<\x1f\xf0\x9c\xe8\x9e\
\x00\xd2muK\xeb;\x15\xb0\xb2\xb2\xd5nYb*\
\x17g\xce\xc7\xef|\xbf\xf7\xd5D\xe8\xfb\xdc\xd1:0\
y\x8a\x8e\x1f\xea\xf5=\xe9JQ\xe6\xe6zr\xc7h\
\xdf\xb1\xf37\xc1\x7f\x8ez\x1f\xc2\x9f\x83\xda5\xde\x9d\
\x0b\xf8\xd3\xe2w\xc4\x0dN}Y\xb4\x1d>UI^\
\xe6Y[v\xef\xf9\xe5\x12*\x7f\x17\xa5}\x8b\xa9x\
\x9a\xd3\xc3\xbe\x1d\x9bY\xd7\xa6\x87H\xb4\xb5\x83\xcf\xbb\
\x96y>H\x06>o\x9a\xbf?|+\xfb8\xea\xbf\
\x0a\xee\xbc\x1d\xe2\x1f\x16h\x9a_\xc3\xdd;\xc2\xda\x87\
\xf6\xb6\xb3\xe2\xa9u\x95\x9e[\xe7_\xb9\x04\x11/\xdc\
O\xe1\xdbT\xbcy\xf1\x1b\xc7\x7f\xb7\x87\xc4%\xf0\x97\
\x83\xed\xa7\xd2<\x0dg*\xcb+\xdc|\xaa\xab\xff\x00\
=\xee\xbf\xda\xfe\xecU\xc7O\x11*q\xe5\x94}\xef\
\xb3\x13\xea\xf1\x99&\x171\xc4*\xf8j\x9f\xba\xd6U\
*?\xb3\xae\x91V\xd3m\x96\xfd\xfb\x0d\xf1\xf7\x8d\xbc\
U\xfby\xfc^\xb5\xf0\x8f\x85\x16};\xc0zd\xbe\
kK*|\x88\x9f\xf3\xf5?\xfbm\xff\x00,\xa2\xff\
\x00\xec\xab\xef\xcf\x86\xbf\x0d\xb4_\x84\xfe\x0a\xd3\xbc7\
\xe1\xdbo#O\xb3\x8f\xe5\xe3\xe7\x91\xbf\x8aF\xfe\xf3\
5d|\x14\xf85\xe1\xef\x81\xde\x0b\xb7\xf0\xfe\x83\x10\
\xc6|\xdb\xab\xc9W\xf7\xb7r\xff\x00\x14\xaf\xff\x00\xc4\
\xff\x00\x0dzF\xdf\xdd\x808\xae\xbc5\x19S\xfd\xe5\
_\x88\xf9l\xe77\xa7\x8a\x8cp8\x18\xf2\xe1\xe9\xfc\
1\xfeo\xefK\xcd\x8fO\xb9N\xa0R\xd7q\xf2\xe1\
E\x14P\x027\xdd4P\xdft\xd1@\x0bE\x14P\
\x01E\x14P\x01IKE\x00F\xdfr\xb9\x9f\x1cx\
\x17D\xf8\x81\xe1\xeb\xdd\x1b_\xd3\xe0\xd4\xf4\xcb\xa4\xd9\
-\xbd\xc2e{\xfc\xcb\xfd\xd6\xe7\xefWSI\xc5-\
$\x8b\x84\xe5N|\xf0z\x9f\x9a\xdf\x10~\x05|G\
\xfd\x8e<Mq\xe3O\x87w\x93\xea\xde\x10c\xfe\x99\
o*\xf9\xa1b\xff\x00\x9ew1\x7f\x12\x7f\xd3U\xfb\
\xbf\xec\xd7\xd0\x9f\xb2\xff\x00\xed\x19\xf0\xcb\xe2L+k\
\xa3\xe9\x1a_\x82\xfc[2\xe6}1`\x8a3q\xfe\
\xd4R\xaa\xe2U\xff\x00g\xefW\xd3\xb2\xc6\xa62\x8c\
\x01B9\xcfz\xf9\x07\xe3\xf7\xec\x0d\xa0\xf8\xea\xe2}\
\x7f\xc02G\xe1/\x11n\xf3Z\xd1~[)\xe4\xfb\
\xdb\xd7o\xfa\x87\xff\x00m?\xef\x9a\xf3\x1d\x1a\xb8y\
s\xd1\xf7\xa3\xfc\xa7\xdfQ\xcd\xb0Y\xdd/\xab\xe6\xdf\
\xbb\xa9\xff\x00?#\xff\x00\xb7\xc7\xaf\xa9\xf6\x02\xe7\x0a\
wc\x8e\x95\xf1g\x8f<u\xf0\x7f\xc1\xff\x00\x19\xbc\
~>,\xc7}\xe2\x1f\x11\xb1\x8a\xde\xc2\xd7T\xd2\x9e\
{sb\xc8\xac\xb0Y\xaf+\xf7\xf7no\x97sW\
\x9exO\xf6\xad\xf8\xb3\xfb5\xea\xb6\xfe\x16\xf8\xb5\xa0\
\xde\xeb:j\x9d\x90\xdeJ3q\xb7\xfb\xd1O\xf7g\
_\xfc{\xfd\xaa\xfb\x03\xe1\x7f\xc7O\x86\xff\x00\x1b\xa2\
\xb7\xba\xd0u;\x1b\xedN\x05\xff\x00\x8fK\xa8\xd5/\
 \xff\x00\x807\xcd\xff\x00|\xd5{x\xe2\x17,}\
\xd9y\x9cR\xcaq\x19,\xa5^\xac}\xa5\x19}\xaa\
r\xfdl\xf9O\x95>:|A\xf1\xcf\xc4\x8f\x87\xa7\
\xc4\x17\xde\x1d\x1e\x05\xf8geyg\x06\x9d\xa3\xea\x7f\
,\xda\xb4\xaf2$Ot\xab\xfe\xaa\xd5>\xf6\xcf\xe2\
\xdb\xfcU\xdf~\xc8>=\xd4\xfc;\xaf]x\x0e\xfa\
\xea\x1dg\xc3\x1a\x8d\xe5\xfd\xc7\x85\xf5\xfbx\xc4Q\xdd\
\xb42\xff\x00\xa5\xc4\xaa\xbf*\xae\xf6\xdc\xbb\x7f\x87}\
}\x19\xf1O\xc3\xfe\x13\xf1G\x83n\xf4\xbf\x1a\x1bA\
\xe1\xbb\xb6H\xe7\x17\x97\x1eB\x16\xdd\xb9>m\xcb\xb5\
\xb7W\x8f\xc7u\xe1\x8dk\xe3\xa7\xc3?\x08\xf8\x10\xd9\
\xcdc\xe0\xb8/5\x0b\xef\xec\xa6V\xb7\xb4\x8aKs\
\x04P\xb3/\xf1;>\xef\xf8\x05%FT\xaass\
\x1b,\xc6\x8e3\x01,\x1f\xb1\xe5\x8f\xbd/%h\xfb\
\xbe\xf6\xfc\xd7\xfc\xfd-\xd0\xdc\xfc~\xba\xba\xfd\xa4\xb4\
\xdf\x00\xe8\xb6\x07T\xd0R\xd2_\xed}N\xd2\xdd\xe6\
[[\xcf\xe0\x89\xa5O\x956\xaa\x9d\xdb\xff\x00\xbe\x95\
\xed\xd3yQ\xdb\xb4\xacU\x11Ws5\x16\xd6P\xdb\
1\xf2!\x8e-\xcd\xb9\xc2\xa0]\xcd\xeb\x5cW\xc7O\
\x12\x5cxO\xe0\xdf\x8c\xf5[H\xe4\x9a\xfe\xd7K\x9d\
\xe0HWs\xb4\xa5\x0a\xa0Q\xfe\xf3\x0a\xef\xf7\xa3\xcc\
\xcf\x91\x97\xb2\xc4\xd4\xa7N\x11\xe5\xd9z\xbe\xe6=\xbf\
\xc7\xff\x00\x0aM\xf0\xdfI\xf1\xc3\xcb{\x1e\x93\xaa\xcb\
\xe4i\xf6\xe2\xdd\x9e\xee\xea_1\xd1R8\x97s3\
6\xd6\xff\x00\x80\xd6\xc7\x84\xfe0\xf8g\xc5\xbe\x1f\xd5\
\xf5{{\xa9,\xa0\xd2\x0b.\xa7\x16\xa5\x03\xda\xcfd\
\xca\x9b\xdb\xcd\x8d\xbee\xf9N\xea\xf1o\x19x~\xcf\
\xe1\xbf\xc3\x7f\x826_\xda\x96\xfe\x1c\xd5\xf4)!\x16\
\x17\x9a\xac\x0c\xfao\xda\x05\x93\xa4\xb1\x5c\xb0e\xf2\xf7\
\xa3\xcb\xb5\xbf\xbc\x05`\xf8J+\xaf\x13x\x13\xe3\xe7\
\x8b\xbcC\xe2+\x1b]#]E\xb0\x8b\x5c\xb1\xb3\x95\
\xac\x96(-\xfc\xa7\x965\xfb\xd2\xc4\x8e\xee\xbb\xbf\x8b\
cV1\xa9+\x9e\xb7\xf6~\x1eP\x95H\xb7\xf1{\
\xbf\xf8\x15\xad\xb7o3\xdf\xfc\x1b\xf1\xe3\xc1\x1e=\x9e\
\xe2\x1f\x0f\xeb\x83R{[o\xb5\xca\xdfe\x96$X\
\xbf\xbd\xbd\xd1V\xb9\xef\x08\xfe\xd2\x1a/\x8b\xb5\xcd\x0e\
\xcdt\x1dsN\xd3\xf5\xf7u\xd1u\x8b\xcbeKM\
Cb\x97\xf9~}\xeb\xbd\x15\x99w\xa2\xeeQ\x5c\x97\
\x84\xb5\xedo\xc3\x9f\x13</\xe1\x08<k\x1f\xc4]\
\x0b^\xd2.ng\x85\xad\xe0S`\xb1*ys+\
E\xff\x00,e\xdd\xb7k\xe7\xfd\xea\xf1/\x87\xf6\xab\
\xa5\xaf\x81\xc6\x99\xa9k\xaf\xf1CH\xd6\xfc\x81\xe0\xeb\
\xa8\xa5{-6\xd5\xa7\xd9<J\xac\x9bc\x89-\xf3\
\xb2}\xdb\xbf\x95D\xabK\xdd:a\x96\xe1\xa5\xed?\
\xf2_\xfc\x9b}\x15\xb5]Q\xfa\x04\x8d\xba\x10Xl\
>\x95\xf1\xb7\xed\xa9\xfbUxo\xc2\xfao\x89\xfe\x19\
&\x99s\xaa\xeb\xb7\x96\x02\x09\x9ao\xddZ\xc0\xb2\xa1\
em\xff\x00y\x98/\xcd\x85\xf4\xaf\xb2W\xee\xaf\x15\
\xe5\xbf\x1b>\x11\xe9\x7f\x11\xfc-\xaf\x91\xa1iw\x9e\
$\x93K\xb8\xb3\xb1\xbe\xba\x85<\xd8\xd9\xe3;G\x98\
y_\x9a\xb5\xc4FS\xa7%L\xf3rz\xf8\x5c6\
:\x9d\x5cd9\xa2\xbc\xec|\x99\xfb5\xfe\xcf\xed\xe3\
?\x87z?\xc4/\x8bZ\x94\xba\xd7\x84\xb4\x1d=\xa5\
\xd1|?+n\xb7\x8a\xda \xcc\xd2\xca\x89\xf7\xf8V\
\xda\xbf\xf7\xd7\xf7k\xea\xef\x83?\x1d\xbe\x1e\xfcX\xb1\
\x96\xdb\xc0\xba\xb47?a\x89]\xb4\xe1\x03@\xf0\xc6\
~U\xfd\xd9_\xbb\xfe\xed7\xf6o\xf0f\xb3\xe0\xbf\
\x80\xbe\x15\xf0\xd7\x8am!\x83V\xb1\xb3kk\x9bx\
\xe4Y\x93n\xf6\xd8\xbb\xbe\xeb|\x9b+\x9e\xba\xb7\xf8\
'\xfb)\x9dW]h\xb4\x9f\x08]jd\xf9\xb0\xc2\
\xcc\xd7\x17\x1f\xc5\xb2(\xb9m\xbf\xec\xa2\xed\xaej4\
\xfe\xaf\x18\xff\x00/\xda=\x9c\xc3\x16\xb3|Mx\xda\
R\x977\xee\xe3\x1f\x87~\xde}\xd7\xcc\xf7\x9f0`\
c\xa7\xadx\xc7\xc7\xaf\xda\x93\xc1\x9f\x01\xf4\xf3\x1e\xa9\
q\xfd\xa5\xaf\xc8\x9b\xed\xb4K)\x01\xb8o\xf6\x9f\xfe\
y\xaf\xfbM_.x\xf3\xf6\xda\xf1\xf7\xc6\xbdY\xbc\
#\xf0sA\xbc\x81\xa7\xf9M\xef\x95\xe6^m\xfe\xff\
\x00\xf7`_\xf6\x9f\xff\x00\x1d\xae\xcf\xe0o\xfc\x13\xf6\
\x0b]A|I\xf1^\xf7\xfe\x12MjW\xfbA\xd2\
\x84\xad-\xb8oY\xe5o\x9aV\xff\x00\xc7\x7f\xde\xa5\
<L\xaa\xfb\xb8o\xfc\x08\xe8\xa5\x90\xe1\xb2\xb8\xc7\x11\
\x9d\xd4\xe5\xff\x00\xa7q\xf8\xa5\xff\x00\xc8\x9eU\xe1\xef\
\x04|S\xfd\xbc\xfcY\x06\xbd\xe2[\x894\x0f\x01\xdb\
\xcb\x986\xaf\xfa<k\xfd\xdbeo\xf5\xb2\x7f\xd3V\
\xff\x00\xec+\xefo\x86\x9f\x0a\xbc;\xf0\x8f\xc2\xb6\xfa\
\x07\x86\xac\x12\xc7O\x8b\xe6o\xe2y\xdf\xbc\x927\xf1\
3WWgg\x0e\x9bg\x14\x10G\x140F\xbb#\
\x8e$\xd8\xaa\xbf\xdd\x0bV\xe4\xfb\xa4p~\xb5\xbd\x1c\
<i\xfb\xef\xde\x91\xe3\xe6\xb9\xe5l\xc61\xc3\xd3\x8f\
\xb3\xa1\x1f\x861\xfd{\xb2jZA\xd0R\xd7Y\xf3\
\xa1E\x14P\x01E\x14P\x027\xdd4P\xdft\xd1\
@\x0bE\x14P\x01E\x14P\x01E\x14P\x01IK\
E\x00%3\xc9_\xee\xadIE\x00s^*\xf0f\
\x8b\xe3}\x12]+\xc4\x1a]\xa6\xaf\xa7\xcd\xc3[\xde\
F\xae\x87\xf3\xaf\x90\xbe+\x7f\xc184\xeb\x9b\x83\xaa\
\xfc8\xf1\x04\xde\x1c\xbfF\xdf\x15\x95\xf4\xaf$(\xdf\
\xf4\xcaU\xfd\xe4_\xf8\xf5}\xbd\xfc<Sv\x8e\xe2\
\xb9\xebQ\xa7_\xe3\x89\xece\xf9\xbe?+\x95\xf0\xb5\
m\xfd\xdf\xb3\xf7\x1f\x99\xde$\xf1g\xed\x05\xf0wI\
\xb8\xd0~\x22xe~ \xf8BQ\xe5J\xba\xb4?\
o\xb7t\xf7\x9e?\x99\x7f\xe0b\xbd\x17\xe07\xed\xbf\
\xf0k\xc2:X\xd2G\x82\xe4\xf8{\x1c\x8d\xbaf\xd3\
`Y\xed\xd9\xbf\xbe\xec\x9f\xbc\xff\x00\xbe\x92\xbe\xeb\xf2\
S\xe6\xf9~\xf7Z\xf3\x1f\x1e~\xcd_\x0c\xbe\x22n\
m{\xc1\xbad\xf3\xb7[\xa8\x22\xf2&\xff\x00\xbe\xe3\
\xda\xdf\xadq\xfdV\xa59sR\x97\xfe\x04}/\xf6\
\xe6[\x8d\xa7\xec\xf3\x0c//\xf7\xa9\xbe_\xfc\x97\xe1\
&\xf0w\xed\x0d\xf0\xd7\xc7\x11\xa9\xd1\xbco\xa3\xdc\xbc\
\x9d!k\x95\x8a_\xfb\xe1\xf6\xb5z\x02\xddGp\xaa\
\xd14r#}\xd6S\xba\xbe@\xf1G\xfc\x13G\xc0\
:\xa4\x8f.\x8f\xaekz+\xb7\xddIY.\x91\x7f\
\xef\xb5\xdd\xff\x00\x8f\xd7\x05?\xfc\x13\xbf\xe2\x1f\x85\xdb\
\x7f\x84\xbe'\xc6\xbb~\xee\xe7\xba\xb2o\xfcq\xde\xab\
\xdbba\xf1\xd3\xff\x00\xc0L\xff\x00\xb32\x0cF\xb4\
1\xd2\x87\xfd|\x83\xfc\xe2}\xed}\xa7\xd9j\xb6\x8d\
m{i\x0d\xed\xbc\x9f+Cq\x1a\xba7\xfc\x05\xa9\
\xff\x00\xd9\xf6\xa9c\xf6_\xb3C\xf6]\x9e_\x93\xe5\
|\x9b\x7f\xbb\xb6\xbe\x04\xff\x00\x86u\xfd\xab\xf4L\x8b\
\x1f\x88\x8dr\x8b\xf7q\xae\xca\xdf\xfa1\x0d;\xfe\x14\
\xff\x00\xed\x89\xd0\xf8\xc2_\xc7W\x8f\xff\x00\x88\xa7\xf5\
\xa9}\xaaR\x05\xc3\xb4?\xe5\xdeaG\x97\xfcG\xdb\
\xfe\x15\xf8u\xe1\x9f\x04\xb5\xc3\xe8>\x1b\xd2\xb4G\xb8\
\xff\x00X\xda}\xa2A\xbb\xfd\xed\x82\xb7\xdd\xe1\x81I\
f\x8d\x17\xfd\xa2+\xe0\x19?g\xbf\xda\xd3UR\xb7\
?\x10d\x85O\xfdG\x1d\x7f\xf4\x04\xa4_\xf8'\xdf\
\xc5O\x156|W\xf1=\x19\x1b\xef~\xfe\xea\xf1\xbf\
\xf1\xe7JK\x11W\xec\xd1.y\x0e\x022\xe6\xc4\xe6\
T\xff\x00\xed\xdei\x1fc\xf8\xb3\xe3\xaf\xc3\xef\x01\xc6\
\xe3\x5c\xf1\x96\x8d\xa7\x15\x1f\xea\x9a\xf1ZO\xfb\xe1~\
j\xf0o\x1e\x7f\xc1H>\x1exyeO\x0f\xd9j\
\x9e)\x9f\xf8\x1dc\xfb,\x1f\xf7\xd4\xbf7\xfe;X\
\xde\x13\xff\x00\x82c\xf8.\xc5\x96]w\xc4z\xc6\xb1\
'\xf1%\xaa\xc5j\x8f\xff\x00\xa17\xfe=^\xe9\xe0\
\x7f\xd9S\xe1_\xc3\xff\x00.]\x1f\xc1\xda\x7f\xda\x97\
\xfe^\xaf\x97\xedS\x7f\xdfrn4\x7f\xb6\xcb\xf9b\
B\x8f\x0c`\xbe)T\xaf/\xfc\x02?\xe6|\x89'\
\xc7\xff\x00\xda7\xf6\x8co\xb2x\x1b\xc3\xb2\xf8oF\
\x9b\xe5\x17Vp\xf9[W\xfd\xab\x99\x7f\xf6J\xea\xfe\
\x1a\xff\x00\xc19g\xd5\xb5/\xed\xcf\x8a\x9e(\xb8\xd6\
\xaf\xe4\xf9\xe5\xb2\xb0\x9d\x9b{\x7f\xd3Y\xdb\xe7o\xf8\
\x0e\xca\xfb\xae+u\x89\x02\xa2\x85U\xfb\xa1E;h\
\x1fx\xe7\xf0\xa7\x1c\x1a\x97\xbdZ\x5c\xc6ux\xa6\xb5\
({,\xb6\x94p\xf1\xfe\xef\xc5\xff\x00\x81\x1c\x9f\x80\
~\x1a\xf8o\xe1\xb6\x8e\x9ag\x86\xb4K=\x1a\xc5y\
1[F\x13w\xfbL\xdfy\x9b\xdd\xab\xad\xf2\xc6:\
P\xc4w4\xee6\xd7\x7f\x22>2u'V\x5c\xf3\
\x974\x87Q\x8fjZ*\x89\x0a(\xa2\x80\x0a(\xa2\
\x80\x0a(\xa2\x80\x11\xbe\xe9\xa2\x86\xfb\xa6\x8a\x00Z)\
\xbb\xa8\xdd@\x0e\xa2\x9b\xba\x8d\xd4\x00\xea)\xbb\xa8\xdd\
@\x0e\xa2\x9b\xba\x8d\xd4\x00\xea)\xbb\xa8\xdd@\x0e\xa4\
\xa4\xddF\xea\x00u%&\xea7P\x03|\xa1\xbb4\
<A\xa9\xdb\xa8\xdd@\x0d\xf2\x85/\x92\xb4\xbb\xa8\xdd\
@\x09\xe5\xd1\xe5\xd2\xee\xa3u\x00&\xdf\x96\x95Wh\
\xc5\x1b\xa8\xdd@\x0e\xa2\x9b\xba\x8d\xd4\x00\xb4Rn\xa3\
u\x00:\x8an\xea7P\x03\xa8\xa6\xee\xa3u\x00:\
\x8an\xea7P\x03\xa8\xa6\xee\xa3u\x00+}\xd3E\
&\xea(\x03\xff\xd9\
\x00\x01py\
\xff\
\xd8\xff\xe0\x00\x10JFIF\x00\x01\x01\x01\x01,\x01\
,\x00\x00\xff\xe1\x14*Exif\x00\x00II*\
\x00\x08\x00\x00\x00\x09\x00\x0e\x01\x02\x00\x8a\x01\x00\x00z\
\x00\x00\x00\x12\x01\x03\x00\x01\x00\x00\x00\x01\x00\x00\x00\x1a\
\x01\x05\x00\x01\x00\x00\x00\x04\x02\x00\x00\x1b\x01\x05\x00\x01\
\x00\x00\x00\x0c\x02\x00\x00(\x01\x03\x00\x01\x00\x00\x00\x02\
\x00\x00\x001\x01\x02\x00\x0d\x00\x00\x00\x14\x02\x00\x002\
\x01\x02\x00\x14\x00\x00\x00\x22\x02\x00\x00;\x01\x02\x00\x07\
\x00\x00\x006\x02\x00\x00i\x87\x04\x00\x01\x00\x00\x00>\
\x02\x00\x00\xfa\x03\x00\x00{\x22data\x22:{\
\x22pictureId\x22:\x22c88\
e2afcf59d4f80ac5\
7f02fe27ce9ef\x22,\x22\
appversion\x22:\x2212.\
1.1\x22,\x22stickerId\x22\
:\x22\x22,\x22filterId\x22:\x22\
\x22,\x22infoStickerId\
\x22:\x22\x22,\x22imageEffec\
tId\x22:\x22\x22,\x22playId\x22\
:\x22\x22,\x22activityNam\
e\x22:\x22\x22,\x22os\x22:\x22andr\
oid\x22,\x22product\x22:\x22\
retouch\x22,\x22origin\
AppId\x22:\x222515\x22,\x22e\
xportType\x22:\x22\x22,\x22e\
ditType\x22:\x22\x22,\x22ali\
as\x22:\x22\x22,\x22enterFro\
m\x22:\x22enter_launch\
\x22,\x22capability_ke\
y\x22:[],\x22effect_ty\
pe\x22:\x22tool\x22,\x22effe\
ct_id\x22:\x22tool\x22},\x22\
source_type\x22:\x22do\
uyin_beauty_me\x22}\
\x00,\x01\x00\x00\x01\x00\x00\x00,\x01\x00\x00\x01\x00\x00\
\x00GIMP 2.10.30\x00\x002\
025:05:04 00:49:\
21\x00Xingtu\x00\x00\x03\x00\x08\x92\x03\
\x00\x01\x00\x00\x00\x00\x00\x00\x00\x86\x92\x07\x00\x91\x01\x00\
\x00h\x02\x00\x00\x01\xa0\x03\x00\x01\x00\x00\x00\x01\x00\x00\
\x00\x00\x00\x00\x00\x00\x00\x00\x00\x00\x00\x00\x00{\x22d\
ata\x22:{\x22pictureId\
\x22:\x22c88e2afcf59d4\
f80ac57f02fe27ce\
9ef\x22,\x22appversion\
\x22:\x2212.1.1\x22,\x22stic\
kerId\x22:\x22\x22,\x22filte\
rId\x22:\x22\x22,\x22infoSti\
ckerId\x22:\x22\x22,\x22imag\
eEffectId\x22:\x22\x22,\x22p\
layId\x22:\x22\x22,\x22activ\
ityName\x22:\x22\x22,\x22os\x22\
:\x22android\x22,\x22prod\
uct\x22:\x22retouch\x22,\x22\
originAppId\x22:\x2225\
15\x22,\x22exportType\x22\
:\x22\x22,\x22editType\x22:\x22\
\x22,\x22alias\x22:\x22\x22,\x22en\
terFrom\x22:\x22enter_\
launch\x22,\x22capabil\
ity_key\x22:[],\x22eff\
ect_type\x22:\x22tool\x22\
,\x22effect_id\x22:\x22to\
ol\x22},\x22source_typ\
e\x22:\x22douyin_beaut\
y_me\x22}\x00\x09\x00\xfe\x00\x04\x00\x01\x00\x00\
\x00\x01\x00\x00\x00\x00\x01\x04\x00\x01\x00\x00\x00\x00\x01\x00\
\x00\x01\x01\x04\x00\x01\x00\x00\x00\xba\x00\x00\x00\x02\x01\x03\
\x00\x03\x00\x00\x00l\x04\x00\x00\x03\x01\x03\x00\x01\x00\x00\
\x00\x06\x00\x00\x00\x06\x01\x03\x00\x01\x00\x00\x00\x06\x00\x00\
\x00\x15\x01\x03\x00\x01\x00\x00\x00\x03\x00\x00\x00\x01\x02\x04\
\x00\x01\x00\x00\x00r\x04\x00\x00\x02\x02\x04\x00\x01\x00\x00\
\x00\xaf\x0f\x00\x00\x00\x00\x00\x00\x08\x00\x08\x00\x08\x00\xff\
\xd8\xff\xe0\x00\x10JFIF\x00\x01\x01\x00\x00\x01\x00\
\x01\x00\x00\xff\xdb\x00C\x00\x08\x06\x06\x07\x06\x05\x08\x07\
\x07\x07\x09\x09\x08\x0a\x0c\x14\x0d\x0c\x0b\x0b\x0c\x19\x12\x13\
\x0f\x14\x1d\x1a\x1f\x1e\x1d\x1a\x1c\x1c $.' \x22\
,#\x1c\x1c(7),01444\x1f'9\
=82<.342\xff\xdb\x00C\x01\x09\x09\x09\
\x0c\x0b\x0c\x18\x0d\x0d\x182!\x1c!22222\
2222222222222222\
2222222222222222\
2222222222222\xff\xc0\x00\
\x11\x08\x00\xba\x01\x00\x03\x01\x22\x00\x02\x11\x01\x03\x11\x01\
\xff\xc4\x00\x1f\x00\x00\x01\x05\x01\x01\x01\x01\x01\x01\x00\x00\
\x00\x00\x00\x00\x00\x00\x01\x02\x03\x04\x05\x06\x07\x08\x09\x0a\
\x0b\xff\xc4\x00\xb5\x10\x00\x02\x01\x03\x03\x02\x04\x03\x05\x05\
\x04\x04\x00\x00\x01}\x01\x02\x03\x00\x04\x11\x05\x12!1\
A\x06\x13Qa\x07\x22q\x142\x81\x91\xa1\x08#B\
\xb1\xc1\x15R\xd1\xf0$3br\x82\x09\x0a\x16\x17\x18\
\x19\x1a%&'()*456789:C\
DEFGHIJSTUVWXYZc\
defghijstuvwxyz\x83\
\x84\x85\x86\x87\x88\x89\x8a\x92\x93\x94\x95\x96\x97\x98\x99\x9a\
\xa2\xa3\xa4\xa5\xa6\xa7\xa8\xa9\xaa\xb2\xb3\xb4\xb5\xb6\xb7\xb8\
\xb9\xba\xc2\xc3\xc4\xc5\xc6\xc7\xc8\xc9\xca\xd2\xd3\xd4\xd5\xd6\
\xd7\xd8\xd9\xda\xe1\xe2\xe3\xe4\xe5\xe6\xe7\xe8\xe9\xea\xf1\xf2\
\xf3\xf4\xf5\xf6\xf7\xf8\xf9\xfa\xff\xc4\x00\x1f\x01\x00\x03\x01\
\x01\x01\x01\x01\x01\x01\x01\x01\x00\x00\x00\x00\x00\x00\x01\x02\
\x03\x04\x05\x06\x07\x08\x09\x0a\x0b\xff\xc4\x00\xb5\x11\x00\x02\
\x01\x02\x04\x04\x03\x04\x07\x05\x04\x04\x00\x01\x02w\x00\x01\
\x02\x03\x11\x04\x05!1\x06\x12AQ\x07aq\x13\x22\
2\x81\x08\x14B\x91\xa1\xb1\xc1\x09#3R\xf0\x15b\
r\xd1\x0a\x16$4\xe1%\xf1\x17\x18\x19\x1a&'(\
)*56789:CDEFGHIJ\
STUVWXYZcdefghij\
stuvwxyz\x82\x83\x84\x85\x86\x87\x88\x89\
\x8a\x92\x93\x94\x95\x96\x97\x98\x99\x9a\xa2\xa3\xa4\xa5\xa6\xa7\
\xa8\xa9\xaa\xb2\xb3\xb4\xb5\xb6\xb7\xb8\xb9\xba\xc2\xc3\xc4\xc5\
\xc6\xc7\xc8\xc9\xca\xd2\xd3\xd4\xd5\xd6\xd7\xd8\xd9\xda\xe2\xe3\
\xe4\xe5\xe6\xe7\xe8\xe9\xea\xf2\xf3\xf4\xf5\xf6\xf7\xf8\xf9\xfa\
\xff\xda\x00\x0c\x03\x01\x00\x02\x11\x03\x11\x00?\x00\xf7\xfa\
(\xa2\x80\x0a(\xa2\x80\x0a(\xa2\x80\x0a(\xa2\x80\x0a\
(\xa2\x80\x0a(\xa2\x80\x0a(\xa2\x80\x0a)\x8c\xc1F\
I\x00z\x9aj\xc8\x18\x1d\xac\x09\xfa\xd0\x04\xb4R-\
-\x00\x14QE\x00\x14QE\x00\x14QE\x00\x14Q\
E\x00\x14QE\x00\x14QE\x00\x14QE\x00\x14Q\
E\x00\x14QE\x00\x14QE\x00\x14QE\x00\x14Q\
E\x00\x14QE\x00!\xe9U\xee\xaec\xb4\xb5\x92\xe2\
g\xd9\x1ck\xb9\x89\xec\x05X=+\x85\xf8\xb3w-\
\x9f\x805\x07\x84\x90\xc5v\xe4zP\x07\x9c\xeb>1\
\xf1?\xc4\x1dVm?\xc3\xd2=\x9e\x9d\x13\x95i\x81\
\xc1?\x8dW\xf0\xdd\xe6\xbd\xe0\xaf\x88z~\x91y\xa9\
\xcdyo|1\x87rp\x7f\x1a\xe9\xfe\x1cYCk\
\xe0\xbb6\x8c\x00\xd2\xae\xf7 u5\xcf\xdb\x83\xe2?\
\x8d\xd6\xc2/\x9a-=2\xc7\xb05\xd1:j4\xd3\
\xeasS\xab)\xd4q\xe8\x8f\x7fO\xbbO\x1d)\xaa\
)\xd5\xcet\x85\x14Q@\x05\x14Q@\x05\x14Q@\
\x05\x14Q@\x05\x14Q@\x05\x14Q@\x05\x14Q@\
\x05\x14Q@\x05\x14Q@\x05\x14Q@\x05\x14Q@\
\x05\x14Q@\x05\x14Q@\x08s\x8e+\x90\xf8\x91`\
u\x0f\x02jq\x01\x92#-\xf9W^zUk\xdb\
d\xbb\xb1\x9e\xdd\xc6VD*G\xd4P\x07\x82\xf8k\
\xc5\x11i_\x0a\x9a\xed\xdc\x09 \x06%\x1d\xf7\xd7K\
\xf0W\xc3\xb2\xc3\xa7\x5cx\x86\xf5O\xda\xaf\x98\xb0'\
\xae\xda\xf1\xf7\xd0\xafc\xf1\xda\xf8Rwh\xed^\xf7\
~\xd3\xc0#9\xaf\xact\xeb\x18\xb4\xeb\x08-!P\
\xb1\xc4\x81@\x15\xa4\xe6\xe4\x91\x9c)\xa86\xfb\x97V\
\x96\x90R\xd6f\x81E\x14P\x01E\x14P\x01E\x14\
P\x01E\x14P\x01E\x14P\x01E\x14P\x01E\x14\
P\x01E\x14P\x01E\x14P\x01E\x14P\x01E\x14\
P\x01E\x14\x84\x91\xda\x80\x16\x9aN\x06i\x0b`f\
\xb8_\x1a|O\xd2|*\x86\x00\xc2\xe2\xf8\x8f\x96\x14\
\xe7\x07\xde\x96\xaf`;\x87\x9dcM\xceB\x8fRk\
\x9c\xd5|}\xe1\xad\x1fp\xbc\xd5m\xd1\x87\xf0\x87\x04\
\xd7\x89^j~5\xf1\xc4\x81\xe7\xb8m:\xc1\x8f\x08\
\x9c\x12*\xc5\x97\xc3\xcd*\x1f\xde]o\xbb\x94\xf5g\
9\xc9\xae\x8axi\xcfR\x1c\xd2:-S\xe2?\xc3\
K\xbdn\x0dNX\xa5\x9e\xf6\xdc\xfc\x92\xac-\xfc\xfb\
\xd6\xf5\xa7\xc7\x0f\x06\xdc>\xc6\xbb\x9e\x12{\xc9\x09\x03\
\xf3\xaelxSL\xb7A\xff\x00\x12\xf8\xd5{\x12\xb5\
\x0c\xde\x15\xd1\xae\x01\x0fc\x17>\x82\xba>\xa5&\xb7\
'\xda\xa3\xd6t\xaf\x17\xe8z\xd2\x83a\xa9[\xcd\xec\
\x1cs[+(# \x8a\xf9\xc2\xf7\xe1\xe5\xa2?\x9d\
\xa5\x5cKg8\xe4\x14j\xb5\xa4x\xff\x00\xc5^\x09\
\x9d-\xf5\xc4k\xdd8\x1c\x09\xba\xb0\x1fZ\xe6\xa9\x87\
\x9d=YJi\x9fD\x8eE-bxw\xc5\x1ao\
\x89t\xd4\xbc\xd3\xe7Y\x10\x8f\x98g\x95>\xf5\xb4\x09\
\x22\xb0,Z(\x14S\x00\xa2\x8a(\x00\xa2\x8a(\x00\
\xa2\x8a(\x00\xa2\x8a(\x00\xa2\x8a(\x00\xa2\x8a(\x00\
\xa2\x8a(\x00\xa2\x8a(\x00\xa2\x8a(\x00\xa8\xdd\xb03\
O\xcdq_\x12|\x5c\x9e\x14\xf0\xd4\xb3!\xff\x00J\
\x97\xe4\x85}I\xa0\x0ec\xe2o\xc4\xc94\xc9G\x87\
\xf4\x01\xe6\xeasp\xee\xbc\xf9\x7f\xfdz\xe6<#\xf0\
\xfeY\xe7:\x86\xa8\xe6\xe6\xf5\xfegi9\x0bT\xfc\
\x1b\xa0\xba\x07\xd6u<\xc9}rwe\xb9*\x0dz\
3j\xc9\x1d\x8a\xc1l\xbb\x1b\x1c\x9a\xef\xa3\x86q\x8a\
os)O\xa1hA\xa6i\x91\x85\x97\x12\xb8\xfd+\
\x22\xe6x\x9a\xef\xcd\x82=\xa9\xd4\x03P1,rI\
$\xf5&\x93\x15\xdfN\x97.\xad\x98I\xdc\xbdw\xaa\
Iw\x0a\xc4\xc8\xa1W\xd2\xa9Q\x8a+D\x92\xd8B\
m\xa8\xae-a\xbb\x81\xe1\x9e5x\xd8`\x82*j\
)\xb4\x9e\x8c\x16\x9b\x1e}4\x1a\xaf\xc3\xbd`k\x1a\
,\x8e\xd6\x05\x81\x9a\x0e\xa3\x1e\x95\xef\xfe\x14\xf1E\x9f\
\x8a\xb4Hu\x0b6\xe1\x87\xce\xb9\xfb\xad\xdcW\x9eO\
\x04w0<3 tpT\x83\xdcW!\xe1\x1dR\
\xe3\xe1\xe7\x8e~\xc1+\x91\xa4\xdf6\x17=\x14\x9a\xf2\
qx~G\xcc\x8e\x8as\xba\xd4\xfaD6h\xdd\xed\
YZ\xa6\xb7g\xa3\xe9\x12jWs\x05\xb6E\xdd\xbb\
\xd7\xe9\x5c^\x83\xf1\x8f\xc3\xda\xde\xaa,\x03\xbc,\xe7\
\x11\xb4\x83\x01\xab\x84\xd4\xf4\x90sKQF\xe1\x86A\
\xc8=*AE\xc0Z(\xa2\x98\x05\x14Q@\x05\x14\
Q@\x05\x14Q@\x05\x14Q@\x05\x14Q@\x05\x14\
Q@\x05!\xa5\xa44\x00\xd68\xc5|\xf7\xf1\x0a\xf1\
\xfcM\xf1F\xdbH\x076\xb6#s\x8e\xd9\xaf\xa0\xe5\
8Bq\x9c\x0a\xf9\xaf\xc3\xcf\xf6\xef\x88>!\xbf~\
O\x9cPg\xb6\x0e+Z\x11\xe6\x9aD\xcd\xd9\x5c\xee\
\x125\x8d\x02(\x00\x01\x81KK\xf8Q^\xfd\xba\x1c\
\x8cJZ\xcf\x9fY\xb0\xb6\xbfK)\xae\x15'\x7f\xba\
\xa4\xf5\xab\xe0\xe7\xa5Ji\xe8\x82\xd6\x16\x8a(\xa6\x01\
E\x14S\x00\xae_\xc7:W\xf6\x8e\x86\xf2\xa0\xc4\xf6\
\xe7\xccF\x1dF+\xa8\xa8\xe6\x8cM\x0b\xc6FC\x82\
\xa4Vub\xa5\x06\x98\xe2\xec\xceG\xc4\x9e&}\x7f\
\xe0\xbd\x96\xe7\xfd\xf4R\x88f\x03\xbe+;V\xf0\xfc\
\x13x6\xd2\xfa\xcd6][\xc4\xb2+\xc7\xc18\xac\
\x88\xaf\xac4\xab_\x12\xe8\x1a\x91a\x1b\xb6\xfbp:\
\xef\xae\xb3\xc0\x89uq\xe1Q\x15\xfa\x10\x84\x94]\xfc\
e+\xcb\xc3\xc1983\xa2r\xb2\xb9\xd9x[\xe2\
\xe6\x85o\xe0\xfb95\x8b\xd5K\xb5]\x8d\x18\xe5\x89\
\x1cV\xde\x93\xf1w\xc2z\xb5\xda\xdbE|c\x91\x8e\
\x14H\xa4f\xbc\xce\xd7\xc0\x1a-\xb5\xc3\xcc\xf1\x19w\
\x12B\xbfA\x5c\xff\x00\x8c\xb4\xfd&)mt\xfd*\
\xdd\x17P\x92U\xc0\x8b\xa8\xa9\x9e\x15\xc1s654\
\xcf\xa9\xe2\x91dP\xcaAR2\x08\xefRV?\x86\
m\xe6\xb4\xf0\xf5\x8c\x17\x19\xf3R\x15\x0d\x9f\x5cV\xbd\
r^\xe5\x8bE\x14S\x00\xa2\x8a(\x00\xa2\x8a(\x00\
\xa2\x8a(\x00\xa2\x8a(\x00\xa2\x8a(\x00\xa44\xb4P\
\x04R\xfd\xc3\xee\x0d|\xd5\xe1L\xc1\xe3?\x11[\x1e\
\x1b\xed,y\xeb\xc95\xf4\xbb\xd7\xceZ\x8c?\xd8\xbf\
\x1a/\xe3q\x88\xafWx\xfa\xd6\xd8v\x95Erg\
\xb1k\xc4\x1e)\x97F\xd4\xed\xed#\xb1\x92o7\x19\
q\xda\xbaT\x7f2%p0\x18\x03\x83\xda\x91\xe2\x8e\
\x5c4\x91\xab2\xf7#\xa5R\xd55\xbb\x0d&/2\
\xee\xe1\x17\xdb<\xd7\xb3\xf0]\xc9\xe8s?{DC\
\xa8xwN\xd4\xefa\xbc\xb8\x88\x99\xa29W\x07\x19\
\xadT\x1b@\x1e\x9e\x95\xc2\x1f\x1cj\x1a\xad\xc7\xd9\xfc\
?\xa5Kr\xe4\xe0HG\x15hG\xf1\x1d\x86F\x8c\
\xb85\x83\xc5\xd2\x8b)R\x93\xdc\xec\xf2:f\x8c\x8a\
\xe1\xe4\xd6<k\xa5\x0c\xea\x1e\x1e\x91\xe3\x1dL`\x93\
R\xd9|E\xd3fa\x1d\xe2Ik/u\x90c\x15\
q\xc5S\x97Q:rGgER\xb4\xd5lo\xd0\
5\xb5\xccn\x0f\xa1\xe6\xaed\x1e\xf5\xba\x9c^\xcc\x81\
i\x0f#\xfc)j\x9d\xe6\xa5gc\x19\x92\xe6\xe28\
\xc0\xeeO46\xad\xab\x0b3\x9d\x7f\x02X\xdck\xf2\
jw2\xb4\x9b\x8e\xe1\x1bt\xcf\xbd'\x8b\xfcQ\x0f\
\x87\xac\x96\xd6\xd0\xa8\xbaq\xf2 \xfe\x01U/|g\
s\xaa\xdc\x1d;\xc3\x96\x92\x5c\xce\xe3\x1ej\x8e\x16\xb9\
;\x9f\x09\xdf^\xf8\xb2\xd3J\x96\xe3\xed7\xf3\x90n\
\x00\xe7\xca\xe7\xa5y\xd5k\xd3\x85\xd47:#\x16\xf7\
:\x7f\x0exc\xc7\xfe0\xd3V\xfa\xdfP\x11Z\xca\
N\x0b\xb6+\xd3<\x17\xf0\x8a\xdb\xc3\xb7k\xa9js\
\x9b\xfdG\xae\xe6\xe8\xbfJ\xef|?\xa5C\xa2\xe8\xb6\
\xda|\x0b\x84\x85\x02\xe3\xdf\xbdjW\x04\xa7)n\xcd\
,\x88\xd4\x11\xc5H(\xa2\xa4aE\x14P\x01E\x14\
P\x01E\x14P\x01E\x14P\x01E\x14P\x01E\x14\
P\x01E\x14P\x03Z\xbco\xe3W\x86\xe7\xf2\xed<\
K`\x9b\xa6\xb3o\xde\x05\xeaV\xbd\x96\xab^\xdaC\
}k%\xb4\xe8\x1e)\x01V\x07\xd2\x9avw\x03\xe6\
\xcb\xdf\x1f\xa4\xdaM\xacZdm.\xa3p6\x08\xc0\
\xfb\xad\xde\xba_\x06\xfc)\xfe\xd4\x99u/\x16N\xf3\
\x5c7\xcc\xb6\xc4\xf0>\xb5G^\xf8i\xabx3\xc4\
\x8b\xe2\x1f\x0e\xdb\xa5\xe5\xbcN\x5c\xc0\xcb\x92\x01\xad\xed\
3\xe2\xde\x95z\xeb\x1e\xab\x14\x9ae\xf2\x9c0pq\
Z\xce\xac\xaan\xc9QKc\xd1\xe2\xf0\xcd\x8d\x84\x01\
t\xebx\xed\xf6\xfd\xd0\x8a9\xa9\xe1\xbe\x92\xd9\x84w\
H@\xec\xd5KL\xf1E\xad\xe4J\xd1\xdcE2\x11\
\xc3#\x0a\xd5\xfbe\x95\xda\xe1\xca\xfe5\x9f\xa8\xcb\x0a\
\xd6\xf7Q\xe7\x0a\xeb\xe8Es\xfa\xf7\x824=r\x07\
\x17\x1ae\xbbJ\xc3\xef\xed\x00\xfeu|\xd9\xeco2\
\xceo\xc0\x1arjSBv\xcf\x19\xff\x00z\x85\x1e\
\xc3\xb9\xe3\xba\xaf\xc1t\xb7\x9b\xcc\xd2\xef\xee,\x8fa\
\x92ES\x8b\xe1g\x8d\x88\xc5\xaf\x88\xe0u\xed\xbb9\
\xafu\x1a\x85\x9c\xe7c:\xe4\xf6cY\x9a\x8d\xce\x97\
b\xad;\xea\x10\xdb\xed\xeb\x99\x00\xaaRk\xa9'\x91\
\xaf\xc2_\x1e\xccv\xcd\xe2\x08U;\x90MiX\xfc\
\x10\xb6\x83\xfd+\xc4Z\xdc\xb7*\xbc\x91\xbbj\x8f\xce\
\xaek_\x18t\xed2_#O\x91\xb5)\xfa\x05\x88\
d\x1f\xc6\xb1\x86\x9f\xe3\xdf\x89r\x8f\xb7\xb3\xe9ZI\
\xe7\xcb\x1f)\x22\xa5\xca]\xc7d\x1a\xc7\x8c4}\x11\
\x7f\xe1\x1c\xf0\x15\x82O~\xe7a\x9a4\xce\xd3\xf5\xf5\
\xae\xbb\xe1\x9f\xc3\xd7\xd0!}WW>n\xb1s\xf3\
\xb9nvg\xb6k{\xc2_\x0f\xf4_\x09\xc2\xa2\xd2\
\x10\xf7\x18\xf9\xa6q\x96&\xba\xd5\x5cT\x8cT\xe9N\
\xa2\x8a\x00(\xa2\x8a\x00(\xa2\x8a\x00(\xa2\x8a\x00(\
\xa2\x8a\x00(\xa2\x8a\x00(\xa2\x8a\x00(\xa2\x8a\x00(\
\xa2\x8a\x00)\x08\xcd-\x14\x00\xc6@F1\x5c\xde\xb9\
\xe0o\x0f\xeb\xc8\xc2\xfbN\x85\x98\xff\x00\x18\x5c\x1f\xce\
\xba|R`P\x07\x8b_|\x0f{wi|=\xae\
\xdc\xd9\x9c\xe4F\xe4\xed\xac\xe7\xf8q\xf1\x22\xd4\xe2\xdf\
_\x86P:s\x8a\xf7\xad\xa3\xd2\x8c\x0fJ.\x07\x83\
\xc5\xe0\xcf\x8a\xf0\xbeWU\x80\x0f_0T\xad\xe0_\
\x8a7#\x13x\x82\x14\x07\xde\xbd\xcf\x02\x97\x02\x80<\
.?\x84\x1e1\x9d\xf7]\xf8\xb4\x02\x7f\xe7\x9e\xe0k\
F\xdb\xe0E\x9c\x92\x09umj\xf6\xf8\xf7\x0c\xd8\x15\
\xecX\x14\xb8\x14\x01\xc9h\x7f\x0f\xfc7\xe1\xf0\x0d\x9e\
\x9b\x11q\xfcl75uJ\x8a\x14\x00\x00\x1e\x82\x9d\
\x81\xe9K\x8a\x00@\x00\xa5\xa2\x8a\x00(\xa2\x8a\x00(\
\xa2\x8a\x00(\xa2\x8a\x00(\xa2\x8a\x00(\xa2\x8a\x00(\
\xa2\x8a\x00(\xa2\x8a\x00(\xa2\x8a\x00(\xa2\x8a\x00(\
\xa2\x8a\x00(\xac\xb8\xbcG\xa4\xcdx\xb6\xa9x\x86W\
\x90\xc4\x9dp\xce3\x95\x07\xa1<\x1e=\xabR\x80\x0a\
(\xa2\x80\x0a*\xb5\xd5\xfd\xb5\x9c\xd6\xb0\xcf&\xd9.\
\xa5\xf2\xa1\x18\xce\xe6\xda[\x1f\x92\x9a\xb3@\x05\x15Z\
\xf7P\xb5\xd3\xe3W\xba\x98F\x18\xedQ\xd4\xb1\xf4\x03\
\xbdGk\xabY^A,\xd0M\xbda\xe2A\x83\xb9\
~\xa3\xad\x00]\xa2\xb1 \xf1f\x91sw\xf6X\xa7\
\x91\xa6\xdc\xaaS\xc9l\x82zg\x8e*}[_\xb0\
\xd1\x10\xbd\xf3\xca\x88\x17yu\x89\x99T{\x908\xa0\
\x0dJ+6mv\xc2\x0d\x22\x1dRIJ\xdaJP\
#\x15 \x9d\xe4\x01\xc7Q\xd6\xa3\x87\xc4\x9a}\xc6\xa1\
\xf6\x18\xcc\xe6}\xdbp``?<c\x1e\xf4\x01\xad\
E\x14P\x01E\x14P\x01E\x14P\x01E\x14P\x01\
E\x14P\x01E\x14P\x01E\x14P\x01E\x14P\x01\
E\x14P\x01H\xc7\x0aN3\x81\xd2\x96\x8a\x00\xe24\
/\x0d\xdc\x9d\x0a\xca{\xb9\xe7w\xb7\x96K\xc8m\x1d\
\x02\x85\x94\xb3\x15\xcf\x19\xe3wz\xa1\x04\xfa\xf3\xe9\xb7\
76\xc3Si\xa2\xb6Yf\x8e\xe26B\xf3\x86\xc9\
D\x04t\xc6G\x1ct\xafF\xa2\x80<\xbbJ\xba\xf1\
\xc4\xf6\xfa\xac\x97\x10\xce\x93\xdaZI5\xba\xb2q,\
\xb2\x80U\x07\xaf\x96\x01\x1fV\x15{K\x8f\x5c\xbb\x86\
\xce)n\xaf\xc4\x13\xde\x0d\xccbx\xdd\x10FKg\
w8-\xeb\x8e\xbcW\xa1\xd1@\x1co\x8cm\xdd\xb5\
\x0f\x0e\x83\x06\xa15\xb4\x13K$\xafh\x8c\xee\xb8\x89\
\x95rW\x91\x92\xd5B\xda\x7f\x13\xa6\xa7\xa3\xe9s\xcb\
&\xeb\xcbA%\xcb\x96\x1b\xa0\xf2\xdf\x9c\xe3\xbb\x06\x03\
\xf05\xe85Y,-\xe3\xd4e\xbf\x0aM\xc4\xa8\xb1\
\xb3\x13\x9f\x94d\x80=:\xd0\x07'\xe3\x0bK\xc3\xaa\
\xda]\xc7\x1c\xafl\xb1\xaa\x13\x1a3\xed\x22EfR\
\x14\x16\x01\x94cp\x07\x18\xf7\xa4\xf0\xbc-\xa3\xe9\xf7\
z\xa6\xa3$\xa8$\xfd\xd2\x85\x86R\xdbw\xb1\x04\xa9\
\x1b\x8f\xdf\xc7N\x80WmE\x00y\xe7\x87u(\xe3\
\xf1F\xa5s>\xa5\xa8:\xcd2G\x1a\xc9b\xea\xb2\
\x8d\xa0\x03\x9d\x9c`\x93\xf9U\xbf\x16\xe9\xd3\xdej:\
~\x9e5{\xd2\xb7\x97j\xcdn\x88\xa5R1\x92O\
\xdd\xe8\x08\x1dOz\xee(\xa0\x0e'\xc5\xba\x1aM\xa5\
\xe8\xf6\x97s\xcdx\xab\xa9\xc2X\xc9\xc0(\x1bs\x06\
\x0a\x00#\x0b\x8a\xc5\xf0\x94\x12\xff\x00\xc2q-\xc4\x9a\
\x92J\x86[\x96P\xa5\xbfx\xae\xd9\x8dyQ\x80\xab\
\xc7$\xfbW\xa8Q\x8a\x00(\xa2\x8a\x00(\xa2\x8a\x00\
(\xa2\x8a\x00(\xa2\x8a\x00(\xa2\x8a\x00(\xa2\x8a\x00\
(\xa2\x8a\x00(\xa2\x8a\x00(\xa2\x8a\x00(\xa2\x8a\x00\
(\xa2\x8a\x00(\xa2\x8a\x00(\xa2\x8a\x00(\xa2\x8a\x00\
(\xa2\x8a\x00(\xa2\x8a\x00(\xa2\x8a\x00(\xa2\x8a\x00\
(\xa2\x8a\x00(\xa2\x8a\x00(\xa2\x8a\x00\xff\xd9\x00\xff\
\xe1\x0cwhttp://ns.ado\
be.com/xap/1.0/\x00\
<?xpacket begin=\
\x22\xef\xbb\xbf\x22 id=\x22W5M0Mp\
CehiHzreSzNTczkc\
9d\x22?> <x:xmpmeta\
 xmlns:x=\x22adobe:\
ns:meta/\x22 x:xmpt\
k=\x22XMP Core 4.4.\
0-Exiv2\x22> <rdf:R\
DF xmlns:rdf=\x22ht\
tp://www.w3.org/\
1999/02/22-rdf-s\
yntax-ns#\x22> <rdf\
:Description rdf\
:about=\x22\x22 xmlns:\
xmpMM=\x22http://ns\
.adobe.com/xap/1\
.0/mm/\x22 xmlns:st\
Evt=\x22http://ns.a\
dobe.com/xap/1.0\
/sType/ResourceE\
vent#\x22 xmlns:dc=\
\x22http://purl.org\
/dc/elements/1.1\
/\x22 xmlns:GIMP=\x22h\
ttp://www.gimp.o\
rg/xmp/\x22 xmlns:x\
mp=\x22http://ns.ad\
obe.com/xap/1.0/\
\x22 xmpMM:Document\
ID=\x22gimp:docid:g\
imp:db57aef5-a65\
7-43f8-a634-97bd\
3d6facbc\x22 xmpMM:\
InstanceID=\x22xmp.\
iid:d627a5d6-5e6\
c-453c-b241-e5b7\
bc1a1402\x22 xmpMM:\
OriginalDocument\
ID=\x22xmp.did:c3a1\
77d0-46ac-43f0-b\
75e-99a4aee8ed31\
\x22 dc:Format=\x22ima\
ge/jpeg\x22 GIMP:AP\
I=\x222.0\x22 GIMP:Pla\
tform=\x22Linux\x22 GI\
MP:TimeStamp=\x2217\
46290969083817\x22 \
GIMP:Version=\x222.\
10.30\x22 xmp:Creat\
orTool=\x22GIMP 2.1\
0\x22> <xmpMM:Histo\
ry> <rdf:Seq> <r\
df:li stEvt:acti\
on=\x22saved\x22 stEvt\
:changed=\x22/\x22 stE\
vt:instanceID=\x22x\
mp.iid:e4cc85ad-\
d9b6-4d6c-b0fa-9\
196f0a84aee\x22 stE\
vt:softwareAgent\
=\x22Gimp 2.10 (Lin\
ux)\x22 stEvt:when=\
\x222025-05-04T00:4\
9:29+08:00\x22/> </\
rdf:Seq> </xmpMM\
:History> </rdf:\
Description> </r\
df:RDF> </x:xmpm\
eta>            \
                \
                \
                \
                \
                \
                \
                \
                \
                \
                \
                \
                \
                \
                \
                \
                \
                \
                \
                \
                \
                \
                \
                \
                \
                \
                \
                \
                \
                \
                \
                \
                \
                \
                \
                \
                \
                \
                \
                \
                \
                \
                \
                \
                \
                \
                \
                \
                \
                \
                \
                \
                \
                \
                \
                \
                \
                \
                \
                \
                \
                \
                \
                \
                \
                \
                \
                \
                \
                \
                \
                \
                \
                \
                \
                \
                \
                \
                \
                \
                \
                \
                \
                \
                \
                \
                \
                \
                \
                \
                \
                \
                \
                \
                \
                \
                \
                \
                \
                \
                \
                \
                \
                \
                \
                \
                \
                \
                \
                \
                \
                \
                \
                \
                \
                \
                \
                \
                \
                \
                \
                \
                \
                \
                \
                \
                \
                \
     <?xpacket e\
nd=\x22w\x22?>\xff\xe2\x02\xb0ICC_\
PROFILE\x00\x01\x01\x00\x00\x02\xa0lc\
ms\x040\x00\x00mntrRGB XY\
Z \x07\xe9\x00\x05\x00\x03\x00\x10\x00/\x00\x10ac\
spAPPL\x00\x00\x00\x00\x00\x00\x00\x00\x00\x00\
\x00\x00\x00\x00\x00\x00\x00\x00\x00\x00\x00\x00\x00\x00\x00\x00\
\xf6\xd6\x00\x01\x00\x00\x00\x00\xd3-lcms\x00\x00\
\x00\x00\x00\x00\x00\x00\x00\x00\x00\x00\x00\x00\x00\x00\x00\x00\
\x00\x00\x00\x00\x00\x00\x00\x00\x00\x00\x00\x00\x00\x00\x00\x00\
\x00\x00\x00\x00\x00\x00\x00\x00\x00\x00\x00\x00\x00\x0dde\
sc\x00\x00\x01 \x00\x00\x00@cprt\x00\x00\
\x01`\x00\x00\x006wtpt\x00\x00\x01\x98\x00\x00\
\x00\x14chad\x00\x00\x01\xac\x00\x00\x00,rX\
YZ\x00\x00\x01\xd8\x00\x00\x00\x14bXYZ\x00\x00\
\x01\xec\x00\x00\x00\x14gXYZ\x00\x00\x02\x00\x00\x00\
\x00\x14rTRC\x00\x00\x02\x14\x00\x00\x00 gT\
RC\x00\x00\x02\x14\x00\x00\x00 bTRC\x00\x00\
\x02\x14\x00\x00\x00 chrm\x00\x00\x024\x00\x00\
\x00$dmnd\x00\x00\x02X\x00\x00\x00$dm\
dd\x00\x00\x02|\x00\x00\x00$mluc\x00\x00\
\x00\x00\x00\x00\x00\x01\x00\x00\x00\x0cenUS\x00\x00\
\x00$\x00\x00\x00\x1c\x00G\x00I\x00M\x00P\x00 \
\x00b\x00u\x00i\x00l\x00t\x00-\x00i\x00n\
\x00 \x00s\x00R\x00G\x00Bmluc\x00\x00\
\x00\x00\x00\x00\x00\x01\x00\x00\x00\x0cenUS\x00\x00\
\x00\x1a\x00\x00\x00\x1c\x00P\x00u\x00b\x00l\x00i\
\x00c\x00 \x00D\x00o\x00m\x00a\x00i\x00n\
\x00\x00XYZ \x00\x00\x00\x00\x00\x00\xf6\xd6\x00\x01\
\x00\x00\x00\x00\xd3-sf32\x00\x00\x00\x00\x00\x01\
\x0cB\x00\x00\x05\xde\xff\xff\xf3%\x00\x00\x07\x93\x00\x00\
\xfd\x90\xff\xff\xfb\xa1\xff\xff\xfd\xa2\x00\x00\x03\xdc\x00\x00\
\xc0nXYZ \x00\x00\x00\x00\x00\x00o\xa0\x00\x00\
8\xf5\x00\x00\x03\x90XYZ \x00\x00\x00\x00\x00\x00\
$\x9f\x00\x00\x0f\x84\x00\x00\xb6\xc4XYZ \x00\x00\
\x00\x00\x00\x00b\x97\x00\x00\xb7\x87\x00\x00\x18\xd9pa\
ra\x00\x00\x00\x00\x00\x03\x00\x00\x00\x02ff\x00\x00\
\xf2\xa7\x00\x00\x0dY\x00\x00\x13\xd0\x00\x00\x0a[ch\
rm\x00\x00\x00\x00\x00\x03\x00\x00\x00\x00\xa3\xd7\x00\x00\
T|\x00\x00L\xcd\x00\x00\x99\x9a\x00\x00&g\x00\x00\
\x0f\x5cmluc\x00\x00\x00\x00\x00\x00\x00\x01\x00\x00\
\x00\x0cenUS\x00\x00\x00\x08\x00\x00\x00\x1c\x00G\
\x00I\x00M\x00Pmluc\x00\x00\x00\x00\x00\x00\
\x00\x01\x00\x00\x00\x0cenUS\x00\x00\x00\x08\x00\x00\
\x00\x1c\x00s\x00R\x00G\x00B\xff\xdb\x00C\x00\x01\
\x01\x01\x01\x01\x01\x01\x01\x01\x01\x01\x01\x01\x01\x01\x01\x01\
\x01\x01\x01\x01\x01\x01\x01\x01\x01\x01\x01\x01\x01\x01\x01\x01\
\x01\x01\x01\x01\x01\x01\x01\x01\x01\x01\x01\x01\x01\x01\x01\x01\
\x01\x01\x01\x01\x01\x01\x01\x01\x01\x01\x01\x01\x01\x01\x01\xff\
\xdb\x00C\x01\x01\x01\x01\x01\x01\x01\x01\x01\x01\x01\x01\x01\
\x01\x01\x01\x01\x01\x01\x01\x01\x01\x01\x01\x01\x01\x01\x01\x01\
\x01\x01\x01\x01\x01\x01\x01\x01\x01\x01\x01\x01\x01\x01\x01\x01\
\x01\x01\x01\x01\x01\x01\x01\x01\x01\x01\x01\x01\x01\x01\x01\x01\
\x01\x01\x01\x01\xff\xfe\x01\x8c{\x22data\x22:\
{\x22pictureId\x22:\x22c8\
8e2afcf59d4f80ac\
57f02fe27ce9ef\x22,\
\x22appversion\x22:\x2212\
.1.1\x22,\x22stickerId\
\x22:\x22\x22,\x22filterId\x22:\
\x22\x22,\x22infoStickerI\
d\x22:\x22\x22,\x22imageEffe\
ctId\x22:\x22\x22,\x22playId\
\x22:\x22\x22,\x22activityNa\
me\x22:\x22\x22,\x22os\x22:\x22and\
roid\x22,\x22product\x22:\
\x22retouch\x22,\x22origi\
nAppId\x22:\x222515\x22,\x22\
exportType\x22:\x22\x22,\x22\
editType\x22:\x22\x22,\x22al\
ias\x22:\x22\x22,\x22enterFr\
om\x22:\x22enter_launc\
h\x22,\x22capability_k\
ey\x22:[],\x22effect_t\
ype\x22:\x22tool\x22,\x22eff\
ect_id\x22:\x22tool\x22},\
\x22source_type\x22:\x22d\
ouyin_beauty_me\x22\
}\x00\xff\xc2\x00\x11\x08\x03\x14\x048\x03\x01\x22\x00\x02\
\x11\x01\x03\x11\x01\xff\xc4\x00\x1e\x00\x01\x00\x00\x06\x03\x01\
\x00\x00\x00\x00\x00\x00\x00\x00\x00\x00\x00\x02\x03\x04\x07\x08\
\x09\x01\x05\x06\x0a\xff\xc4\x00\x1b\x01\x01\x00\x02\x03\x01\x01\
\x00\x00\x00\x00\x00\x00\x00\x00\x00\x00\x00\x03\x04\x01\x02\x05\
\x06\x07\xff\xda\x00\x0c\x03\x01\x00\x02\x10\x03\x10\x00\x00\x01\
\xdf\xe0\x00\x00\x00\x00\x00\x00\x00\x00\x00\x00\x00\x00\x00\x00\
\x00\x00\x00\x00\x00\x00\x00\x00\x00\x00\x00\x00\x00\x00\x00\x00\
\x00\x00\x00\x00\x00\x00\x00\x00\x00\x00\x00\x00\x00\x00\x00\x00\
\x00\x00\x00\x00\x00\x00\x00\x00\x00\x00\x00\x00\x00\x00\x00\x00\
\x00\x00\x00\x00\x00\x00\x00\x00\x00\x00\x00\x00\x00\x00\x00\x00\
\x00\x00\x00\x00\x00\x00\x00\x00\x00\x00\x00\x00\x00\x00\x00\x00\
\x00\x00\x00\x00\x00\x00\x00\x00\x00\x00\x00\x00\x00\x00\x00\x00\
\x00\x00\x00\x00\x00\x00\x00\x00\x00\x00\x00\x00\x00\x1cs,\
\xe6\x0e&\x0eeQ\x9d\x87\x1dEq?\x98)\x8a\xa8\
\xa4\xcc's\x0c@\x00\x00\x00\x00\x00\x00\x00\x00\x00\x00\
\x00\x00\x00\x00\x00\x00\x00\x00\x00\x00\x00\x00\x00\x00\x00\x00\
\x00\x00\x00\x00\x00\x00\x00\x00\x00\x00\x00\x00\x00\x00\x00\x00\
\x00\x00\x00\x1cA\xcc\x02MT\x82]5U9\x1c\xea\
j\x82\x9a\x93\xb6\x84\x8a8#&\xc5\x0c@\x00\x00\x00\
\x00\x00\x00\x00\x00\x00\x00\x00\x00\x00\x00\x00\x00\x00\x00\x00\
\x00\x00\x00\x00\x00\x00\x00\x00\x00\x00\x00\x00\x00\x00\x00\x00\
\x00\x00\x00\x00\x00\x00\x00\x00\x01\x04T\x93\x09\xca(\xca\
\x89}l\xed\x15\xb46\xff\x00]\xf8\xdf7\xf1\xdfC\
\xf8\xabf/\xa6\xeb\xc1\xf2%~\xa6\xd3\xec/\xd2j\
\x9bf\xf4'\xf4\xd1\xf5\xbd\x84\x9a\xcd\x8a\x19d\xfee\
M\x00\x00\x00\x00\x00\x00\x00\x00\x00\x00\x00\x00\x00\x00\x00\
\x00\x00\x00\x00\x00\x00\x00\x00\x00\x00\x00\x00\x00\x00\x00\x00\
\x00\x00\x00\x00\x00\x00\x00\x00\x00\x00\x00\x00\x02\x96\x9a\xa6\
\x9c\xa8\x8e\x9aY2\xcd\x5c\xdf\x9f\xd8\x95:\xa1\xf2\x9e\
\xdb\xa5\xce\xb7\xf7\x93a\xf9\xf9\xdf\xe2\xe8\xab\x15~\x9b\
\xfe~\xa9\xdd\xba\xbfQ?\x1c?V~s\xd2\xe6u\
}\x05~\xf0N\x972Y2d\xb9\x80\x00\x00\x00\x00\
\x00\x00\x00\x00\x00\x00\x00\x00\x00\x00\x00\x00\x00\x00\x00\x00\
\x00\x00\x00\x00\x00\x00\x00\x00\x00\x00\x00\x00\x00\x00\x00\x00\
\x00\x00\x00\x00\x00\x00\x00S\xf3M<\x95.g\x9b0\
\xb7\xe6\x9bi\x1aH\xc4>\xbfv\xb8\xad\xba\xefo\xe0\
(\xbb\xea)\x9e\xaf\xc8y\x8f\x9e_\xa0\x0f\x9b\xef\x1d\
\xeelw\xd6\xbf\xcb\x1f\xd6O\x89\xf7\xf9c_\x22\xa6\
X\xe6K\x99\x0eQL\x820\x00\x00\x00\x00\x00\x00\x00\
\x00\x00\x00\x00\x00\x00\x00\x00\x00\x00\x00\x00\x00\x00\x00\x00\
\x00\x00\x00\x00\x00\x00\x00\x00\x00\x00\x00\x00\x00\x00\x00\x00\
\x00\x00\x00\x00)&APP\xf8k\x85gO\x9aL\
\x0d\xca\x8cl\x9e\x9e\xf16\x17\x8a\x19g\xf4\xaf\x94R\
\xcb\xae\xea\xfa\xdc,\x7f\xf9\xba\xdc~\x92\xfeu\xf5,\
\x88\xfa\xb8\xf9\xfa\xfaU\xf3\x1e\xcb\xd9G\x04r\xc76\
(b\x00\x00\x00\x00\x00\x00\x00\x00\x00\x00\x00\x00\x00\x00\
\x00\x00\x00\x00\x00\x00\x00\x00\x00\x00\x00\x00\x00\x00\x00\x00\
\x00\x00\x00\x00\x00\x00\x00\x00\x00\x00\x00\x00\x00\x00\x092\
ji\x89v\xc6\xe6\xf8\xe3\xe5'\x13\xf3s\x06/S\
\xfa\x17\xcc\x9c\x08\xcf\xaf\xa4\xfc\xa5\xe1\xbd\xd6\x10i_\
WXW\xee\xae\x17\xcd~\xb3\xba\xdd\xc3b\xa6W\xd3\
\xecUG\x04{A6(b\x00\x00\x00\x00\x00\x00\x00\
\x00\x00\x00\x00\x00\x00\x00\x00\x00\x00\x00\x00\x00\x00\x00\x00\
\x00\x00\x00\x00\x00\x00\x00\x00\x00\x00\x00\x00\x00\x00\x00\x00\
\x00\x00\x00\x00\x01\x0c\x5c\x1d\x5c\xaa\xca2e\x17`>\
i\xf5S\xbd\xcd\x09\xf4\xeb\xee\xd7g:_\xdc\x7f\xab\
\xf9\xd4\x9d\x18l\xb3B\x10M\xe4\xb7#\xaa\xff\x00\xa9\
\xcf!\xf4\x9c\xa0\xf4\xf4\xb3\xa8b\xbe8#\x9f\x13b\
\x86 \x00\x00\x00\x00\x00\x00\x00\x00\x00\x00\x00\x00\x00\x00\
\x00\x00\x00\x00\x00\x00\x00\x00\x00\x00\x00\x00\x00\x00\x00\x00\
\x00\x00\x00\x00\x00\x00\x00\x00\x00\x00\x00\x00\x00\x00\x93\xd7\
\xd4\xf0G\x0f<\x9a\xbe\xf9\x93\xfb\x06\xf9U\xda+\x9b\
\xf4\x07\xf2\xf1\xb6\xde\xf7\x9f\xc6-w\xfb\xafs\xb7C\
c?B8\x83\x9a\x9ew\xd0\xcf\xa6\xec\xf9\x8b\x9b2\
8#\x96i\xb1C\x10\x00\x00\x00\x00\x00\x00\x00\x00\x00\
\x00\x00\x00\x00\x00\x00\x00\x00\x00\x00\x00\x00\x00\x00\x00\x00\
\x00\x00\x00\x00\x00\x00\x00\x00\x00\x00\x00\x00\x00\x00\x00\x00\
\x00\x00\x00u\xf3&\x09\x13\x22\xe4\xf1\xdf,\x7fYz\
B\xa5\x8f\x9e\xeb\xc1g\xe1\xebb=\xcfk\x07\xe9\xae\
{\xf9\x8b\xeci\xaay\x98\x99\x14\xdew\xe5\xf3\xcc\xc2\
\xc3\x9e\x04|\xc3\x10\x00\x00\x00\x00\x00\x00\x00\x00\x00\x00\
\x00\x00\x00\x00\x00\x00\x00\x00\x00\x00\x00\x00\x00\x00\x00\x00\
\x00\x00\x00\x00\x00\x00\x00\x00\x00\x00\x00\x00\x00\x00\x00\x00\
\x00\x14\xe0\x02^\x1cfG\x90\xa6\xf8\xea\xc6_\xa1\xdd\
\x16t\xb3\x97_N\xdf-\xdfN{k\x90\x10\xca\xa8\
\xe7\xe8\xe2d\xabR\xd5\x0dp\x04QC\x10\x00\x00\x00\
\x00\x00\x00\x00\x00\x00\x00\x00\x00\x00\x00\x00\x00\x00\x00\x00\
\x00\x00\x00\x00\x00\x00\x00\x00\x00\x00\x00\x00\x00\x00\x00\x00\
\x00\x00\x00\x10\x1aF\x80F\x1b\xf0\x80F\x82\x12o\x1d\
|\xdd\xe3\xadSs\x0c\x84\x12\x22\xde\xa5L\x99;\xa1\
\xed\xa9\xb7\xd7\xc7\xeb[k\x1d%\xcc\xebod\x1d$\
8\xa7\xef\xf9\xf3]\xf5M\xfb\x8aI\xb4\xfb^\xecT\
U:E2.\xb6\x0d5\xedc\xea\xa6\x1d\x8a\x9aC\
J\xe8\xe9\xaaw\xc0$\x00q\xa3\x94\x0d\x11\x89\x80\x00\
\x00\x00\x00\x00\x00\x00\x00\x00\x00\x00\x00\x00\x00\x00\x00\x00\
\x00\x00\x00\x00\x00\x00\x00\x00\x00\x00\x00\x00\x00\x00\x00\x10\
\xc3\x19\x141r\x0e9\xd2X\x06\x8e$O\x87M\xfa\
\x09\x9d\x85::\xce\xba;o\x9c\xdc\x1a\x1c\x19\xc1I\
\xf5\xdc\xd5\x8c\xf9\xdf\xc6\xa9\xdfFX\xa3\xa3ji\xdb\
A\xb7x'S<Y\xbb\x06\x11L\x91\x9a\xbe\x83\x01\
ikI\xb8\xcc\xaa\xf9\xc7\x95\x04\x7f[\xb7w\xe3\x8f\
' \x9f\xeb\xb7\xb9\xf9\xba\xd8\xee4\xd8\x8fsh\xee\
\x16\xb8\xef\xa0\xebam\xd9v\xd4\x15\xda\xe6 \xc8\x0e\
9a\x026\x80\xb0\x00\x00\x00\x00\x00\x00\x00\x00\x00\x00\
\x00\x00\x00\x00\x00\x00\x00\x00\x00\x00\x00\x00\x00\x00\x00\x00\
\x00\x00\x00\x00\x00BD\x80F\x80F\x93\xc3\x13\xf8\x83\
\x88\xdc\xf3#\x9a\xf9\x9a\xa0\xab&K\x93\xe25z\xeb\
M\x80\x9a~\xd5\xb7\x9dT\xe0\x9fI\xea!\xb8~\x0e\
\xe9d\x8f~\x9e\x0f\xdd\xdd\x9b\xdfk\xb5\xb5Gxv\
=\xde\xf6*\xe0\xff\x00\xa6\xcb9}Lb\xddvR\
\xcb\xb2\xc4\x8f)\x9c\x12\xb0\xd6\xd5\xa9\xdb\xb55V\x8a\
\xad\x07\xd0\xd5\xa8\xf2V\xb4i\xeb\xb3w\x18h\xda\xbc\
[h\xf9\xd1\xa9\xe2\xd9\xfbP\xb8\x9f%\x1b\xad\xe3Y\
\xd9\xa7w\xe0\xfd\xb4\x0a\x88i\xa7\xec\x98\xa7\x8fD\xd4\
\xa4\xe9\x90\xc3\xc9\x1f0\xc5\x90\x00\x00\x00\x00\x00\x00\x00\
\x00\x00\x00\x00\x00\x00\x00\x00\x00\x00\x00\x00\x00\x00\x00\x00\
\x00\x00\x00\x00\x00\x00\x00\x08b\x84\x84\x00I\xa3\xec!\
(\xaa\x91\xc0\x95.\xa2\x96%\x05\x05\x16\xbcl\xc7~\
4\xb5\x8a8\xad\xd3\xcd\xce\xb6\x17\x17;\xbb\xd0\xe2&\
]f\xaf\xb8\xefT\xb4\xd7\xb28=\x1f.\xbf\xaf\x99\
\xdcv\xa9\xf4*\xbfw\x0e\x9e\x1b\x9b\xbf#|Z(\
\xb8tA1\xc713*\x97\xba\xe9Z\xcd\xb5\xb7*\
\xb7\x8bw]\xb8C\xbe[s\xe3\xaf\xe8'\xdd\xe6\x96\
\x0a\xf8^\x96\xe07)\xf1y\x9f\xdc\xfb?V\x958\
\xab\x92p\xed\xddM\xe9;\x8a\xa9\xa9\xb1\xec\x95\x14p\
L\x8a(b\x00\x00\x00\x00\x00\x00\x00\x00\x00\x00\x00\x00\
\x00\x00\x00\x00\x00\x00\x00\x00\x00\x00\x00\x00\x00\x00\x00\x00\
\x00\x00\x00C\x14$ \x02\x9a.8\x8fy\x5c\xc7\xc4\
)\x96\xfb\xad\xd2~\xda\x5c} \xf4\xb1v\xa3\xe9\xb2\
\x9f\xde\xecC\xd3Ci\xf2R\xb7\xde\xfb*]\x0fw\
z\xae?\x22\xa6>\xf5\xd9?\xe7\xadP\xc3\x8e\xa2\xe6\
\xdb\x1fgG\xbf\xc9\x5cp\xf7\xf4$\xc9\x9f%\xe1|\
g\x1ao\x0f\xe7\xbbN\xb3\xd4i\xc0\xb7\xba\x5c\xced\
\x8f\xaa\x99U\xcc\xfc\xc9\xd2\xe4\xca[\x8e]l\xaa7\
\xa1\xc3\xcc\xc9\x83\xce\xf44Gcw\xaf\xac/\x17\xd4\
\xf4\xbf@\xff\x00'\xd9)\xe3\xef\xfd\x87\xf6\x985\x9a\
|W}\xcc\x88\xb4O\xe2L\xc9\xd1\xf3\xc72\x00\x1c\
\x1c\x80\x00\x00\x00\x00\x00\x00\x00\x00\x00\x00\x00\x00\x00\x00\
\x00\x00\x00\x00\x00\x00\x00\x00\x00\x00\x00\x00\x00\x00\x1cr\
 F$\xca\x99 \x86\x8f\x99\x11%\xf9\x1e\xc3Kt\
\xf4\xb7\x1av\xecg\xfax$l\x9f\xb7\xceosZ\
o\xb0\x97\x97\xd1\xc7mn7k\xe2\xe1\xd7\xd7x\xdb\
ylz\xf4\xaf_\x94\xb1\x10\xfa\x0a>\x9b\xc9\xd5E\
\xd7\xa3\x05D\xae%\xde\xba\x8e\x12I\xa9s$\xc4|\
s\xce\xd9\x87\x88\xd8\xc4\xb8\xf9\xe3mxs\xce\xc89\
\x89\x8d\xa5\xccq\x8c\xc1i\xae\xfd/\x1e\xde\x961\xab\
}\xba\xa7\xf0\x9d_Q\xf4U\xf2\x19\xb0\xef\x9e\xf5\xfe\
\xa1=\x1d\x96\xbc\x1c\xa9\xea\xa6\xd3\xca\xb5\x05|\xd4\xb8\
d\x99\x0f0\xcc\xe2T\xd8d\xdf\x99\xf0C\x1e\x92j\
\xa1\x99\x0a'\x0d\xdc\xb8H\xe7\x8ex!\x04\x5c\xf1\xc8\
\x00\x00\x00\x00\x00\x00\x00\x00\x00\x00\x00\x00\x00\x00\x00\x00\
\x00\x00\x00\x00\x00\x00\x00\x00\x00\x12$O\x90K\xf3\x1e\
\xa7\x0aa\xdf\x1c>yn=\x95\xea\xd5\xec\xf6{l\
vO\xefhqt\xfa<\x89\xee\xd1\xef\xeb\xea\xadw\
/\x15\xb6/\xa3\xe9\xfd\x0c\x95r\xa6I\xeb\xd4\x91<\
\xeb\xd3\x8eL3&\xa7&dq\xd6\x92Jr\x19$\
\xcc\x8b\x8c\x80\x00$\x00\x00\x11M\xa5\x99\x8c\xf5v\x8a\
\xf8s\xe5z\xba\x06\xb7;u\xd4\xe7\xce{[\xa8\xde\
o\xc4\xcf\xd3\x0f\x90\xb3\xb1\x89\xfdtu\xf1\xdd\xf3E\
\x0e\xf2N\xe2\x92\x0cG\xdcP\xf5\x9d\xbe\xb9\x8ad\xae\
s\xbc\xe9\xbd/hN@\xd5\x1a\x0ewNp9\x1b\
\x02@\x00\x00\x00\x00\x00\x00\x00\x00\x00\x00\x00\x00\x00\x00\
\x00\x00\x00\x00\x00\x00\x00\x00 \x8eY\xcb\x81\xcb\x81\x14\
\xa9\x94\x05M\x15_Py\xbf\x9c-\x99|\xdc\xc9\x9f\
\x03\x96V\x97o\x9e\xfb\x9fv}d1\xfd/\x8d\xdd\
\xde\x8czCS%,g\x9f\xe7\x92\xa7\xad\x83\x9fE\
\x98\xa9\xa7\xcb\xb7\x14\xe9Q\xacE-1\xa4PM\x83\
\x98\xb3\x12\x16\xb2E\x08\x00\x00H\x00\x008\x959c\
^\x1c\xf1F\xdf\x94\xd6v\xd7l\xa7\x83\xea\xe8S`\
\x98\xddh\xbe\x7f\xd4\xfbE\xb9\xda\x84\xdb\x97\x93\x9b\xb8\
\x97.\xdft$\xeb\xf1/X\xfa\xc3\x86\x0f\xa1\x8c\xb8\
\xf8\xf7\xc9t\x7f`}\xa6\xa9\xb6\x91,\xfd\xb5oI\
\xde\xc7<\xc8x\x8a\x9e\x9c\xc5\x0c\xcd\xdc\xc5\x0c{\xb9\
\x12\x82@\x00\x00\x00\x00\x00\x00\x00\x00\x00\x00\x00\x00\x00\
\x00\x00\x00\x00\x00\x00\x00\x00\x00%\xcc\x96\x00\x04\x89\xb2\
\xb9:\xaf%\xed0D\xd2\xe6\xb6\xeeD\xde\xe5l\xe3\
\xd8]\xa6\xbd\x7fX\xe3\xcb\x8a|^\xd7\x8dM\xc4\xfe\
ik'\x99\xbc\xc1$D\x1aV\x8f\x8eV\xb7\x095\
\x08\x01\x9d\xc3l\x80\x00\x01 \x00\x00\x10\xcdV!-\
\x855K\x87\xd2\xc1mO}\x09i/\xe7\x1d\x8b\x9f\
\xf5\x09\xf1\xb3\xf4]\xf3\xbe\x86\xd85\x7f\xb3\x9f\x9f\x84\
\xfa~\xf6V\xcfb>\x82\x95\x8c\xc7]\xfdk\x22\xdc\
6{\xe8\xd3\xe53g\xfc+\xbfN\xdd\xaf\x86\xf7\x5c\
\x99\xe2\xe6\x5c\x11\xc7Y3\xad\x9b\xb2\xbf\x9aH\xe4T\
$E\x94\xdea\x8b \x00\x00\x00\x00\x00\x00\x00\x00\x00\
\x00\x00\x00\x00\x00\x00\x00\x00\x00\x00\x00\x00\x00K\x99,\
\x00\xe2\x12T\x9ayq\xa84!\xbbO\x96\x1b,,\
\xcf\x8c\x09\xdd\xa7\xb0\xe6e\x0d|\x8a\xbf\xae\xf1z\xfe\
c\x99\xd5\xe7\xc8\xe2\xa1\xa6ifM\x97\xac\xb3%\xc9\
\x8a\x1emBLv\xe6\x8cgp\xa7\xb8k\x90\xd8\x00\
\x00\x04\x80\x00\x01.g\x1a\xd7\xe2.9\xb1\xbc4\x15\
\xd4\xd9\xb7\x16\xbev\x1dc|GSE\xd9\xb9\x8e=\
\x17\xcc;\x7fe\xff\x00=\xdbR\xd67\x02\xc6\xa5\xb6\
]\xac\xad\xa2{Zy\xefi\xae\xff\x00G\xea\xb9\xfa\
2\xf3y3\x86\xdeJ\xff\x00\xd5N\xc1>r\xf3\x97\
\xc0\xf4\xb6q\xe7\xf4Qg6\xd3\xe8\xe7\xb6\xf9\x9a\xbb\
6\x1fD\xb3\xb5-\xb0\xe9\xb4\xbc\x93:\xce\xc0\xaa\x8e\
_0\xa3@\x8d\x1a\x08\xe4\x00\x00\x00\x00\x00\x00\x00\x00\
\x00\x00\x00\x00\x00\x00\x00\x00\x00\x00\x00\x00\x00%\xcc\x97\
\x18\x0ea\xe5#\xab\x8a9\xf1\xb0\xe3\xe5/\xe8\xe3\xe5\
\xbb\xaa\xb9\xbb\xd2\xd4\x9e\xe9=\xcf\x9d\xac\xa8\xe5\xf5\xda\
4\xb3\x8a\xb5\xc2\xccnx\x95\xc6\x8e\xa6\x1a>z\xf1\
M\x83\x8e\x16\xe7\xf2\x8a<\xc1\x17\x1c\xe9\xa0m\xa0g\
p\x00\x0c\x03 \x00\x004\xc0%\xe3\x88\xa7\xdb\xa9I\
\xd2v\x1d\xef\x0a\xde\x9fpwp\xba\x80\xf9\x8f\xae\xdd\
d\xec*\xdb\x17\x81\xb3\xf3}\x9e\xb8S\xed=$;\
\xf2\xe2\xc1dw\xd4\xf8\x18s\xa8\xdd\xfei\xa3\x91=\
\x94\xe6\xaa\xe1\xf8\x1e\xad\x8b\xec\xb3\xe2\xea]j\xa6\x0d\
\xb5xH\xe6\xc0=\x9b\xeb^\x8f\x91\x9f\xb2\x9b\xb9\x81\
\x19\xeb\xc9\xc7k\x14\x11\xe2@\x13%\xcc\x90\x00\x00\x00\
\x00\x00\x00\x00\x00\x00\x00\x00\x00\x00\x00\x00\x00\x00\x00\x00\
\x00\x00\x972\x5c`\x02E\x05E=\x14m*|\xf2\
\xeewN=V\xc0v\x99\x809\xeb\xf4\xcf\x1f\xe9$\
\xca\xa4\xfa\x95J\xc7\x0eN\xfc\xa1u\xb1\x14<\xcf\xe7\
\xc7!\x15.\x93Uqn<\xc7\x0a\xc5\xec\x8b\xa0\xef\
f\x86$\xbe}\x0dX\xdc\xf1\xb6\x02\xbc\x80\x00\x00\x00\
\x00\x00b0\xd2\xc2d\xba[5\xe6M\xec:N\x5c\
\xb6\xbbL[\xdb\xd3\xdf\xcf\xbd=\x8a\xfad\xf9O\xdc\
\x17\xccz\xf6{\x5cY=\x8d]\xda{#\xd8\xd6\xb6\
\xf6o\xf5O/\x05\x9e\xbf\x9d\x1fn\x1cQ\xba\xb7\x8e\
\x92;\xd4\xb5\x94]\x8c\xe9\xb6\xf3\xd2a\x8f\x89\xbf\x81\
\x16\xba\x9f&>{\xd0\xdf\xfe\xc2q\xba\xfc\xf8\xeb\xbe\
\x9e8]\x1d\x22\x1b\x93%\xcc\x90\x00\x00\x00\x00\x00\x00\
\x00\x00\x00\x00\x00\x00\x00\x00\x00\x00\x00\x00\x00\x00\x00\x97\
2\x5c`\x02D\x14\xd3\xd1\xbea\xf5u\xb4MXu\
[m\xce\x1c.\xcd\xbf\xa9x\xf7=UO\xd0\xe1\xae\
\x97G3\xcc\xd9\xaf\xe6\x8e\x1fI^:\xc91kR\
\x9f\xa9\xed%\xf1\xec\xea\x7f\x166\x15\xaeo9\x7f`\
\xd9\xfb\xa8\xed\xb2Y\xa7\xdfTR\xf6^\x9e\x9c\xe94\
\xf57\x5c9G'\x10L\x96\x00\x00\x00\x00\x02\x08\xf8\
\xde>P\xc5\x0d\x85-T\xcc\xc5\x04p\xd3\xc7\xafc\
\xab\xad\x8ck\x07\xc6\xfa\x1d}v)\x1f(\xe9\xb2\xfb\
\xd1l{\xd3V\x9fv\xba\xf9\xfe\xf3\x83IW\xe3\xec\
_ol\xa5\xa5\xc2J^WC:<\xce\x07\xe3\x97\
\x9a\x871u\xab\xe3\xfb\x1f9\xd2\x87}\x98\xe9\xbe\x1f\
;n\xe1v\x13\xdc{3\xa2s\x22dP\xc5\x97<\
\x92\x00\x00\x00\x00\x00\x00\x00\x00\x00\x00\x00\x00\x00\x00\x00\
\x00\x00\x00\x00\x00\x00\x12\xe6K\x8c\x02\x08\xf8\x91I>\
\x82\xa67\xcdf\xa2\xf7M\xa5\x9e\xabl\xb9\xc3\xae\x8d\
\x87}3\xcdO\xf4\x12-g\xb1U[\xadgY\x9f\
\x1do~\xde\xfbY[-\xf5\xbc~\xb6t\xea\x1e\x9f\
.E7\xa6\x8e<tV\x82\xf4C^\xcd\xbd\xf7\x1d\
\xe7U\xb4\xd50\xc3U\xd2\x8a|\xb9\x13\xf1\xa0G\x22\
\x5c\xc9`\x00\x00\x00\x00\x04\xf0\xf1\xc9V\xcaT\xd9\xda\
iO;\x8am\xe1\x91\x88\x19\x97\xd2q;\x1aR\xc9\
\xec\xec\xf7<{6\xde\xf2u\xdd7~X|\xe7\xa2\
\xd7\xd7\x12\x9d\xaf\xc3\x8a?1\xe0:\xdcv\xb7\xd7.\
8\x1d]`v\xbb\x85\xca\xd8\xe0\xd3\x16\xd769\x92\
T\xf6\xb6\x17W\xa3\xf4\x98\xd2M]=u\x8c\xcd\x8a\
\x08\xeaI2(b\x22\x12\x00\x00\x00\x00\x00\x00\x00\x00\
\x00\x00\x00\x00\x00\x00\x00\x00\x00\x00\x00\x00\x00\x1cr\xc2\
\x04b\x04p\xe5\xd5#\x9d\x86\x90\xfey\xfe\xa5~Z\
\xa4l\x03j:b\xdc?\xda\xf8^\xb2\xd9\x5c\xf7\x7f\
]\x1fY\x9d\xe8\xf8\xaf1\xb63\xecC\xa2\xb8=.\
_][\xd6M\xf5|\xcaN\xb3\xb4\x9dn*\xc94\
\xdc\xf2\xa7\x95\xd9\xc7ERy5T\x93\xb34U\x9d\
t\x09$\xc3W_\x85\x0b\x98\xa7\xad)\xd8J\xb7\x0d\
,\xeea\xbb\xa4qS\xcc\xabn9h\xa49\xe7\x88\
\xc1T\x1a\xc4 \xccI3\xa3\x9a.c\xea'k\xad\
J\xab\xab\xabo\x89\xb1U[\x9e\x82?\x01\x85\x1e_\
\xbb\xec\xb5{?\xcd\xf8\x1e\x9d?o\xe3o\xbf\x8f\xb5\
\xb8\xbd\xd2c\x86gS\xc7M[]\xcc\x98\x95*\xa8\
\xc5,\xba\xe3\x14\xd2k\xf8\xd9\x0f\x13\x1a\xe6\x08\xb9\x01\
\x90\x00\x00\x00\x00\x00\x00\x00\x00\x00\x00\x00\x00\x00\x00\x00\
\x00\x00\x00\x00\x00\x00\x00!\x8a\x13\xa8\xaa\x93\xc9\x87\x1f\
%?d\xff\x00+\xb8Zm\xf0|\xec\xef\x93\xea<\
+\xd5I\x15G\xd0\xf9}\x95\x05\x7fW\xd1\xa5\x1f\x11\
\xc1\x0c\xd1\xcb\xec|\x9c}\x0e\xf7\x8bs\x8d^.\xe6\
a[=i\xd8\x1eN\xfb.\xf0:\xcc\x93\xc7\x9fd\
\x13\xb5\xb3\x1dI6E\xc6\xb9!\xbb\x16\xd2\xee~\x95\
+\xedk\xbf\x0fy\xa0\xab\x9dj\xa6\xf0&\xeb\x1f&\
z\xb1e]u\x98\xf5\xfdX}L\xf8\xa6\xf68\xdd\
z\x09\xd7Q\xa3\x82@\x02\x1b3E\xc7)\xdcR\xd5\
\xc5\xaau55g>n\x8f\xbc\xa1\xb5\x1c\xbbWV\
\xcfa\x8e\x1a\xfc\xfa\xf6Db?Q\x92\x1eo\xad\x8c\
5{\x1e\xd7g\x9f\xbf\xe6\xb7)\xae\xbf\xa7\x9aX\xcb\
\x0fg\xd7\xf6;E8K\x90\x00\x00\x00\x00\x00\x00\x00\
\x00\x00\x00\x00\x00\x00\x00\x00\x00\x00\x00\x00\x00\x00\x00\x00\
\x00\x00\x00\x041BPM\x8aIo>m~\x9e4\
\xc4|\xf3\xed\xc7T\xd9Q\xeb\xf9\xbb\xa6\xeb:\x0fY\
\xf5\x7f1\x05DT\x1e\x9f\x95S\x07\x8d\xc6\xdf\x09\xdd\
\xbfX}\x86\xf6\x07\xc7\xfaK\xf9ak\xf27\x87&\
.\xdc]\xa4g]\x0d\xb59~\xb7)z9\x1b\xe8\
\xf6V\xf8\xab\xa8\xc9\xa0\xaa\x1d\xfdT\xec\xf9\xb9\xb1\xff\
\x00T\xfeF\x5c|t\xda\xbf\xb0\xecm\x9f\x1f-\xd5\
[\x9b\xc1N\x9cv\xb6\xf8\xe3\x9f\x83\xea\xc7\xb4l\x9b\
\xd0\xf7\xbd\xefpw\xe7W\xa7<\x82\xea\xe3b\xf3\xf1\
3\xd9_d\x12\xcdTn\xbb\x9cZ\xba\xc9v\xb9k\
5\xd1\xed\xa5\xfe\x95\x86V\x96\xac\x9b\x0d\xb1\xda\xd3\xb4\
<{Y\x99\x8cv\x9b\xb4\xe2^\xf2\xbe\xa7;v\xb3\
\xe2\xaekOa\xf9\xc7\xa3\x9a\xb61\xdf\x0b:\xec\xdb\
m\x9a{\xf0\xc6\xfc\xb1\x9e>\xb7\xbf\xeb{)#\x98\
4\x00\x00\x00\x00\x00\x00\x00\x00\x00\x00\x00\x00\x00\x00\x00\
\x00\x00\x00\x00\x00\x00\x00\x00\x00\x00\x00\x00!\x8a\x12\x96\
:I\xc5\x1e1\xe4\xff\x00N|l[\xfd\xaa\xe9\xfb\
\xbd[s\x19q\xa5m\xbe\xfbn?m\xe2\xa95u\
-?U\x84\xddu\xdc\xf0\xdd\x8bs\x98\xd9\xb7\xb8~\
\x0fS_\x99\xe3\x90\x12d\x82\xcfx\xac\x90\xea\xe6c\
\xbf\xbf\xea\xfc\xd6\xcb\xe7\xed\xf1\x9a\xe2W\xd2\xefL\xf3\
\xdd\xc4\x13\xd5\xca\x9d\x0di$\xc7\x15>\xb2u\x9e\x0a\
\xe3\xf3s\x18I\xad\x0d\xe7Y\xeb/\x9d\x0co\xfa\x8b\
\xc7\xe9b\xf9\xa1\xa4\xdev>_\x8fX\xb59\x8dn\
\xe6Y9\x97\x0e\x8fG\x82\x8f\xdaW\xd6\xda\xdcJ\xba\
\x9e\xd7M1s\xaa\xd8\xe5\xf5\x8bMC_\xdd\xe5f\
%\x19ts\xb3]\x82vTly\x9f9nta\
o7KP\xb2\xae\x84\x99\xf5_B\x96\xe3jys\
[\xc5fb\xa7\xec(\xebp\x9a4\x00\x00\x00\x00\x00\
\x00\x00\x00\x00\x00\x00\x00\x00\x00\x00\x00\x00\x00\x00\x00\x00\
\x00\x00\x00\x00\x00\x008\xe4Q\xc7\x0cDtS%\x98\
\xb7\xf2\xfd\xf61\xa6\xbb8\xf9\xe6\xcf\xdc?\xf0\xbdH\
\xb3\x1b\x0dj\xaf|x\xee79ys*\xa6\xdej\
\xf3\xe2\xc5\xd2\xda[\xd9\xcfI\xe8\xb92J\x86\xb9r\
?\x1f\xe1\xef\x1c3\xb1\xb7\xcdd\xad\xa0\x9d'\xd7Z\
\xaa}\xe3\xc8\xff\x00S\x8dw*\xaa\xe3\xc1I[V\
Jz\x9a\x9a6y\xf2\xbe\xc2Nqf\xbc~Mt\
\x93\xe9\x8b\xd2\xaf_\x80\x91\xd3\xf7\xben\xab]=W\
\x1d\x85\xc2\x85i\xa6_\x19\xd5-Y\xbe\xfa\xe6\xd2\xe7\
>w\xb7\xe7\xb6\x92\x1a~\xbf\x9c$\xd79A\xae\x1d\
~\xebb\xbc\x97\xf7\x16\xbb\x1d\x82]\x8e\xd1n\xa3\x22\
\xb2\xf9\x1d\x07\xa4\x9b\xc5y+z\xae\xc5\x1a]d\xa9\
\xb9D'\x00\x00\x00\x00\x00\x00\x00\x00\x00\x00\x00\x00\x00\
\x00\x00\x00\x00\x00\x00\x00\x00\x00\x00\x00\x00\x00\x00\x08N\
y\x82\x22L\xa9\xf0\x1d}\xba\xba\x1d4o\x9d\x1dJ\
\xfd\xa5\xe8\x9bv\x9e\xf6m\xaf_9a\xf6\xa1S\xf3\
\x1b\xb5Y\xd9\xfdn\xfd|\xac\xa7\xdd\xab\x13I\x98\xf2\
\xc2<v\xba0=\xdc]=n\x98\xaf\xeb{8\xa2\
\xcd\xbd\xb7\xb7\xfe\x83f.Sd\x07\x81\xb6\xe9}\xed\
\xac\xe7+\xff\x00\xe91\xd7\xd6az8\xf0]\xf4n\
\xf6O\x1cG\x1c\xbe\xaf\xb8\xe7u\xb4\xb7\xb9\x05\xd2\xcd\
\x8cr\xac\xb9\xfeJw[\xea\xbc\x97V\x96\xe2\xf7X\
\xd9`\xe1\x93fx\xef\xa9MnWm#U6.\
\xe8WZ\xdb\xef\x9d\xdb\x91\x8d\x80{U\xb9\xbd\xbc\x8e\
k\xa7\xd21&\xbd\x163\x1c\xf93\xf2\xe5\xcb\x00\xc8\
\x00\x00\x00\x00\x00\x00\x00\x00\x00\x00\x00\x00\x00\x00\x00\x00\
\x00\x00\x00\x00\x00\x00\x00\x00\x00\x00\x01\x0cP\x92\xa3\x97\
0\x8eD\xf8\x0a\x19\xd1H\xc2\x1bcr\xe4\xe5\xa8-\
@\xfduY\xf9\x1f\x1a\xf0o'Z\xf2;\xfd\x80h\
\xe2\x92G\xd3\xd5\xfc\xf9F\xca\xa9#\xfa.\x91\xabl\
\xc32\xc7\xb8\xc7^\xef\x0c\x8a\xf5\x18\xc7\xd9\xc6\xcaH\
\xf1\xc6\xb6&DuV\x8b\xd7\xe0\xf17\xb7\xae\xb0\xc7\
\x9e\x97 \xbc\x9d\xa7\x81\xf4\xddGE*\xeawX\xfd\
\xe6\xe9c0\xbd\x06\x10\xdc\x0d\x19'\x1e0c\x84m\
\x9b[\xbd1\xe1\xee\x8d\xff\x00`\xb6\x8d\xadn\xf9\xcf\
|?\xb7\xf7\x12I-O\xbf\xd8\x9e\xd7`i\xb7q\
\xb9\x9dtbx\x9fc.n\x12\xbb.\xb2v]\xa4\
\x94d\x13!\x9aC\x1b\x90\x00\x00\x00\x00\x00\x00\x00\x00\
\x00\x00\x00\x00\x00\x00\x00\x00\x00\x00\x00\x00\x00\x00\x00\x00\
\x00\x00\x00\x00\x1cr8r\x1cr)\xe0\xa8\x80\xa7\x8a\
p\xa4\x95\xd8py\xbb3\x90\x13\x0dIk\xfb\xe9\x93\
\xcbH\xf8\xec\xc7\xbf\xb2\x5c\x18\x96?\x9coc\xb0\xec\
G\xc3\xba\xbb\xf8Y\xe3\xe4m\x1b\xd1j(ns\xbf\
\xd2-e\x16\xea+\xb4\x91M]\xf4\x15'A\xd3w\
oO\xa7\xd1\xcd\x05\x96\xe8m\xfe\xa6\x22\x95\xb1\x8f\x0f\
\x84=\x94\xbb\xe5\x17\x89\xb7\xfe\xa27G\xe5\xaf\xfd\xe4\
\x81\xaf^\xe3rY{\x1b@\x19+\xf4\x11~r\xd4\
\x06\xc1r\xfb\xbb\xdb>3\xd9E\xc9.)\xc2\x9dQ\
\xc8\x99\xc4G\x0eG\x1c\x80\x00\x00\x00\x00\x00\x00\x00\x00\
\x00\x00\x00\x00\x00\x00\x00\x00\x00\x00\x00\x00\x00\x00\x00\x00\
\x00\x00\x00\x00\x00\x00\x00\x10\x08\xd0\x0eij9$\xcb\
\xa8F\xa4\x956\x12\x8eEU\x0e#\xa4\xb5\x97\xaa|\
\x8c\x00\xb5;M\xa8\xdd\xa5\x0bi\xbf\xda]\xdf;=\
\x1f\xd1\xedf\x8f\x99\xdao\xa6\xe8t|\xd7w\xff\x00\
E\xb2p\xf9\xf6\xf4\x9b\xeb\xa8\xcbF~\xcbr\xf2\xcd\
Y{\x9d\x8dC\xb4\x98;\xef2\x8e\xa4\xb4~\xc3\xd5\
M\x89\xd2G\xddK(+\xa5\xf3\x854\xf9\x5c\xe5:\
\xa2\x96\xb6D\xf4\x024\x02.x\xe4\x00\x00\x00\x00\x00\
\x00\x00\x00\x00\x00\x00\x00\x00\x00\x00\x00\x00\x00\x00\x00\x00\
\x00\x00\x00\x00\x00\x00\x00\x00\x00\x00\x00\x00\x81\x18\x81\x18\
\x82\x19\xa2D\xc8\xd8AOW\xc1B\xae\xe6,u\x91\
v<J\x95.\xa8QGT\xca\x9etBL5\x02\
\x92:\x81K2p\x82UG\x05,u\x0cfT3\
\xc5<S\x84\xae'\x0aeH\xa6\x95]\xc1A[\x1b\
(\x11\x88\x11\x88b\xe3\x90\x00\x00\x00\x00\x00\x00\x00\x00\
\x00\x00\x00\x00\x00\x00\x00\x00\x00\x00\x00\x00\x00\x00\x00\x00\
\x00\x00\x00\x00\x00\x00\x00\x00\x00\x00\x00\x00\x00\x00\x00\x00\
\x00\x00\x00\x00\x00\x00\x00\x00\x00\x00\x00\x00\x00\x00\x00\x00\
\x00\x00\x00\x00\x00\x00\x00\x00\x00\x00\x00\x00\x00\x00\x00\x00\
\x00\x00\x00\x00\x00\x00\x00\x00\x00\x00\x00\x00\x00\x00\x00\x00\
\x00\x00\x00\x00\x00\x00\x00\x00\x00\x00\x00\x00\x00\x00\x00\x00\
\x00\x00\x00\x00\x00\x00\x00\x00\x00\x00\x00\x00\x00\x00\x00\x00\
\x00\x00\x00\x00\x00\x00\x00\x00\x00\x00\x00\x00\x00\x00\x00\x00\
\x00\x00\x00\x00\x00\x00\x00\x00\x00\x00\x00\x00\x00\x00\x00\x00\
\x00\x00\x00\x00\x00\x00\x00\x00\x00\x00\x00\x00\x00\x00\x00\x00\
\x00\x00\x00\x00\x00\x00\x00\x00\x00\x00\x00\x00\x00\x00\x00\x00\
\x00\x00\x00\x00\x00\x00\x00\x00\x00\x00\x00\x00\x00\x00\x00\x00\
\x00\x00\x00\x00\x00\x00\x00\x00\x00\x00\x00\x00\x00\x00\x00\x00\
\x00\x00\x00\x00\x00\x00\x00\x00\x00\x00\x00\x00\x00\x00\x00\x00\
\x00\x00\x00\x00\x00\x02\x1c@3\x05\x84\x19`z\xf0\x00\
\x00\x00\x00\x00\xe9\x0e\xed\xad\xed\x90\x80\x00\x01\x06!\x19\
\x80\xd7\xcep\x9e\x94\xe8\x8e\xf5\xaeh\x0d\x8e5\xc7P\
lQA^\x1a\xc8\xb3\xa6\xe6Zf\xcc\xb33\x8bz\
\x5c&\x98\xef\xf9\xb1\xd6\x97\x06\xe8\xd8\x93\x96\xc0\x00\x00\
\x00\x00\x00\x00\x00\x00\x00\x00\x00\x00\x00\x00\x00\x00\x00\x00\
\x00\x00\x00\x00\x00\x00\x00\x00\x00\x00\x00\x00\x00k\xd7E\
{L\xb4\x05N\xb3\xfe\x99\xfea\xcf\xb2\x95\x9d\xf9\xeb\
>\x9d\x9f<\xbbn2\xb1\xabK\x1cn\xf1\x8b\x1a\xbe\
7\xd0\xb2\xdf=\xc7\xd3\xd3I[\x092\xb1\xf3U\x94\
\x86\xecq{(p\x18\xd3O\xd4\x7f\xc4\x8ey\x1fO\
\x8c|\xc0Co\xcbe\xaecl\xd4U\xba\xb35\xa5\
\x92\xde\x1b\x1eM\x81\xea\xde\xd3l,\xfa\x1b\xf2x\xd3\
\x9b\x86\x905\xa5\xf4\xc7\xf3\xcez\xdc\xbe\xf4\xdbR=\
\x1fv\xc2\x83\xa4\xc6+\xef\xa3\xf3\x08~\xab5\xc7\xb0\
\xe3c\x1a\xfd\xcd\x1f\x8f#\xa8\xfa-\xd2\xc6]\x9e\x06\
\xfc\xe1F#\x9f]\xb7\xec\x00\x00\x00\x00\x00\x00\x00\x00\
\x00\x00\x00\x00\x00\x00\x00\x00\x00\x00\x00\x00\x00\x00\x00\x00\
\x00\x00\x00\x00\x00\x00\x00\x03Cx\x1d\x93\x1bH5\xa3\
\xb9<\x90\x1f0\xfb\x8a\xd1\xae\xed\xcd6l\xb7M\xff\
\x00P\x07\xcd\xae\x0cA\x9ae\xf3\xec4\xb5\xf6^i\
v_\x87\xcd\xa3F\x1fE8\xf5\xec\xcb\x0f\xf4Q\xaa\
\xed\xb4\x0dW\xedCJ\x05\xb7\xba8\xab\xe0\xcc\xca\xd3\
\xef\xd1v\xa2\x8b\x8d\xb0\xad\x02}\x97\x93\xf4;\xbe,\
\x135\xa1]\x8c\xd9\xe2k\x8a,\xee\xcac9n\xba\
\x8c\xd2>\x95~\xd7\xfe;\xcc\xbc\xdd\x05\xeb\xb9%~\
\x9e\xf7\x07\xc9\xa3m\x1e\xfd\xc5\xfcU\x9bt\xee7\x85\
8\xb6\xda\xc2\xdc6\x89\x09\xf8\xaf\xb0\x1b\x9ej7\x05\
\xf2\xf7gf\xe3\x80\x00\x00\x00\x00\x00\x00\x00\x00\x00\x00\
\x00\x00\x00\x00\x00\x00\x00\x00\x00\x00\x00\x00\x00\x00\x00\x00\
\x00\x00\x00\x00\x00\x1a\xc0\xcfK\x96\x00\xc6M3\xfd\x19\
\x8dp\xecx4\xcb\x9a9\x924E\xbd\xb8\x862\xe9\
\xbf\xe8\xa8`\x0fM\xb1q\x8d\xf9 \x0c(\xcdq\xa4\
l\x92\xd98|\xe7o\xab\xe5\x00\xde\x16\xd1)\xea\x00\
0\x0bY_FC\xe7\xefoy\x12:\xaf\x96O\xab\
\x01\xf2i+\xeb@|\x9aG\xf5\x90,\x8d\xee\x0d\x0e\
\xe2\x7f\xd4\x90\x01\xa1\xdd\xf1\x0dIj\x87\xeb,|\x99\
M\xfa\xc8\x16\x86\xef\x00\x00\x00\x00\x00\x00\x00\x00\x00\x00\
\x00\x00\x00\x00\x00\x00\x00\x00\x00\x00\x00\x00\x00\x00\x00\x00\
\x00\x00\x00\x00\x00\x00\x00\x00\x00\x00\x00\x00\x00\x00\x1d\x05\
\xa3\xbf`\x00\x00\x00\x00\x00\x00\x00\x00\x00\x00\x00\x00\x00\
\x00\x00\x00\x00\x00\x00\x00\x00\x00\x00\x00\x00\x00\x00\x00\x00\
\x00\x00\x00\x00\x00\x00\x00\x00\x00\x00\x00\x00\x00\x00\x00\x00\
\x00\x00\x00\x00\x00\x00\x00\x00\x00\x00\x00\x00\x00\x00\x00\x00\
\x00\x00\x00\x00\x00\x00\x00\x00\x00\x00\x00\x00\x00\x00\x00\x00\
\x00\x00\x00\x00\x00\x00\x00\x00\x00\x00\x00\x00\x00\x00\x00\x00\
\x00\x00\x00\x00\x00\x00\x00\x00\x00\x00\x00\x00\x00\x00\x00\x00\
\x00\x00\x00\x00\x00\x00\x00\x00\x00\x00\x00\x00\x00\x00\x00\x00\
\x00\x00\x00\x00\x00\x00\x00\x00\x00\x00\x00\x00\x00\x00\x00\x00\
\x00\x00\x00\x00\x00\x00\x00\x00\x00\x00\x00\x00\x00\x00\x00\x00\
\x00\x00\x00\x00\x00\x00\x00\x00\x00\x00\x00\x00\x00\x00\x00\x00\
\x00\x00\x00\x00\x00\x00\x00\x00\x00\x00\x00\x00\x00\x00\x00\x00\
\x00\x00\x00\x00\x00\x00\x00\x00\x00\x00\x00\x00\x00\x00\x00\x00\
\x00\x00\x00\x00\x00\x00\x00\x00\x00\x00\x00\x00\x00\x00\x00\x00\
\x00\x00\x00\x00\x00\x00\x00\x00\x00\xff\xc4\x009\x10\x00\x00\
\x06\x02\x01\x03\x02\x04\x04\x06\x01\x03\x05\x01\x00\x00\x00\x01\
\x02\x03\x04\x05\x06\x07\x11\x08\x12\x13!`\x10\x14\x221\
\x15 @A\x16\x17\x18#023$p\xa0%5\
BDP\x90\xff\xda\x00\x08\x01\x01\x00\x01\x05\x02\xff\x00\
\xf8\xb3\xdc\x0b\xe3\xc8\xe4\xc7#\xb8s\xff\x00`9\x06\
\xe7\x03\xc8\x10|\xfc9\xf5/\x7f\x10\xe3\xe1\xc7 \xd6\
\x84\x82Sf9 \xa5\x04\xa5\x5c\x97\xbf\x7fb\xf8\xf9\
\x10\x91\xd8\x85\x82\xf1\x90\xfa\x07\x09\x1fH/|\xf3\xf0\
\xe4s\xf1#\x0f\xbe\xdbI\xb2\xcaj\xa3*\xc3m\xc0\
\x82\xe3[\x8a\x13\xa7Q\xb1kf\x9c\x09\xec\xccA\x91\
\x02\xf8\x17\xbd\xfb\x01\x1f\x01F\x12\xa1\xdcd\xbf7\xd5\
w~\xcdJ3M\xd5\x1d\x84e\x1bBL\xd9\x96\x19\
,\xf9+f\xee\xc5\x91\x8b\xe6\xb3c?\xab6J,\
\x04g\xfee\xb2\x05\xf1O\xbdV|%\x07\xf0\xf4\x1d\
\xa4g\x91\xe50iY\xda\x9bi\xb7\x1d\xb2\xc9%\xd8\
\xba\xd5|\xa9\x8eT\xe0\x162\xd7i\xaegFn\x5c\
w\xeb\x9c\xd3\xd9#\xf1.\xb0\xcbF\xe7T\xa4'\xe2\
^\xf5YrIG\x01J\xe0\x17p\x915\xa8I\xde\
\xf9\xe4\x86\xed\x1e\x9a\xfd\xba\xe8\xf1\x89\x93\x9d\xc2\xf5\x8f\
\x90\xaa\xf0\xaa\xe8M\xe4x\xec'+\xb6\x0c\x12\x8b3\
\x1c\x96\xaa\xd9\x1ai\xd5\xcb\xc5\x12\x13\xf1/z\x99\xfc\
;9\x0e8\x86\x8bp\xe5\xca\xa7\xa1\xcar\x07/_\
\xa3\xae\x92\xfc\xcdo\x82\x97\x8e\x0b\x08\x82\x16\xe1\xac[\
\xf6\xa2\xafh\x92\x15**\x9cqz\x1b\xbd8:B\
~%\xef_^~\xc3\x91d\xd7{;\xbf&3\x8e\
\x82S\xf2\xb5V.\x99ED\xdbQ\xa3\x7f\xa4\x82W\
s\xb9c\xde:\xcc\xf2\xc7\xe6&\xe2\xf0\xfc\xf2\xf4\xe3\
^,H\x90\x08\x10\xe0\x17\xbdK\xfd\x8c\x87\x1c\x0b\xc9\
^(\xdb\x82\xcf\xcdkP\xdf\x96~\xa1\xac2\x83\x10\
\xbciZy_\xfa\x9eu`\x96\xaa\xf2\x17\xbc\xf6\x1a\
\xaa\x0a\xacnu\xe4?\x92\xa1/\x81{\xdc\xbe\xe3\xd0\
d\xe5\xff\x00K\xb5M_\x8ec\x9f\xfb\x96\xa4B\x7f\
\x0cI\xfa\x89&hok\xdf\xfc\xb0\x9a\xe7\x96f\x81\
\xc7\x8dw\x94\xd1\xbe^\x19{\xe7\x80c\xb8d\xa8\xee\
\x8b\xb6\xda4\xdc\xe3\xaa\xe2\xc7Q\xc8?\xc3[\xf5\x1f\
s\xbd\x9c\x88\xb0\xb6\xe5\xe7\xcc\xd8\xc3\x8c\xb9s4v\
9\xf2\xa5\x1c\xbb[/|\xf2\x14\x08\x85\xe3]\xd1\xb7\
+\x1e;:\x03\xff\x00\xad\xd4n\x17\xc80E\xda\x8e\
<\x9b.\xf9\x11\x22\xe43\x8e\xc9\xfd}N\xbb\x09\xba\
\xea\xa3\xe4\xea\xc8\xc1{\xe7\xd7\xbc\xcc\xfb\xdc\xf49\xa8\
\xef\x8f\xbc \x11H\xae_\x86V\x9d\x96j\x87\x05\xce\
\xe4^\xca(1\xf6^@\xeb\xf3\x90\xaf\x98\x95\xa3p\
\xef\xae\xbe\x1f\x8a\x03i4\xa4\xbd\xf3\xda\x0f\xfeG\x0b\
\x93t\xbb\x9a\xde\xd5&\x98\xce\x7fjV\x9b\xb2\xecf\
\xb5'\xf2\xfb;%n%nMl\xb9\x930\xbag\
\xec\xed\xb5\xb6.\xd5t\x06\x15\xc2\x8d\x7fQ{\xe8\xcb\
\xeb1\xfboz\xa3r\x86\xd29\xb1/[Z\xfc\xac\
\xd8\xd6\x0c7M\xb52\x95H\x98\x92T\xa9\x1a7\x08\
\xf9\xa4U\xc6Dh\xa9k\x83\xec\xfa\xcb\xdf=\xdfQ\
\xfd\xf9\xe4\x10\xd9\xf5_\x89RlJ\xff\x00\xc2\xeeq\
\xa9\xa7\x1a\xc1\xfc\xf3\xc5O\x92\xd9\x9c\xdb|/\x1cU\
\xa5\x9e\xa4\xc6SOX\x9eH~\xdc\x02\xf7\xcf\x1fQ\
\x82.>\x16\xd0\xfev>\xfd\xa4\x5cL\x9e\x14\x8f\x0b\
\xd67\x8e*?b\xe5;\xa5\xb0\xe5\x19T\xb4\xd3l\
\xf0@\x92d9\x04\x0b\xdf\x9cr7\xde(RU6\
2\xa3>\x87;\x8b\x0f\xa8]\x9c\xfdQ\x8c\x9c:V\
\x18\xf1'\xd4~\xc4^\xfe1\xb2i\x7f\x12\xab\xd8\xf8\
\xf3\xd53\xcd=\xaa\xd3\xec\xc7\xfcS\x0c\xf1&\xb3\x90\
D\x0f\xd0\x92\xa3\x05\xef\xd3\x16\x11\x0aS[\xa7[|\
\xe3\x97t\x12\xa0H\xd5\x8d\xcc\xfcK\x04B\x8a\xa3\xec\
H\x0b.I$\x0b\xdf\xa6\x0f\xfeK\x8af-c\xe4\
\xdaH\xe7\xbb\x86\xe9\xb5S\xcc\xae\x88P\x19R\xb8&\
\x94f\x0c\x12\xbdH\xff\x00!~O\xdf\xdd\x9fPO\
#\xbcw\xf3\xf0\xf2\xa4\x12\xbb\x87\x06\x0dD>\x91\xc9\
\x90y\xc4\x10U\xbcF\x0c\xaf\x22\xa9MY\xb0\xb0\xdb\
\xed\x18\xee\xee\x06\x5c\x1a]!\xe88p}D\x0b\xb8\
\xc1\x12\xc7<\x0f2BU\xcf\xf8K\xdbe\xfe\x05\x99\
\x90Z\x9e \xd1\xb88 \xbf\x22G{\x81\xc9p\xda\
\x132\xdaHEe\xb5(\xa3\x0b\xad\xd7Z\xcbV\x9b\
\xfasec\xd4f^\x95/\xa8\x8c\xddf[\xdf&\
t\x1e\xf3\xc9\xd2?\x9f\xd9\x8bb'Q9\x92UK\
\xd4=\xc1\x8a=\xf3\x15\xe7#\xed\xacm\xf3\xad\xcek\
%\x08\xb6\xd1$\x11\xad+.\xe7\x90\xb4\xbe\x83\x07\xf5\
\x91!\x049\xfa\xbd\xd8\xa5p\x12\xe0q\xe6\x9aL\xec\
\xaa\xb6!^\xee\x08p\xd5\x94o\x87\xd2/7%\x9c\
\xe5O\xcbgM\x0eN\x94\xf8$\xcaPLYf>\
Bz\x88\xaalT\x0a\xb2\xc5\x00\xe1X\x0f\x93\x94>\
U\xe4\x85\x13\xa8*\xdb\x99p\x95Q\xb6lk\x06;\
\xd4\x1d\x81+\x17\xdc\xd1\xe6\xb7Y\x96\xd5Y\xb6\xdbl\
<JqM\x12T\xa7\x028H/u\x98Z\xd0\x92\
\xb9\xcaa\xd5'0\xdd1#\x96Q\xb8$Lr\xc3\
'\x9f1\xc7&\xcax\xe30\xeb\xc7\x07\x10~h\x85\
\xac\xa4\x1a\xa1\xebU\x88\xba\xd8\x82u\xf3(\x05\x86G\
l\x7f\x03Fp\x9d\xd7\x8c(?\xad\x09bn\xa9y\
bn\xa6\x98\xd9N\xc2eE)5\xd2c\x1br\x1e\
d\xe3\xe4S\xd8,Oi\xcc\xaaV\x07\xbc\xe2>T\
\xd9l\x1bf\xcacf\x13\xcb\x86^\xe25p;\xc7\
#\x91\xdc\x0d\x5c\x0f:A\x1f!N\x92E\xad\xfcJ\
\xb6\xb3\xbd\xc5_\x0d\x19f\xd5\xb5\xb3\x5c\xcb\xeby*\
a\x0eJU~!:`\xa4\xd6\xb2\x96*5\xfc(\
\xe9\x8d\x8dV\xb4LTGi_/\x18xGa\x82\
a \xd2D8\x1d\x83\xc0\x83\x0eAa\xc4\x9e=X\
\xe9[\xe0\xf5\x12\x13y\xacd(O\xc1\xec \xaa\x5c\
e\xc5r-\xbd\xa4\x13\xc36\xbd\xad[\xd8\x16\xe0\xa8\
\xb0n\xba\xcd\x9b\x06\xc9e\xc7\x94\x81\x1f%\xe4\xf5\xe4\
r9\x1c\xfc\x0b\xda\x9f\xb7\xe4Ry\x06FA*W\
#\xb4\x18Z\x07\xcd\x223y\xc6\xc1\xab\xabo:\xdc\
\xd3\xe5*\xe3$\x91hmE\x90\xfa\xe90\xd9\xb3\x8e\
\xa3\x5c\xb0\xd8\xa9\xc4\xe30\xdchL\xb0\x85\x91\x0e\x1c\
\x0aqdM\xf2\xa1\xf5\x83J\xd2<\x9f\x97\xd4\x17\x7f\
\x0b3\x04\xd2\x1d+lm\x89e}\xaf\x1aY]b\
VqT\xec\x03\x8c(2\x89u2\xb0\x1d\xd0\xe3'\
\x8a\xe6u\x97L8_KJ\xf4\xfa9\xf5\xf8\xf1\xf0\
/j~\xdf\x93\x91\xc7 \x93\xc0 a\x7fQM\xb3\
\x8f\x05\xbd\x89\xb4\xe3\xc0k2\xd8Sm\x9eR^\x9a\
\xe5F6\xfc\xc71}n\xd2\xd3]\x8dG\xadB\x22\
\xa5a*q\xa27]\x0d+\x91\xf4\x83l\x96 U\
\x9a\xd0\x9aQ2\xa7\xc6\x85\xb4hs\xf2$\xc7)\x0e\
\x86\xd4\xa4\x9a\x9eW\x1e\x04>\x8b\x5cj4\xc4eZ\
\xf0\x85\xa5\x03\xf0]\x8e\xeb\xb1\x1c\xd6\xbbNe;\xd8\
>{\x0e\xfa)\xbe\x95%\xb33&\xd5\xdd\xf9K\xda\
\x9f\xb7\xe4_!!J\x09\xf5#\xe0\x5c\xdd1P\xd6\
\xcd\xdbh$dyL\xcbY\x15\xec.r\xb1L%\
\xc7\xde\xa4\xc3\x11\x10D&\xa2\x13q\x0ei\x22\x9dl\
\x86\xa9\x0dh\x93K\xd8Rc\xf8L\x8c\xcc@g\x97\
j\x9bA!-5\xc5\xaf\x8f\xb2jK\xcc\x7f\x91_\
oP\x93\xe4\x11\x102#\x1f\xea\x12\x93#~;2\
\x91\x95\xe0\xe5!7x\xcb\xb0\x16\xea\xdca\xdd}\xb1\
\xa4\xd2\xc9\xd7\xdb\x225\xc4V\x94O\xa1\xbfl\xfe\xdf\
\x91G\xc0\xe7\xd3\xeej2Bm\xaeQ\x11\x9d\x97\xb5\
\x92\xf2\xafo\xa6\xcd\x99W\x13\xf1\x01\x89`\x12\xbb\xab\
\xb1\xe6\xa2\xc7\x8c\xd7\x8cF\xa6rJ\xabi\xfeT\x90\
\xc4S$\xc7lM\x8e\x9e\xdbt\x12\x14\x97\x08\x8d\x87\
\xd0\x91\x0e\xd3\xb0~4]\xb2\xee\x09\xc2u\xde\xf3\xfc\
\xaa4\x84\x90W<#\xb8\xc7$\x90a\xb5\xf0$2\
\x89\x0d\xdd\xe2\xb1\xe63\x9aaR\xeb\x9dC\xc5\x15x\
.ccYg\xad\xf6\x04KJ\x98\xbd\xdc\x0eG>\
\xda\xe4\xc7$\x14~\x89S\x9d\xd7\xd7qk!\xedm\
\xaf-\xb3\xb2\xb7\x976MED\xabG\xf0\x9c\x11\xa6\
\x13\x0e\x1d{\x0dVVMS\xd0\xe9#\x86\x220\xc1\
-h\x22\x91`\xdb!w\xa9!*\xf9k\x12\xe5\xa9\
\xf34\xf2\x13\xc9\x02Y\x90\xf3\xacrg\xf0/\xc9\xc0\
\xed\xf8}\xc1\x17\x00\xcb\x91\xc0\xed\xf8\x19r2\x1a(\
\xd6L\xe5\xb8j\xe2\xb8\xe7\x9a\x0a\xb5\xdeu>\xb6V\
\xbf\xceb\xdc\xc2\x84\xeb\x8aQ\xab\x80\x93\xe4\x1a\xb8\x05\
\xc8\xe4r;\x87p\xee1\xc9\xfc\x0c\xd4\x0b\xd9\xe6\x1c\
.C\xdfKsl\x1a\x83\x0fqm\x03m\xdb\xabg\
\xe6\xbfMH\xf5\xa3\xb8F\x0c\xd4t\xb7\x15\x0d\xa2\x9a\
\x9djv,V\x91\x1dHJ\x0a\x5c\xc4\xb4$\xdd\x89\
\x96\x0bt*C\x9d\xdd\xcaP\xe0\xc7\xd8s\xf9S\xfe\
R\x0f4J\x17x\xdcy\x8cf\x98\xa3\x91\x1ejK\
\xb0W\xa9\xf3\xf7\xa0;\x8a]1m\x0dE\xc9#\xe9\
O\xfb\x19}\x81\x10\xed\x1c\x10\xf4!\xfb\x19\x84\xfb@\
\xc7\x03\xe6S\xe4\xdb\xfb\x1d\xba\xb8\xb7\xd7\x8f^\xca\xaf\
\xae]\xb3\xd8\x8e\x15\xf2LW\xb6\x92j\xb6\xa1k\x5c\
8\xa9e\xbeM\x93\xb1\xb9&\x8a]\xb9\xbe\x7fS\x80\
\xfe\x9f\x81\x0fO\x87\x03\x81\xc0\xe0p\x0b\xfc\xbc\x85}\
D\x97~\xac\xb7\x1dnt\x0c\xa3\x1er\x14\xf8\xb3\x97\
\x02N\x90\xd9\xa97j\xe67:\x22\xfdM\xb2\xed\x22\
1\xc8\xf2\x82W?\x05\x04\x982\xe4\x17\xa7\xe5/e\
\x98\xff\x00\xe3\xb1\xf2\xe61\xf8[\x13.\x91yqY\
\x14\xde\x1a\xdf\x0dZW\x1a;ib\x04n\xd7*\xc9\
\xbe\xc5\xff\x00l\xae-P\x84J\x94\xa7\x8d\x0d(\xc7\
\x7f`#\xef\x1d\x86;\x7fJ\x7fh\xea\xf4u\xae\x02\
P\x97\x93\x9fb\xa9y\xbbJ\xb7!\xb9\x8cd\x0f\xd2\
K\xd5y\xe33\xea\xe29\xf3\x08x\xcc\x94\x95zs\
\xc8\xe0|\xc2\x1b\x1f\x887\xca\x16\x95\x91\x9f\x01*\x0e\
8d\x10|\xa7\xe2^\xc9\xef.L\xfd\x0d\xd4ss\
h\xc5l}\xd5\x9c\xbb=]\xcb\x92\xe6\x0b\x8cL\x98\
\xfdD\x06!F\xed2\x11^R\x15]i\x19\x94\xce\
\xbciH\x93!O-D|\xb6g\xc2\xf80\x9fA\
\xc9\x8f_\xc9\xc9\x8eLrc\x93\xff\x009\x97h\xee\
3\x04f\x83\xb1\x8c\xa9\x88\xd9\x18\xcb\xad<\xe3D\x97\
u>bu\x96\x18m\xb3V\xb4\xe8\xfa\x8c\xfe\xc4.\
\xb2\xca\xcat\xd9m\xca.\x1a\xdc\xd4\x9e\x5cob\xd3\
\xd9\x132\x8aR\x10\xe2P\x1c$\x84}\x87>\xcb\xed\
\xf5\xf4\x12\x1bJ\x0bt\xe6I\xaf\x8b\x93[.u\x86\
1D\xb9\xf2p\xaad\xd7\xc3m\x04C\xbf\x81\xe51\
\xe41\xe5\x1d\xdd\xdf\x94\xbfP_\x02\x19UJ'\xb3\
\x94\xe3\xea\xacz\xbar\xe3H\xd2Y\xe9~\x19\x1d\xc4\
\xbc\x8eFMr\xdd,=\xab\xb2\x95!\xf2\xc8\xe4:\
\xd9\xc9t\x9c\xc5\xf6$\xeaU\xea\xed\xb1\xf8\xa1%q\
\xe6\x06\xcf\xca\x13\xc1\x17\xdcv\x0e8\xf6I\x1f\xc0\xd7\
\xfd\xdc\x92\xc50\xabv\xfeR\xabG\x93\x1c\xe5H\xd7\
t\x5c6\xda<\x09A\x99\x8e\xd1\xda;G\x01%\xc7\
\xf8O\xf4\xc4\x1eA-\xbd\x81\x8e\xfc\xc361\xfeV\
v\xb4\xc9W_s\x80\xdc&\xe2\x04\xa5\xf8\xcbze\
G\x0e\x8a\xde{\x96si1\xa5O\x16X\x1b\x8d5\
\x22\xb1l=\x89d\xee\xd1\xce\xd4\x99\xd1^VF.\
\x0b\xb0q\xc0\xef\x1c\xfb$\xc1\x05#\xb4\xf6\xc6D\x98\
pr+e\xca\x9f\x86A;\x0b<^\xa7\xe5a!\
=\xe9o\x82\x1c\x97<\x8eG?\xae\xfd\x8b\xe1\xdd\xe9\
:\x02f\xb5\x9bT\xae=\xcdt\xa5A\x97\xd3\xb6h\
\xd4\x8a\xd7\xd2oE\xdf\xb6j\x5cf\x1aQ\x8dc\x09\
\xb7\xd9\x9dO\x19\xe8\xb9\xfe*\xf4$\xa9\xb7\x99V\x93\
\xcc?\x0f]$\xf4\xcf\x88K\x1f\xec<J\x1e5\x84\
\x92\x92;\x87p\xe4s\xecE\x985v\x95\x83\xfe8\
[\xd7(Sr\x1ds\xcd+WR\xa4\xe7\xc7i-\
Fk\xfe4\x11\x99\x99z\xf0c\xb4p\x08\xbf)~\
\xa3\xf6/\x83\x86}\xca\xfe\xca6\x0d\x03f\x89\xcd\xf6\
\xbf\xa8\xb27\xe9&QX&u&\xf3B\xcd\xf6L\
\x88j\x86\xfb\xa14\xcb\x8aFWY\x0a\xc2\x1e_\x5c\
\xd4\x19\x98\x8c\xf7\xe2Y\xe9\xfc\x97\xf1(\xa4\xa4v\xbb\
`\xd3@\xef\xa3$\x16C\x10G\xb4fQ\xf7\x021\
\xc8!\xfb{\x09j0\x9f\xacfr\xbeF\x8bn\xdc\
\xb9af\xc3f\xb9\x18\x1d+QkQ\xea\x82\xe1)\
%v\x18/\x89\x99\x8eT=G'\xf0!\xfb\xfe\x9c\
\xbe\x06_S\xe9'Q\x96W\xa6M~S]\xf2s\
\xe8,\x5cj\xd7Rd\x7f;Y\xbb\x0b\xbd\xd6H\x8e\
f\xb4[lEe\xd7\x0d\xa5\xc2C\xaa\xd94\xc6\x99\
\xb0\x5c\x5cG\xb4\xben\xcc\x04\xda\xeeH\xf1\x98\xb7\xde\
\xb3|\x8f\xee\xebc\x08\xdd\xf6\xfc\xd1o;\x06\x5c\xa2\
\xdd\x071x\xdeK\x06\xd22\x97\xc0I\xf2\x0b\xd8G\
\xf6Q\x02.\x06\xd6\xb2\xf9l{,\xb1\xf9\xe9\x98\xe4\
\x1f\x9c\x93\x8dC&iH\xb8B=S\xc7\xa9\x02\xfb\
|\x08q\xf0\xe4r\x0b\xf5$\x08p\x08\xf9\x16q|\
\xd1\xf6\x05G\x89\xe8\x8ex&i\x9c\x90\xdeoo\xd6\
\x1f\xe1.\xfd35\xcc\xff\x00\x1a`:\x93a\xb5r\
\xf6{Q\xe4b\xe9\x9f\x97~\xa6\xe9\xfa\xd2\x93u.\
J\xbb\xa4\xadID\x93J\x98\x94\x13\xf3m\x0a\xfb\xf9\
p\x5c\xd6{a\xd6_\xc5/\x7f\x1b\x8a\xd7=\xc5\xec\
5\x8e9N\xf3\x9f\xe0\xa4\x90\xf2\x9dwX\xc2\xf9\x99\
5\xed\x93u\xbc\x7fm\x92\xfa\x7fr\xfc\x86|\x0e\xe3\
\x1e\xa3\x83\x1c\x02\xfdQ\x04\x97\xd2\xd9\xfd}\xa4\xe2v\
\x1dW|{&\x0e3\xfaR\xeb\xe4\xa5\xecj\xcf\xc6\
p\xeb\xf8\x0eV\xd8\xe3W\xa5\x12V+vV\x0cF\
de\x15\xff\x005\x031\xc7_niR\xbd\xcd^\
\x19&A\xd6\xeb\x17\xdeK:\xa9\xde\x0fV\xa8\x85\x96\
\xbc8\xc8\xc8 \xa6$\x9cU\xc7\xdb\xb8\xd2\x92\x1cr\
\xbd\x0a\xf5/\xb7\xb0\x9e\x08Qq\xd4\x05\x99%(O\
.\xeaH|<\xda\xb8\x8f\xff\x00\xd7a_A\xfd\xff\
\x00'\x1c\x8e\xd1\xe8=\x07r?V@\x95\xc1\x12=\
I}\xa7\x94C)0\xb3h?+6\x86\xc5U\x92\
\xb0\x97\xa2]\xe3{\x9a\x8e\x14{\x94\xf2\xc3\xda\x8a{\
\x92MR\x0d,2\x7f2\xd5\xe6 \xc4\xc7\xd5\x807\
\xdd]\x8a\xc6\x8cM3\x1a:JKc\xbc\x8c\xae\xcd\
\x94\xb3\x9bv~#\x8d\x12\x8e\xe3F4\xb2\xae\xe0\x17\
\xdb\xd8O\x11\x84\x9a\x87P\x93\xbf\xf5\xb6\x10\x7f5\xab\
cx\xc1\x91\xa5\xa2_1\x98Wj~\xe3\x91\xc8\xe7\
\xd3\x90I\xe0\x1a\x88(\xcc\x8ae\xec(a\x19uB\
\xd5\x0atiI3\xed\x08>\xf0g\xc0\xe0\xf8\xfd1\
\xf3\xdce\xc2\x5c%\x09My\xa2m\xa8J\x8f`\xc3\
\x9c\xbd\x89\xec\x96\xaa\xaa\xb6\x06d\xfd\xc5\x8b\x0d;(\
i\x9a\xf7\xe3\xad\x11[q\x09e\x0c\xa5\xd7\x9e\xef\xf2\
\xadDo\xa8\xc7oxj3<N\x90\xdcR\xce\xb2\
\xaf\x0c{{\x07\xa6\xca\xd6\xd8\xca\xac,u\xdd7\xe1\
\x15\xf1\x96\xe2\x9d/\xb7\xb0\x7f`E\xf5u\x10|e\
\xac\x9ft\xfc\x07\xd1\x0b\xfa\xa2Eh\x84\x86H\x9cp\
\xd2D\x8e\x07a\x02l\xb82\xed\x04\xb2\xe3\xb4\x8c\xec\
_S1v\x15\xc4\xa4\xb9Yp\xfad\xe1\x19j\xd5\
!\xb9?0\xd4\x13\xfad\xa4%\x7f\xdb\xfd\x1f\xed\xf0\
\xe7\x85Ix\xfb;\xbb\xd9i\xa4\xf6\xee\xc8\xc8T\xd5\
6~BqhJ\x19zS\xb8^$\xa9C\x1b\xc6\
Y\xacm\xc5xP\xdc\xc7\x14\xb7\x0c\xd4#\xfd\x89%\
\xde\xe2\x9a\x22~\xca$df\x19\x9bL\x95\xdeL\xf4\
\xe7i+^\xb5\x9b\xa7\xf0\x0f\x030c\xa63=\xbc\
\x02\xfb\x02\xf6\x07\xec\x9f\x87QD\x7f\xc5\x10\x8f\x99\xda\
\xe5\x1eT9\xc2XnG\x06\xe9\xf7\x9fb\x94\x08\xbb\
G\xa8\xf2p\x11\xc2\xc3\x8c\x1b\x84\x86\x8d\xb1)\x8f;\
\x19\xd6*\xe4\x816\x96L7\xf0:Ye6\xb1\x95\
\x14V\x0b\xc6\x1d>I$\x7f\xa7Jy\x12Q\xcaL\
\x8d-\xbd$\xdaF\xd7\x90\xb9\x13\x1fW\xacX\x8e\xc9\
s\x0f\xc2W(R\xe3m\xd56\x89\x09p8\xd1\xf6\
H\xb7b\xbc\x5c\xedX0W\x17wV\x90sr\xc1\
\xe6^\xda\x8e\xfa.\xb3\xb7d\x09v\xb2\xe6\xae\xb6\x82\
E\x92\xf5\x86\xaex\xde\xc5\xe9\xda\xab\x88\xa3 \x83\xee\
\xf8\x90/`$\xfdGQL\x99\xdf\xc2\xf4\x95\xab\xe4\
\x91\x97y\xbaM\xb7\xfd\xc7\x96\xd3-9\x93\xc1`\xd7\
\x9b@7*\xae#M'\xda \x9eR\x09fa\xc6\
\xa4\xa8\x9aD\x84\x9c\x88\x91$&^\x1fS%P\xb1\
\x88\x90\x09\x0bKd\x80~\xa0\x8b\xe9\xfd\x11~N\xe3\
 j\xe4\xbd;]\x8eKFi\x8b\xfc\xeaX\xc2\xa6\
\xb9*\x87_\xa9'EL\xcdz\x16\xa6\xd4\x8f\x02\x90\
w\x16i\x87\x1b-\xcc\x8f\xcf>\xcd\xf9\xa7\xde\xea\x0d\
R\x15\xd8K\x90\xa0\xcc\x09r\x95\x8a\xeb\xbb+%k\
\xfd=\x22:\xe81\xf85\xad)\x1d\xa1\x06f\x0b\xe9\
\x05\xeb\xf0 _\xfe\xf9\xfd\x8f\xd0\xcb\xd4\xba\x85g\x9b\
f~\x97\xb5#\xbeE\xc3\xe0\xd6e\xda\xbc\x9a[\xac\
E\xbf\xcag4\xf7\xf1\x1c\xee\xfd\x7f}!\xe3\x8e\xff\
\x00\x95\xbe\xd20\xf2V\x90\xc2\xd4Hq\xd6L\xd7\xc1\
\x86\xc8\xf9q\xceP\x96\x14`\xcf\xb0 \xb9\x1d\xfe\xbf\
\xa2/\xc8DF8!\xeb\xcfy\x92\x14\xcae\x12q\
\xe8\x0c\xaa4x\xe8\x0e\xa3\x82l\xd7\xcd\x94\xb4\xc4o\
6\xcb\x9b$Z>\xe4\xd9\x0d\x12\xd2\xbcs\x11\x95t\
p\xf4\xad\x8b\xcd\xd6h\xb7\x0dT:.\xad\x02\x83Z\
\xd4U&<6b\xa1It\x9dh\xcc\xd1\xdb\xda|\
\xa1d\x9fO\x81\x02\xf6\x03\xa5\xc0O\xdb\x7fR\xa5I\
%\xfdzno\xf7\xe0\xa1<\x1f\xfbdQ\xd6\xfc\x5c\
\xb7\x1d\x90\x87\xa3\xd1Oy\xcc\x16\x85\xc8\xe22\x16\x86\
\xd0\x0dDD\xeb\x86a\x0c\xadJm\xa4$\x94\xae\xd0\
G\xc9\xa5\xfe\x12\xb2\xf2\x1a\x0f\xb4%\xa25\xac\x92\x90\
\xa7\x14@\x9cp\xc1)C\xea\x1c\xa8w\x8e\xe3\xf8\xfa\
\x7f\x90\xd4a\x1c\x0e\x12AFf\x1bO\x8d<\x9b\x86\
\xda;Mr\x17\xdc\xe3\xf1\x98g<\xcd\xd2\x84\xdd\xda\
\xbb5\xe8\xaf\x1f-\xb4N\xd8h\x8cW\xe6\xd3\x0a\x9a\
3,&\x13$\x12\xc2\x12;\x08)\xbeG\x8f\xe9\xf1\
p\x14\x8e\xe0\xdb=\x87\xc0\xe3\xd8N\x1f \xbe\xdb\xd6\
\xbc\xd7F\xe1x\xd7\xabdxd\xd6\xf2qX\xff\x00\
i\x89J\xc4\xdc]\x99\x80\xb0\xf8\xcd\x1d]s1I\
\xc5\xa4\x81\x18&\x8d\xf0j(\xc13\x92\xe0\x5cu8\
\x10\xd1\xb6<I2RR@\x8d \xbb\x07\xd2\x0c\xd2\
A\x0f\xa0\x81<\x8e\x16\xa20\x89IIw\x12\xc1\xb2\
8\xed\x1eNA x\xccv\x98\xed\xfc\xdf\xb7\xc7\x82\
\x0bB\xcc6\xd2\xb9\xe3\x82R\xb87?\xb8M\xb0l\
\x15\xc5\xfb\x10\xcb&\xcd\xf9+\xcbGe\xba\xe4c\xf0\
\xf1\xd80\x8a\xb7,mu^8T\xf0\xfd=\x98\x7f\
s?\xa7oA\xf9\x9cZ\xfa\x12\xa2H\xc3\xe7\x94)\
8\xc3\x89\x91R\xb5v,\xfb\xdcu\xd2\xf1\xa5m\x1a\
\x82\x10d\x16\xafT\x19\x03\xeeP.\x12\x14\xe4`\xf3\
\xaah\xa6\xe6\xb0+Jn\xcc\x89\xe5{g3\xcf\xf3\
=\xa0[9\xa0\xad\x98\x83\x0d\xec\xc6\xd2\x22\xedZ\xe4\
\x88[F\x95\xd1\x1b6\xab|\x98\xb9\x84\xf2P\xf18\
<r\x0c!* jo\xb1'\xc0\xef n\xa4\x12\
\xff\x00\xc4\xa3\xe0\xdbR\x03\xce\xa4w\xadF\xd3]\xc4\
\xfc\x96\xa1\x0b\xec\xd2\x1b1\xf2\x1c\xb5o\xbbkf\xf3\
\xce5\x19\xd9G!Jm\xb6\xda[\xca\xd0\xb8\x1a\xec\
\x1a\x89\x150\xa3#\xfd}\x96\xa2\xe0+\xd59\xd4b\
\x95C\xb4\xaa\x7f\x0e\xb1\x82\xb3jF\xbf\x9aK\xab\x90\
G\xe4\x8ee\xcc\xe7\x08\xc8\x9d>\xd2Y\x98\xec3?\
\x1fiH\x94L\x09\x19\x0c\x06Q}\x9e\xc3\x8cv{\
:\xc9Ga\x94\xcc\x9c\x17=\xf5\x8ed\xb8<2\x87\
\x8aPJ$\x90W\x98\x19\xac\x8d\x9b\x07\xd9\x11\xb2\x99\
\xcc\x889\xfd\x8bB\x9fd\xf6\x8a\xed\x8bX\xe1G\xca\
\xa1J\x11\xa7\xb6\xe2\x92\xf4U\x03Kj\x06\xd8B\x08\
\x81\xf1\xfe\x1e\xc2P4\x84!\x06O\xbf\x0a9X\xe5\
1b\xa3*\xd8F\xa1a\x95L\x96\xa3zd\xa5\xe2\
\x18D\xabue\x18u~7\x12i\xa1r\xf0\xea\x17\
,\xec\xb4\xe64\xdd\x1d3\x89\xe4#\xd1>\xca0\xbf\
PD]\xb7\x8dy\xa3u\x01Z\xb6\xad\xd1\xfd\xb7\xf5\
\xad\xaf{hJ\x5cB\x8b\xb4\xd2\x92x*?i\x11\
\xb6Aox\xc5\xaeQ\x1a)d;\x03\xc2W\x19\xbc\
\x99!\xfb\x07%)\xb8O<p1\x0b\x19j\xa3\xd3\
\x0b\x99\x1e\x0e\x85B\x89:\x0e0=\x06\xc1\x04\xe86\
\x14o\xf4\xfe\xc7\x12\xf4\x1a[\x16\x9anDR\xb3\xc0\
\xaeb)\xeaKX\xe6q\x9eh3-\xc8\xe7[\x98\
\xcc\x86p6\x8c\xd1W\xb0\x8d\xc3\xab\xcb\x22>M\xdb\
Dx\x89\xee\xe0\x85\x18\xe7\xf2p=\x07\x069\x06\xf2\
\x10$ZBh\xad\xf3X\xb1J\xf3d=\xcd\x86c\
*Q>\xea\xe4\xae\xa3\x1e\xb2\x9c\xf6\x13\xa8]\x9a\xb3\
\xc5\xaa\xf0\xea\xfd\xa7\x9c\xae\xe1lG\x5c\x874\xae\x09\
\xe6v,\x04\xc1j;\xebp\xcb\xd9f\x09!\xd4\x9f\
l\x86I\xc8\xdb\xbf\x187Wb\xcf\x8af\xb7\xbf\xf9\
9\xf5sJlV\xd8\xef\x0bo\xe5\xc9\xe9]\xe9x\
\xd3\x1c\xb2m\x8e\xc5bo\xf37\xad\x94\xec\xd9/*\
%T\xc9\xca\xa3\xd5\x93\xecO\x1a\xd1\xcf$Q\xeb\x98\
\xb5\xc5U\x0e\x14d\xc6j\x1fi1\x18\xc1E\x8c\x13\
\x1a?q\xc4\x8caU\x91\x16%\xe3\x90\x9d)\xb8L\
\x07E\xde\x89f\xd8e=9Jh[\xeaK*\xa5\
J\xc6\xe7\xc4\x0e\xc5\x90\xd1\xb5&Cb&E&1\
\xd5\xecUD\x15\xdb\x99\x88\xe9\x85\xb4\x22\xd9\xa5\xac\xde\
\x22\x82r\xe8\x8a\x1f\xc5Q\x02r\xa8fk\xc9!\x91\
/-\x86\xd8\x7f`\xc5`\xa6\xedx\xcd\x09\xdb\x8d\xae\
\xdbm\x8e\xec\xf0\xf5\x8c\x99\xa1l>\xa3\x85K6[\
\xb8n\x8b\x9b\x90\x1e\x1d\xa7\x1a\xc7\xc4\xbf\xc2\xe9*\xb6\
\xee\xd1O\xcc\xcay\xe9\x925\xb6\x10\xf5\x8c\xad\x7f\x8c\
\xa6\xae\xbdfD\x1b@/\xb7\xb2\xd4\xa0^\xa4g\xf5\
\xecj\x04\xd8V\xe74\xea\xab\x9fJ\xe2\xa3\xbb\x83\x5c\
%\xd8m\xab\x86\xd6\xe1\xbe.-c\xd7\xb3\x97l\x03\
5\xcc\xb2\x999P\xa0=9Xf\xa6\xb4\xb0\x7f\x0f\
\xd3-\xb0+\xb0*\xb8-\xbbX\xccp\xfa\xbca\xa7\
\x94J\x8d;\xb4\xa3\xcc#\x0d\xbaJ$\x97\xaf\xc3\xb9\
&\x0d\x08P\xec\xf4\x91\x12\x1b\xa2F-\x8fK,\x9f\
V\xd4\xcak'\xd32\xbc\x96:\xa2\xce9Y\xe1\x96\
\x10\xcd\xf8\x12c\x84\xb8\xb6\xcd6s\x1b\x08\xbf\xb2H\
NOhC\xf8\xa2\xd0\x7f\x13\x5c\x18<\x86\xf0\x7f\x12\
\xda\x90VA5A\xdb9\x0e\x0f*\xd6\x22\xd5I\x98\
u\x1a\xd6\xeep\xc64\x85\xcb\xaebzj<1\x0f\
\x1f\xae\x80\xcd\xe6K]I\x1bj\xed\xb4\xc8rk\xf3\
,\x5c\xc0\xb1w2\x19\x1a\xcb\x04ErYm\xa8\xed\
\x91\x1a\x87\xfa\x02\xfb{,\xcb\x90\x8f@h\xfa\xed#\
\xa6T=\xf7\x83\xb8\xc87\x1c\x88\xfe\x13\x93xf\xd2\
ZF\x9b\x0a\xd2\xde-r3\x1c\xdd\xf9\x0e8\xf2\xa6\
H\xa2\xc6%\xd9;\xae5\x02\x961\xfc2\xae\xb2;\
Q[e+S\x9c\xa5\xa6]\x12*#\xb8R\xe0x\
\x96}\xed\x9b\x12\xd4\xd8\x87e\xc8fZVIp\x8c\
\x17\xa8\xed\x04\x5c\x05/\x81\xde\xda\xc2\xd1\xc1O\xf9\xce\
\xd7\xd8S\xab\x9dC[ \xadu\xfd|\x91k\xa9Y\
pN\xd3\xb2\xf9\xb1\xd3\xf9\x09-\xedG\x95\xa4/T\
e\xc9\x1f\xca\xfc\xb0\x81k\x5c\xac\x8f\xf9o\x96(#\
W\xe5N\x08z\x83'p@\xd2W\xab*}\x15'\
\x9c{H\xd7\xb0*\xb5\xfd$\x14\xc4\xa4\x85\x1d.\x99\
\xc7FE\x9fV\xd37\xb3v\xc3\xf3\xd7.\xc2L\xf5\
b8\xfc\xcb\x97\xf5\x1e\xafn\xa10 1\x15\xa3A\
\x9a\xbd\x12\x5cw\x82\xfb{,\xcf\xb4~\xc5\xc1\x85\x97\
\x03abld\x10\xf66&u\x16P\x1dr\x1c\x8c\
S:q\x98y\xbed\xf3\xa8\xfa\xa6\xbd\x8a`\xd2l\
\xe4`:\xc6,\x06j\xd6\xd5rYy/$\x96i\
\x1cw\x82d\x92\x0c\xcc\x83\xf1<\x84\xfdY\x18\x91^\
m\x8254q\xa7\x1a\x03V\x84#\xcf\xef\x09s\xb8\
\x94\xa3\x1d\xa4\xb2\xf9T\x90%p\x14\x82x\xa4\xd5\xb4\
\xb4\xbbNI\x0f\xc4q\xb0\xb3|\x81}A\x98\xd1\xd6\
M\xd2\xc1t\x16%\x5c\xe9\x7f\x03\xd6\xa8\x7f/\xab\x0c\
'_U\x10F\x09Z\x80\xd6)\x09\xa0\xdd[,\x86\
\xe34\x0c\xd4\x80\xa2d[d\x10*\xe2\xe6\xbb\xc1U\
\xede\xdbJ\xdb\x22\x7f\x87\xa6?\x87\xeb\xa7\xee\xdc\xd7\
Zz\x1d:\x22\xb5\xe0e\xa5\x99\x83\x0a\xf54z\x02\
\xfb{-h\xef\x1d\x9fI#\x80\xb2\xee\x0a`\x94\xde\
\xe0\xd7\x1f8\xd6GT\xba\x99\x10f\xad\x92\x9f%R\
\xc6\x0b\x8a\xbbm3\x5ck\x96\xe2D\x95Z\xccf\xdd\
ql9Ua\xe3\x0dM'B\x17\xc9r>\xe0\xc7\
\x8d&%\xc4K\x85.\xb8\xc8-\x95\x90JT\xd8\x8d\
<\xda\x11m\x88\xc32\x10\xe8$\x97<\xfax\xcc\xfe\
\x1d\x87\xc9\xb6A\xe8\xc91&\xb8\x83\xf0\xd4\x90\xa6\xd6\
\xd9\xb55M\x08\x96}\xc1\x89ddR\x12c\xbc%\
\xc4\x98rG`D\x83p\xc8\xb8)\x93\xd8\x8e\x9c\xc7\
eF\xaaFo\xb9\x9c\x94\xab{\xa9V\xeeV\xd7H\
\x96\xe6\x0b\xa8\x9f\xb4\x7f\x05\xd6\xccRDm\x944\x13\
\xdaDE\xea~\xa4\x94\x03 ^\xce1\xc0p\x8cd\
T\xedYB\xda\xfa\xcaW\x9al\x15\xd4\xb9\xe4K\xab\
\xd3\xf9M\x1c)\xd8\xe5\x94+\x0a\xd9U\xd3]q\xd8\
I\x84\x93\x93\xd8\xe4+\x0fX\x96(Q&BT9\
1\xc0\x22\x1d\xbc\x93\x91\x12\xe0\x95XF\x87\xeb] \
\xecW\x10m\xadm\x86l\x5c@\x8de\xf4\xb35*\
\x08u&9\xf8\x1f#\x80m\x11\x85\xc2J\x84\xba\xbe\
NEr\x90\x0c\x96\xd1\xa2j\xd2\x11hh6.S\
$9=m\x08\x97\x0c,\xdd\xb0\x8c\x86\xf2\x1d\x8f_\
@\x8c\xe3{CQd\x99\xd5\x85\xbb\x89)S\x1d\xc7\
\xf0\xa9\x96R0]>hF?\x87\xc4\xaee\xa6\xfc\
!FFMs\xc9\x02\xf6\x8f\x1f\x0f@\x9f\x22\xdc\xc9\
\xb1x6pv~\xa6|\xde\xb5\xc6\xeci\xdd\x83>\
]s\x98\x8e\xe6\xbe\xacV\x1f\xbb L(\x19]=\
\xdbnF\x8e\xf9\xaa\x13\xad\x84\xbb)\x91\x16\xd9\xc2\x11\
mX2L\xc6\x94\x13!\x06\x09\xc21\xcf \xcb\x92\
Tv\xd4Rk\xd0\xa1\x22\xbc\x88:\xc7hl\xd4\x90\
\xd4\xb5$1g\xc0j\xc4\x8c7(\x8c\xfc\xc91\xdc\
\x08\xccraIR\x83\xb1;\xc4\x8a\xc0\xb8HI\xb8\
\xcb\x1d\x8c\xb5\xe1+KB\x8c\x99\xdb&\xa2\xb4e[\
\xa5\xc3,\x8b?\xc8\xad\x1cv\x5c\x89\xca\xa5\xc5'Z\
/\x09\xd3\x13\xe4\xbb\x87j\xcaj\xe6[\xac\x8d\x11\x0c\
\xa5\xd2\x1d\x9e\x9d\xa68 D8\xf6w\xec\x0b\xe2\xb0\
\x92\xf4p\xbb\xc5\xbd\x04i\xccgZ\x8a5\x8ar]\
kkX\xf4\xba\xcf\x95:\xeb\x19U\xea\xc76\xed\xbd\
a\xe3\xbb\xadJM^\xcf\x858D\xb8\xac\x9a\x93n\
\x22\x87\xfa\x06e\xf6\xa5\x13\xf8\x0dX\x86f\xa4\xc1J\
l\xc9/$\x19\xa1A\xd8\xe8p=XJ\x0f\xc24\
\x07\xa3\xad#\x97\x10\x19\x94\xe2CS\xcc\x82,\x8c\x22\
\xc9!\xb9\xa8PC\x8d\xa88\xe2\xd2h[\x86\x17\xd9\
\xdb2e+B\xcb(\xc3\xe3\xb5\x96m\x88U\xc5\x90\
\xee\xab\x99k\xb6\xca&Y\x1f{\xebUm\x1d\xad\xa2\
\xb0\xed;*\xc5xN\x9b\xab\xaen\xbe\x9a=j\x09\
k\xe1>\x80\x94C\x9f\x87\x03\x8fg\xfe\xc0\xbe&\x0c\
\xb8\x09p>\xdfxi\xa6\xf8\xbf\xc2\xa1^\xa39\xe9\
\xd5=\xf7\x9a\xfeeIL\xa8\x9d\x0diT\xc6\x8a\xbb\
+\x97\x5c\xaa\x1d\xc3\x22)\xe3\xfb\x952\x05^\xc0\x81\
)(\xc8\xa1<\x1b\xb6\x8a\xb0\x9b\x16\x83v\xcd\x90M\
\xdaH&\xfc\x885\x90#\x98\xf7L\xb8\x1a\x96\xc2\xc3\
\xa8\x8e\xb3r$c\x0fB\x8eA\xe6Y@S\xac\xa0\
\xdc\xb1\x8a\x80\xe5\xf4T\x06\xb2\xb8I\x113\x0a\xe2)\
\xdb\x22\xb6\x08\xbb\xea\x0a=`\xb8\xea\xb9f/\xb7\xd4\
\xab\x92\xb0\xcb\xec')\xf9\xd2\xe4\x9bLIQ\xd7c\
6\x16\x0b\xc2\xb4S\xd7\x05\x8a\xe8\x98\x94M\xd4\xd0D\
\xab\x22JM<\x9a\x01/\xb8\xbf\xe54\xb0di.\
\x07\x00\x8f\x9fj\xab\xe1\xdb\xc0\xe0v\x83Y\x07\xa2\xb5\
-6\xd8\x15T\xe4ezE\xb9C#\xd16l\x8b\
\xbdocX$C~\x22\x99\x9b=\xa0\xc6Uu\x1c\
W\xec\xe9\xf1\xdb\x83\xb8\x8d\x04\xce\xeb`\x83[\xba \
cw\xc21\xfc\xeb\x82c\xf9\xd5\x0c\x83\x1b\xc2:D\
=\xf3\x09$\xff\x00P\x90\xd2\xa5\xf5\x0f\x089\xd4<\
\x11'\xa88&%o\xa8\xae%\xfd\xd2\xa7C\xdbJ\
C\xc1\xed\x81d\xb0\xfeu|\x1f\xccr\x07M\xeb\xcb\
'\xc2\x96\xfb\xa7\x1a\xb9\xf7\xce\x16+.b\xa8t\xcd\
\xac\xa3\xc5\xb4,\x92\x18\xf6\xa8\xab\xafL\x1aJ\xe8\x09\
H\xed!\xc0\xed\x04\x90I\x22\xf6\xcf\x03\x81\xc0\xe0p\
;\x08}\x87\x95!\xc42\xf0\x97M\x02A\x5c\xeb\xea\
\x09\xa8\xc9\xb4\x9c)\x22\xfbD\xde\xb6,\xf5VG\x0d\
R1\xe91M\xc82\x1b?\x13\xc4?\xbc@\x9c}\
 \xa4\xc8 s_\x1f= \x22\xc2P9\xee\x03\x96\
\xa3\x06\xeb\x8a\x1d\x8e,|\xaa\xc8\x13\x06\xb0\xd5l\xb7\
\x03\x18\xd5\xbb\xe1\xac\x03 |B\xd49T\xc1Y\xa3\
\xf2E\x8a]\x110Ri\x18-\x0a\xedME\x1cC\
\xc4j\xa1\x93\x0c\xc5`\x11\xfa\x04\xf0c\x81\xc0\xe0q\
\xed\xff\x00Q\xdb\xc8\xf1\xa4\x12RAi!\xe2G\x06\
L\xa4;\x19\xb9%a\x82\xd6\xcf)\xfa\x1b\x19\x96\xe4\
\xce\x9d\xb1\xc3\x13:w\xa8H\x91\xa0\xa3$=\xa1\xf8\
\x07\xa2\xde\xe1z&@-\x0f 5\xa2\x1d\x0d\xe86\
\xd6\x1a\xe9\xf6!\x86\xbaz\x82a\x8e\x9e\xebD^\x9e\
i\x5cS\x1d3\xe2\x84#\xf4\xe7\x8b4#\xe8\xdcj\
8\x8f\xaa\xa9Y\x100\xfa\xf8hj\x9a3@\xa2\xa1\
\xa0]\xc9\x09q\xdeL\xb9/\x12\x08\x12\xc9#\xbb\xb8\
 \xb8\xf7'#\xee\x0d\xb0\x94\xf0k.\xe0Q;\x82\
\x18&\xc2\x97\xda90J!\xf4\x1844\x09\x96y\
&\x18\x1f/\x18x#\x03j8\xf9&\x14e\x11\x94\
\x82i\xa2\x1c \x81v\x98\xe0\x92\x0d|\x0f)\x84\x98\
?\xb9$v\x83>\x07\x90)@\x88\xd4>\x5c\x81#\
\xb0$\xf9\xf7'\x00\x87\x01)\xe0\xd4\x83P&\xd4@\
\xdbXCf;H\x1a\x07`\xec\x04\x91\xc0\xe0v\x8e\
\xd1\xda;\x0c\x11\x0e\x08v\x90\xed0I\x1d\xa4;G\
h\xe0p8\x1d\x84\x0d \x93\xc0R\x0c\xc2[2\x1c\
\x7f\xe3LfI+m\xfb\xa7\xa8\xe6\xb5\xd4\x86\x92y\
t\xb7\xf4\x99$/\xf3\xd9XF\xa9\xae\xd5\xbdI\xe3\
{K+\xfc\xeaRR\x9c\x93}\xea\x5cQ\xda\xee\xa8\
\xb4\xad\x8b\xf57\x15W\xb0\x85\x9d\x9c\x0aj\xf5u[\
\xa4R\x7f\xd5v\x91\x1f\xd5v\x91\x0d\xf5U\xa4\x9dr\
,\x96&\xc6\x19\xdfU8\x0e\x09\x93\x7f[:\xf4\x7f\
[:\xf4jm\xe1\x8bm\xe3\x19f@\xc6'\x8c\xe8\
\xbe\xa5rM\x9d\x9d\xec\xce\xa6p\xbdg\x92\x7f[X\
 \xfe\xb6\xb0A\xa9\xb7\x16=\xb7\xeb\xfd\xa9\xd5\x06M\
c\x8cj-\x07\xa2\x18\xdci\xb5\xe8\x86\x01A\xd5Y\
\xaeK\xa7vg\xf9\xf7\x5c\xd5W\xea^\x8c\xe0\xaaN\
\xd4\xfc\xd2d1\x0e>\xd9\xdd\xd9\x86\xe2\xc9\xb0\xbe\x8d\
h\xe2B\xc8\xfaL\xd4R\xa2c96q\xd3f\xc9\
\xae\x9f\x16\xd6\x06]\x8c\xc1\xcc\xb1\xaf\xe8\x87\x16\x1b\xfb\
MR\xe9\xd9:W\xa6z]\xa5\x83\xb3\xd1\x1e$\x87\
kk\xe3T\xd7\x0c\xb3\xa6\xedW\x99_f}=t\
\xf1\x81Q*\xb4\xb2<\x9b\xa7\x9d8\xbdQ\x8d\x0e\xa5\
r\xcal\x7fUi\xcd\x8f\xfc\xad\xce.u~\x93\xdc\
p\xec\xe0\xf4eY/\x03\xd5]+l\x870\x0di\
\x89k:\xefju\xab9L\xeb\xce\x8d\xf2\x5cV\x8b\
\x17\xcbwn\xb4\xc4\xaap\x9ak\x8d\xc9\xb8\xb3\xac\xe6\
\x83^c\xd9\x07X;2\xe2\xc7[u\x8bpv\xdb\
wa\xbd\xaf\xb5\xcfM\xdb\xc2\xf3l'{\xf5?{\
\x82\xe5\xda\x8bc'dk\xfa\x0e\xaar\xcc\x9bog\
\xd9\xe5\x06\xb9\xc7/:\xc3\xd9\xd6\x93\xf4\x8fU2\xb3\
\x1b\xdd\xd3\xb0$\xeb={\x8du\x99\x97\xc1\xae\xd0\xbd\
Bl-\xa3\x9e\x0e\xa7,\x0a\xbfI\xebm\x97\x96\xeb\
;<\x7f\xab\xfd\x9fMg\x0bc\xd2[k\xdd#\xd4\
\xdc\xdd\x9f\x99f9Un\x13\x8c\xe8\xbe\xa2\xaf6\xce\
V:\xb8\xccdcZ\xcb\xa6\x8a\xda}\x7f\xad\xb1z\
\x1d\x91\xd5FQ\xb1\xb5\xe5\xbe\xb3\xcf\xfa\xd9\xab\x8f\x1a\
\xdf\xa7)o\xcc\xd2\xa2\xf7mk\x5cf\xc7\xab<\xdf\
\x1b\xcd\xb2\xde\x9e\xb6~\xb2\xc35>9\x94\xe3\xb9t\
\x01\x93\xf5\x0d\xa9q\x0b\x9f\xea\xb7H\x0e\xa56\xcc-\
\x9d\x94h|\xeb\xa7\xbd_I\xfdV\xe9\x01Sw\x03\
\x22\xa4\xda16\x95\xd5\xefNZ{\x1e\xdb\x92\xba\xaf\
\xb1o\x04\xc5\xf5>\x9d\xd5\x19v#\x19n`\x1bS\
\xda\xbdp\xcdIWj\xde\x9a2}\xa3\x8b\xd6tC\
pr\xb5\xbe\xab\xc4\xb5u_Y\x19|\xcb<\xff\x00\
\xa7\xcdsW\x83k\xbe\xb0qJ\x8c{ab\x91%\
\xe7\x9d%\xf4\x99\x94\xc5\xc6\xf6\x8es\x909\x95f8\
&\xcb\x8b\x88\xf4\xbb\xd1\x9e\x11\xf8\xa6U\xd6fW.\
\xc3;\xd2\xbb\xf7Zk\x0c6\xda\xf6\x1c\x9c\xe7\xac[\
/\x1e\xa4\xe9\x07W\xe3\xb9:\xd8\x81\x06*\x87XR\
\xca>\xa0\xe8\x9b\x1f\xac\x91\x13\xac\xecR\xa5\xec3\xa3\
\x07\xdc\xb4\xc1\xe0\xb9'Pn~\xacw\x1dNT\x8e\
\x965\xbf\xf0V\x00:\xe2K\xff\x00\x86\xd7\xd7?\x7f\
\xd1wGY\xee'CQ\xb7r\xda\x0c\xbb\xa8M\xd9\
\x9a\xbf\xbdv\x8e\x0d\x8c\xb3\x86a\xe3<\xe8\xfe^Y\
\x97\xed]|\xbda\x98b}\x1eZ\xe58\xc6\x96\xd4\
\xb1\xf5\x0e22\xde\x8f\xb1\x9c\xa3%\xfe\x881\xd1\xb2\
qX\x98Fs\x03\xa2\x9c~d\x12\xe8\x83\x1c\xe7\x10\
\xc5\xeb\xf0\xbcg\xad+\x03\x8f\xad\xba\x1f\x88I\xa4\xeb\
Fc\x8fl\xcc/\xa5{<\xcb\x0b\xc3)\x95+d\
\xfbW\xad\xe9=\xd9OL\x90\x0a\x06\x93\xf8uwI\
*\xb7n\xea\xad\xd7\x80\x5c\xeb\xed\xf1\x9d\x96\xe0\xd9\xda\
\xeb\x13,G_\xe6\xd4\x8ecY\x86\xbb\xc2\x22M\xd1\
%\xc9\x8d\x07\x84\x7f\x01\xeb\x0e\xb0j%\xc1\xdbZ\xaa\
\xbf\xa6+=s\x82\xe5\xbd8e\xf9\xef[\xd2\x09\xbc\
g\xa3X)\x8f\xaa~\x1dm\xca\xec\xc3:U\xdcX\
F\x03Y\xd4\xce\xed\xa9\xd9\x8f\xf4\xc7\xafe`Z\xe3\
\xac\x5cS\xf0m\x8d\xa2\xb5\xe3\x9b#a\xb6\xdbl\xb6\
:\x87\xd6\xcf\xec\xad{\xd3\xd6\xe8cWN\xb1\xe9\xc7\
Eg\xb2r\xfe\x9fzt\xa1\xa9\xe9\xef\x05\xd2\xf5\xf0\
\x82\xa40\x93\xf9\xa8\xc3\xa8\xeb\x0f\xc4\xb7F\x1b\xf2\xd0\
1\x0f\x9a\x8c>\xff\x00\x1d\x82\xf1d;\x99\xb4%\xa4\
|:\xe1\x98I\xa8\xe8\xc2\xbf\xe5\xf5\x8fP\xba%{\
f\x22:b\xdf\xd1\xc6\x83\xe9\x9d\xec\x06\xd3\xda\xbb\xd3\
\xa7\x87\xb6\xf5\xf6\x1d\x8c\xc4\xc31\x7f\x86\xd0\xd5X\xd6\
\xd6\xa4\x91\xd1\x0eE\xf3:\x8f\xa6\xdcSXJ\x1b{\
\xa573\xfc\xc7\x1f\xd34Tz\xa3\x0c\xe8\xcf\xf0\x8c\
\x98\x88\x88\xb6\x86\xaa\xc6\xb6\xb5$\x8e\x88/>kR\
t\xf3\x88\xea\xa7:\x81\xd23\xf7\x0c]O\xaf\xda\xd6\
8O\xc3u\xe9\x98{\x8e\xab\xfa$\xc5U\x03^\xf4\
\xbb\xae\xf0I\xe3\xad,\xd6\x05\x85\xb7J\xba\xdf\xf83\
\x02\xf8\xec\xee\x9c\xb0-\x97\x22oD9\x0a^\xa5\xe8\
\x81\xcf.\xb8\xd5\xf8\xae\xad\xa9\x9c\xdc\x87\xa1Yt\xb1\
\xbd%\xcf\xfe\x947p>\x937Y\x8f\xe9Cw\x04\
\xf4\x9f\xbb\xb9\xd6\xf8\xfd\x9e)\x82\x8e\xa1l\xfa\x83o\
>\xd3\x1d=g\xd7\xb9\xaf\xc7\xac\xacG,\xbf\x9b\x82\
\xe2{\x13\x0a\xe9\xa4\xeb:\xb23\xfc/\xab\x10\x8a\xbe\
\xac\x8dX\x0b9\x1c|/\xddY~I\x13\x0f\xc65\
\x9e7i\xbc\xb7\x0bM6\xc3_\xf6\x12\xd2\xae\xbe\xee\
\xbb\x08\xd6XF\xbbG\xfe\x0f\xbf\xff\xc4\x00<\x11\x00\
\x01\x02\x02\x07\x04\x06\x09\x03\x04\x03\x00\x00\x00\x00\x00\x00\
\x01\x02\x03\x04\x11\x12\x13!1QaA\x91\xa1\xf0\x05\
\x10\x14PRq \x22#023`\x81\xb1b\xc1\
\xf1$BC\xd1\x80\xa0\xe1\xff\xda\x00\x08\x01\x03\x01\x01\
?\x01\xff\x00\x85\xd6i\xe3]\xea9\xd51\x1a\xfa\xf8\
\x0cb\xd9\xd2\xbf@\xccM$=\xb4dD\xe9\x86\xe1\
O7\x1d\x1f7k\xb4\x83\xf2\xfe\x80\x8a\xfa\x90\xd5x\
\x9d7\xd2\x0a\xdb:\xae[\xf1\xa1|\x88s\xae\x89\x12\
\x8a\xcb\xbc\xe8G9\xf6\x17\xad\xf8\xeb\x81\x03\xe5}\x01\
5\xf2c\xe8\x97\x1d9\xf1B\xe7#\xa3\xe0\xdaD:\
\x0eYR\x1c\x15\xc3\x94!\xfa\x90\xfe\x80\x99\xf9\x13\x1e\
GL\xb1Uas\x91\xd1\x12\xce\xed\x14l:*\x0d\
HPn\xe6\xe1\xff\x00@GJa\xbbT\xbc\xe9)\
z\xcb\x86\x18\x1d\x0d*\xbd\xa7\x02R\x1d\x9c/,\x07\
\xaa\xdaQJ\xfd\x01\x10\x98\x90\xb4\xd8\x9b\x8e\x8f\x90\xb3\
Zj\xa59\xd1~\xf1\x19R\x1d\xe3\xd5mq_\xa0\
l\xef\xd9\xb9\x08L\x86\xcd\xa4G\xd2=\xabk\x8f\xd0\
5\xd0|d\x1b\x1a\xbd\xc3Y\xb5{\xde\xba\x15\xd3\xd2\
\xa8\xa5E,\x9d\xae\xf5,\xc7\xca\xc4v\x0a\xbcHr\
\xcef#\x0a\xbdu\xd0g{\xd4^\xabMWz\x96\
\x9a\xae\xf5-W5\xe2v\x8dWy\xda?R\x96\xfa\
\xf1\x191\xaa\x96\xc8WN\xab2\x8e\xf8{\xf2\x1d\x1d\
\x10|\xde\xa3\xe6\xdd\xe2]\xfc\xe8v\x9dx\x9d\xa7^\
'i\xfdK\xbcd\xce\xab\xcd\x03&\x931\xb3-~\
\x03\x1fN\xa3;\xde\xba\x16\x9a\x8f\x89\xa8\xf8\x9a\x8fy\
]=\x0a\xe82>\xa48\xc8\x98\x10&9\xbc\x83\x1e\
\x9d\xa3^\x8f\xc3\xbc\x9a\x94\xfa\x0fr!h=\xcb\x9a\
\x8f\x1e\xab\x99\x06\xfco\xf4\x1f\xf2\xc6*\xe62!\x0e\
!\x0e>\xa4\x9cOgJ\xf7\x9d+\x9a\xef+;5\
\xde>2\xa6\x0a\xbcKA\xe3\xc7\x8f\x18\xaa\x85+\x9a\
\xef\xea\xa5s]\xe6\x9b\x0a\xad\xf0\xa6\xeer*\xb7$\
\xea\xac\xe4\xda\xa48\xb1\x1b\x83\xdc\x9f\x7f\x22Z;\xdd\
\x8b\xdc\xbfq\x8bOx\xb8|z\x07\xc4\x5c\xd4dO\
iAi\xaa\xef\x1e\xf1\xfdL\xf7,U\xcdw\x92\xee\
D D+\xfa\x14\xaek\xddu\xd0\x8d\x19\x10|d\
-\x0bM\xa5\xa6\xab\xbdJ\xfdl\xf7.z&\x04\x08\
\x9a\x90\x22\xaej1\xd4\x8c\xeaqJ\xe63\xba\x9e\xf2\
<A\xf1\x06\x1f\xe2\xa7ne\xa6\xa3\x1e\x8b\xef\x22s\
\xc0\x86\xfa\x08\x0f \xbcgS\xc6<\x82?\xbaf\x9e\
\x89\x81\x11U\xf8*\x95\x14\x87\xea\xe3x\xf8\x8d\xb3\xc1\
\x069\x06\x15u\xf7oj\xbf\x01\x8c!EFdK\
M\xb1\xf8\x22p \xfa\xf8\x15\xd0{TG\xd4\xc4\x95\
\x8e\x82\xfa\xf8\x15\x14\xa8\xbd\xcf;\x12\x89\x8a6e\xb0\
\xad\xd7\x8d\xc3!\xe8\x83!\xe9\xd6\xdfv\xf2V\xe8\x97\
s\x81*\xf4\xb3\xd4a\x1b\xe0#?\xdaQ\xb0\x95\x8a\
\xca~!&\xd1?\x95;Zg\xc5FG\xd4\xae\x9d\
\xcd\xd2q(\x9cDA\x8a\xb9\xaf\xa0\xc8eM?#\
\xd0p\xcft\xc1\xe4\xa2\xad4\xf9\x12\x8f\xd8#\x9b\x92\
s\xf6#:\xac;\xc9\xaf\x9b\x8f7\x10\x1e:;\xd9\
\xb0dw\xae\xc1\x91\x171\x85\x09\x92w/H\xb2\x99\
\xdet\x18\xc2\xcbN\x1f\xf8?\xa9\x91\x08/\x84\xe4Z\
\xebB\xd1p\xf1\xe3=\xcb\x86\x0f |\xc2U\xe3#\
\x93\x0f\xa6\x19\x1d\xaa\xb1Ix\x17\xa7\x9eDiWP\
C\x97~j@\x84\x8d\xf8\xd2\x9f\xb7\xe4\xc3\xb9\xa7Y\
\xfdI\x0e\x16\x88Y\xe8\x9b\x90\x8cDUM\xbc\xdc2\
&\xaa1\xfdl\xf7/\xfd\xff\x00r\x1f<\x07\x8c\xf9\
\xa4\xba\xaec\x22j-\xf0o\x16\x1a\xbe%\xc4\xac\xba\
d\x83\xe5\xee\xc3\x81a\xa7\x04,\xf4N\x1d\xcf3|\
\xca\x0cr\x0f\x8c\x9b\x08\xeeG\xfc4\x11\x18\xaf\xc2\xe1\
 \xc5\xcb\x9d\xc3 \xc5\xc8d(\xda\x8c\x81\x11v\x1d\
\x9fB\xc3A\xf0\x9d\xa9\xed<%12Q,\xf3\xfc\
\x1e\xcf?\xc1\xec\xf3\xfc\x1e\xcf?\xc1Bd=U0\
UO\xe5\x0a\xcb\x9a\xef\x18\x8e\xc6\x95!\xc5\x8b\xaf?\
\xc1\x05\xd1Uo\xa7\x9a\x09f+\xae[\xfc\xc8\x12\xd0\
\xb1\xba\x9f\xf4\x22#pJ<\xae-W5\xde\xa5+\
\x9a\xef\xee\x89\xd6\xaaE\xa5\x08\xb1\xec\xf6\xd0v\xbf\xd4\
B\xf6\x84\x19J\x7f\xb4\xecM\xccI$\xf1q\x19$\
\x99\xf3p\xc94\xcdG\xcahvU\xc8|\xaa\xe4v\
'\x0f\x95T\x87\xfb\x9e\xbf\x87\x81\xeb\xf8x\x1e\xbf\x87\
\x81\xeb\xf8x\x10k\xae)IP\xb0\x19\x03A\x92\xca\
@\x95R^\x05A\x90\xe8\xd8?\xba\xa6\x911\xa2\xff\
\x00\xe0\x9aaQyBF\x0a\xa9\x02\x02\xd9\xd2P\x99\
&\xe2\x96\xf3AY2+7!}|\x0a\x8aY\x95\
\x08\x92\xcd\xb2\xc4Y%\xa4\xecK\xca\x9d\x89yS\xb1\
/*$\xb2\xa6\x05\x87\x97\x01\x90\x06J\xaeD9}\
\x10\x87\x0fA\x8c)Q\xfd\xd5\x16\x1d\xa6\xc2<\xa5;\
8\x0c\x90\xfd)\xb3g\x91//f\x89\xfe\x90F\xaa\
B\xba\xe2\xae\xa5B\xae\xa5\x0e\xf1.\xf1\x9e\x85\x08U\
o\x857s\x91g\xa2nB\xcfD\xe0Y\xe9\xc1\x0b\
\x16\xbb\x06\xa1\xd9\x9b\x92p,\x9a\x98\x22\x0c`\xce\xaa\
\xe5t\xee\xc5\x87N7\xee,\x93$\xdcTR\x1a\xab\
n[\xfc\xef)nI\xcf\xd8\xa5\xb9'?c\xd9\xe7\
\xf8)nI\xcf\xdb\xd0\xae\x9dU\xd0\xae\x85}J\xfa\
\x90\x5c\x85t\xeb\xac\x99w\xad\x09\x92n\xf7l\xfa\x11\
\x9fAT_\xfa\x0e\x7f\xff\xc4\x00D\x11\x00\x00\x04\x02\
\x06\x06\x06\x06\x08\x06\x02\x03\x00\x00\x00\x00\x00\x01\x02\x03\
\x04\x11\x05\x12\x13!1QAaq\x91\xa1\xf0\x10\x22\
#PR\x81\x06\x1423B\xc1\x15 0CS`\
\xd1\xe1\x16@b\x92\xb1\xf1$4\x80\x82\x90\xff\xda\x00\
\x08\x01\x02\x01\x01?\x01\xff\x00\xc2\xda\xe4-\x0f\xc2\x1a\
d\xdc\x0a\x87J1PWQ\xc9\x1e\x1f\x90a!M\
\xddb\x1e\x8d4h\xe0#!\xec\xdb\x99\x95\xe1\xff\x00\
y\xbf\xf2\x03h\x9b\xb2\xc4\xa6B\x89\x84\xf7\xb7a)\
\x03\x87$53\x22\x9e{\x85'\xf7\xba\xa5-X\x07\
\xbd\xe1~@\x87Gl[K\xfc\x8a\x19\x17=v_\
!\x18\xe5\x9bB\x94~\xb3\x8f\x91O\x99\x03\xbe\xf3\xbf\
\xf2\x04\x22\x0c\xde//\xf2(\xb3Kd\xf5\xfa\x0b\xe4\
)G\xfb!\x1a\xf2\xed\x1f\xda\x11{s<\x7f @\
\xa8\x92dgy\xeb\x10\xf1\x19\x1c\xbeb-\xd36\xef\
31\x16\xa2\xcb\x1cu\x89\x9e\x7f\x90\x12\xe9\xb6\xe4\xa6\
\x7f!\x0b\x10y\x9e\xf0\xfb\xf3\xd2\x1f\xbc!\x1f\x90\x1e\
Q\xda\x95\xe7\x88\x84sY\x87\x97\xd4#\xe2\x17{\x9a\
\xb2\x08\xfc\x80\xb4v\xa1\x84K\x00\xb1\xac\x22Vz\xfb\
\xf2\xa1\x85(\x91\x88\xb7 \x95\x92\xf0\x09E\xa6\x18\x86\
\xd1S\x10\xb4V\xc0-\x93\xd0\x0b\xa8W\xf4W!\x5c\
\x85r\xfa\x95\xc8W\xd7\xde\x15\xc8W\xd6-5\x84\xc5\
\xd7\xd3\xb8\x12M\xdco\x08\x84\xd4\x1b\x852\xc2\xe0\x88\
g\x8f\xd9)l\xf2\x08\x84\x88\xd7\xcc\x87\xa9\xbf\x91\xf1\
\x0b\x82\x89\xfe\xa0\xb8\x18\x84\xfbS\x16J\xd7\xbc\xc5\x8e\
\xa1f,\xfe\xa5C\x15;\xbd}.6\xe2\xbd\x94\xcb\
`b\x15\xdf\x08\x81\xa3\x8c\xf1 \xcd\x10\x93\xfb\xb77\
\x04P\xed\xfe\x12\xf7\x08\x1a\x0d\x95\x22jB\x8b\x92\x08\
\xa0!|*\xe6\x5c\xf2a\x1e\x8f\xc3\xfe\x1a\xb7l\x1f\
\xc3\xb0\xbe\x13\xe6_\xb8\x88\xf4q\x8b3;5\xcfE\
\xc0\xe8\x22\xbf\xb1V\xed\x9a\x82\xe8\x92G\xdc\xafv\xce\
\x7f\xd0\x89\x83[_\x01n\x0e\xf6a\xa3\xae\x16\x93\xd0\
}\x05\xde\x0b\xe8e\x83<D4\x1a\x9c]K\xf9\xd0\
\x1a\xa2\x10\x8cm4g\xa8CA%\xbd2\xc0B\xb4\
\x9b\xba\xc1\x982^\x06\x1fw\xd4\xd7fG>H3\
H\xcf\xe2l7\x1a\xae|\x87\xae\x1f\x84\xb7\x10LJ\
\x9c+9j\x1fG\xa0\xfe3\x11To\xf5\x0aB\x8d\
.\xdb\xaa\xbb\xb0\xc6\xe1\x1bF(\x97\xee\xdc\x96D\x1a\
\x84K%z\x5c\xd4\x16\x83\xe8B\xfb\xc1a\x08\x98\x85\
dQp\xf3\x89bdW\xe3\xc0:\xcbh\xc4\xc8-\
\xe4\xa4\xfa\xbda\x09Hv\x84\x99\x15\xfa\x04\x0b\x93\x14\
\xb42\x9dri\xba\xecD-\x12\xfa^\xae\xa5\x99\xa7\
 \xdc\x19\xf8\xcf~\xc0\x88#\xf1\x9e\xfd\x80\xa1l\xce\
u\xaf\x08u!IK\x9a\x0bp\x89\x81C\x93\xc2\xfc\
p\x11\x14:OX\xa7(\xf3\x84[U\x0b\x1cJ[\
\x03\xe8W\x80\xb7\x05\xdc\x1b\x08\xee\xe5\xdc\xdc\xf4\x84\x92\
\x9c\xd2b\x8c\x83\xaf\xed\x11+iLC\xc0\xb4\x86\xe6\
m#\xfbH>D\xd4\x89\xbe\xa2\xcb\x03M\xc6A\xb3\
\x8b{\x15\xac\xf6\xa8\xccB\xc0\x99\xe2[\xc4=\x1e\xd9\
_f\x99\xe7\x22\x0d0i\xc2\xed\x80\xdb\x9d\xe7~\xd0\
Wap\x99\x8a\xca\xcc\xf9\xff\x00B\xb1\x9e\x93\xde$\
@\x8c\xcb\x03\x13<\xc4\x88\xf1\x22\x14\x8c\x13ob\xda\
\x0eY\xa6b\x93\xa3\xdbKw6\x92\xd8\x92\x11\xd0\xf5\
m\xa4R\x96\x1c\x03}_j\xf0\x80\x933\xd2a:\
\xfa\x14\xa2 \x93<\xcf\xbaq\x5c\xb4e\xa0Q\xf0\x16\
\x9f\x09\x19l\xfd\x85\x19E\xa0\xbe\x05\xcf\xfd\x07Y6\
\x9a\x0d\xb7\xeb\x0e\xe19\x88z<\x8b\x04\x96\xe0\xc4\x1e\
\xae\x01\xb8yh\x15S\x91\x07\xae\x5c\x8a\xe2\xfb\x157\
h)(#6\xc5!\x03\xef\xee\xe6\xe0\xeb\x15\x1c\xbc\
\x13\x86\x9cz+\xeb\x16\xa7\xe20\x9b\xf1\xbc+\xb3\x15\
\xf5\xff\x00\x81_X\xaf\xac#\xb9Zb\xd1\xd1B@\
$\xd0]E\xcf=\xc2\x0e\x00\x90X\x88\xb8KF\xae\
!\x0d\x07f\xee\x12\xf2\x0d\xdc\x1b\x5c\x85\xa6\xd0\xb7\xc8\
\x1a\xeb\xe1\xf6,\xfe\xa21\x8bK\xa5p\xa5 \x13\xdb\
I+\xe3\xab!H\xc1\x1a-ua\x99`\x1dI\xda\
\x11O+\x81\x11H\xae,\x07\xab+\x99\x8fU0L\
\x9a1\x0f\x90n\xfe\xe8\xa3\x18\xb46n\xc7\xf6\x14\x1c\
1\xd9\x90&\xe4E\x86\x04\x1cM{\x88.\x14\xc9\x16\
\xb2\x08I\xe6a\x08\x15u\x8a\x87\xac7\xcf\x1f\xb1i\
d\x9cA\x91\x18\x8e\x863l\xcc\xf4\x8a^\x13\xfe\xc5\
\xc2%\x89;q\x06{Id!\xa0\xed\x0b\x00\xba9\
\x04\xdc\xcaS\x11,\x9a1\x07\xda\x0a\x82\xccY\x8a\x87\
\xdc\x8d2n\x0a\x11\x8e\xd1\x86\xe4(\x98Sm\xb0\xb7\
\x8b@\x22\xab\xd6<2\x0b\xa4!*XUUl\xc2\
\x10\x10\x814\xa7\x12#\x0a\x88B4\x10J\x89\xdfb\
\xed\x82\xae\xb1WX\xab\xaf\xeb/\xe7\xf3\x08t\xb00\
\xea-[\x14\xbd\x1e}\xbeW\x0aB\x08\xdb\xbcC:\
\x96\xcfF\x22\x8b\x8amk\xb3\x91Of\xc0Tm\xbb\
\x04\xb4\x91n\x14\xb5\x18\xf3+:\xc6\x89c \xe3\xc4\
\xc9\xdf\x9e\x80\x88\x84\x1e\x82\x09\xeb\xe0*\xf3 \xa2\x97\
p,#\xa6\x17\xe6(6N\xd9\x83\xcf\xf6\x10(\x93\
Ab\xa4\xda\x0ag\xfei\x02\xec\xf1\x16\x89\xf1q\xfd\
\xc1\x9a\x17\xf1\x05C\xdah\xe0\x12\xdd\x96\x89}\x8b\x81\
\xb13\x14\x8d\xed\xbez\xbfAK\x22\xe3\xd8,\xef9\
f(n\xa3\xb3>p\x14s\x86p\xb2\xe0)\xb8e\
9}A\x0b@z\xeb\xaf\xcd\x95*XM;\x01\xfa\
/S\xee\x15\xfd\xbb5\x05\xd0\xc7\x0f\xf0\x91yl\x0e\
\xb7c\x88z$\xb7\x89\xff\x00>\xb0\x8e\x98_\x98\xf4\
y\x138s0\xc5\xcd\x5c\x16\xbb\xfc\xc3=v\x83\xcd\
\xca&e\xce\x01\xe7\x89\x18\x87\xa3RGu\xc1\x98\xa2\
V\x1a\xb0\x10\xab\xae\x22n\x5c\xb9\xc3\xec\xd0\xb21\x1a\
\x89\xb6\xff\x00\x90\xa4\xd8\xb8\xee\x9d\xc1\xc5I\xe9\x16b\
\x8b#\xb4\xc7\x9b\x85\x10\x99\xb4\xc1\x1e\x9cx\x07\xa0\x09\
\xd2\xc6b\x8b\xa3\x1a\x875\x1a\xd5V|DRX\xa9\
\xed\x14\xc5#g\xdb_\x86\x1c\x05$\xa2\xe7\xc8<\xa5\
\xdd\xd5\x0d\xfb\xa2\xd9\xf2/\xe7\xd6\x11\xd3\x0b\xf3\x1e\x8e\
\xfb\xb8s\xe7@C\xe4M\x1e\xc0\xb8\xab\xf1\xd2 _\
\xec\x83\xeb\xbezs\xd3\xbcD\x19\x9e'0\xfa\x1c\xc8\
B%Y\x98\x813N&{\xc3\x87<o\xfb\x14\x05\
\x84,D^\xd6\xd2\xbfX\xa4\x18\x9bFfZ\x0e\xf0\
P\x0aq\xf7\x8b]\xda\xaf\x14e\x18\xb4c1Gv\
\x0d\x94\xf4`\x0a\x92m\x18\xc8RT\xcbl{\x12<\
\x03\xf4\xf6\xae\x22.\x945\xce\xecq\xd6\x22Wh\x0d\
\x89\xe3~\xd1\x81KG\xf3\xeb\x08\xe9\x85\xf9\x8fG\xcc\
\xec\xd8\xe7 \xe3\xa6L\x9c\x8c\xc3\x8f\xf5\xb1\xd3\xf3\x14\
k\xa6dE;\xb6\xec\x07\xd7rZ\x01\xc3\xcf\x10p\
3\xc4\xa7\xe4\x1b\x80\x22\xc12\xf2\xd9\xcf\x90m\x89h\
\x0b\xfb\x16\x88\x8f\x88p6\x1c\xc2Z\x04KD\xe1J\
A\x9a\x0d33\xb3E\xf8\xf5H5E%\xb6\xc8\xea\
'p\x8fs\xd5\x89\xe2\x9c\xa5\x84\xb4\x08\xfamm/\
\xde\xac\x8b*\xc0\xa9\x95\xc5\xfd\xe2\xcf\xff\x00c0\xe4\
R\xbcG\xbc[\xab\xc4{\xc2\x1d\x9e\x91\xe5\xdc\x84\xe9\
\xa7\x032\x1e\x88\xa1\x97(\xb6\x16\xe1\x15l\xf4\xe8\x11\
\x0d\xd6)&\xe2\xc8?\x02\xe4\xfd\x8d9\x08\x02\x89C\
\x924\x98\x84GR\xd1\xcb\x82\xdd\x85\xf1\x10\x5ckE\
\xf1q\x1fI\xb6_\x1c\xbc\xf6~\x83\xe9f||v\
~\x80\xe3\xda^\x0b\xe2\x11\x16\xdf\x88\xcf\xcc\x22)\xac\
\xf8\x86]h\xf1\xe3\xe4&\xcd\x9c\xee\x9f\xfa\xfd\xba$\
Y\x10\xa8av\xb9\x04[\xab\x03V\xf9\x04\xb6\xf9\xe3\
?? L\xbaX\x10\xeb\xf8x\x02E\xe5w\x00\xe3\
\xb0\xcd\x17\xb4D)\x0aeM\xdc\xdb\x8a\xdeb\x93\xa5\
T\xed\xbc\xd6\xad\xfb\x03\xd6n{j\xad\xb46\xd3M\
N\xce]\x12,\x88H\x8bA\x09\x9eg\xdc\xbe\x8c\xc7\
\x12!\x18jb\x0b\xfeKs\xc7X8\x06O\x14\xaf\
\x9ey\xbc%\xa6X;\xd6#\x22\x90\xcc3\xd5\x1eA\
\xddu\xf8\x05\xd3\x0b\xfcF\xc3\xf4\xc3\x99\xb7\xcc\x83\xf4\
\xe3\x99\xb7\xe4>\x9fs\xc4\x81\x0bN\xbah\x99\xa9\x01\
\x14\xda\xbf\x11\x1a\x02)\x95~#|\xc81L\xab\xc6\
\x80\xcd2g\x8a\xdb2\xba\xed\xc1\xb8\xd9\xfd\xe3|\xc8\
\x22$\x8f\xe3o\x80C\xed\x9e\x91]\xb3\xf8\xf9\xde!\
\x89\x9d.q\x1d\x89}\xe77\x05\xad\x92\xfb\xce!\xd8\
\xa6\x8b\x05H?\x18Ih\xcc\x9cl\x8eB&\x9fv\
fU\x9b\xc4E\xd2\xcf/\x05#\xcb\xc8;\x18nO\
\xab\x8e:\xc5exCdYwM\x04\xe5Bc\x1e\
d(h\xa2Ce\xaf\xf5\x0e\xd2)A\x0aJ\x9b&\
\xcd\xeb\x8a\xec\x04]>\x95\xa6\xcc\x8b\x1cu\x83\x89#\
\x0e90\xf7\xe8\x1c\xe7\x80j)H)Hz\xe2\x8b\
@Dj\xb2\x0cR\x07\x90b\x902\xd1\x90n\x98+\
\xba\xb9|\x834\xc1\x1f\xc2\x11L\x97\x84}3\xfd<\
\xee\x0dS\xe9G\xc2C\xf8\x89>\x12\x0fzBZ\x08\
=\xe9\x08\x88\xa7\xcaFR\xc4;\x12\xa339b/\
<\xc2\x12y\x9e\x90\x84\x99\xe6\x14DX\x11\x17t\xd1\
\xaf\x92\x10G\xa4\xb0\xd5\x80\x80\xa4\x89\x0d{G\xbc\xc4\
]8r\xf7\x8a\xc3\xc4)\x08\xd7\x1d\x9fh\xab\xf5\x9e\
\xadbn\x13\xb5\xd4\xa32\xcab\xde\xb6\x06+\xcf\x11\
a={\x87\xaa\x7fH\x5c&\xa1`*\xcbHn\xe0\
\x85(\xb4\x9e\xfd\x9f\xa0m\xc7<j\xde\x1b\x8aQ|\
G\xbcz\xf2\xbcj\xde>\x92_\x8d[\xc2\xa9%\xfe\
\x22\xb7\x8f\xa4\x95\xf8\x8a\xde`\xe3\xdc<V\xaf\xee0\
\xe4B\xfcj\xdeb\xd9fw\xa8\xf9\xf3\x15L\xc8U\
ND&\x92\xd0B\xb1s\xfe\x82\x952\xee\x98w\x89\
\x18\xe1\x96\x80\xdc{e\x82\xb8\xf3\xce\xd0\xec]\xa6\x90\
\x9e\xb3\x92U\xfbC\xe8mP\xf2L\xab\xe7\xa46\xd3\
\xa8\xc6c\x0cH7\x12\xa4\xfbE1l\xd6`\x9da\
y\x07R\xd2\xbd\x99\x09\x16D\x11!\x5c\x12\xcbAp\
\x15\xcbP\xaaj\xc2\xe1b\xeeAp\xef\xe4|E\x92\
\xfc\x22\xcfQ\x09\x11\xe8!d\x9c\x88\x12\x8aXt\xcd\
\xdc\x83$\xb2\xf6\x8c\xcfo\x97u \x8b \x80\xdf<\
D\xba*\x1f3\x15LU\xd4\x1a\xea\x09'\x22\x16E\
\xab\x9f!`\x0e\x19D\x12\x83\x15OW\x10\xda\xc5}\
b\xb1w\xad~o\x08\x5c\xfe\xaa\xa4\x8cB\x1c\x08\x7f\
0\x97Ib\xb1Y\xcf\x8d\xdfR\xb1\xe7\xcf$\x10\xe0\
\xae+\x97z!E\x90\xaf\xaf\xfc\x8e\xb6g\xd3\x14g\
^\xe3\xb8 \x97\x99\x89\x99i\x0d\xb9-!\x0f\xce\xe9\
\x8a\xfd\x0apL\xf3=\xe1\x0b\xeft9\xac!\xddf\
-5\x9e\xf3\x083\xcc\xf7\x87Q^\xf1PT\x15\x0c\
T1\x5c\x85\xa7}T\x12,\x8b\xa6g\x9f\xff\x00f\
\xff\x00\xff\xc4\x00g\x10\x00\x01\x02\x03\x04\x05\x05\x08\x0a\
\x0b\x0a\x0a\x08\x07\x00\x00\x01\x02\x03\x00\x04\x11\x05\x12!\
1\x06\x13\x22AQ\x10\x142a\xa1#`q\x81\x91\
\xb1\xd1\xd2\x15 3BRb\x92\x93\xd3\xe1\x074C\
crs\x82\x83\xa2\xb2\xc1$06@Sp\xb3\xc2\
\xd4\xf0\x16%Pt\x96\xa3\xc3\xd5\xe2\xf15D\x84\x94\
\x95\xa0\xa5\xe3\x17'EG\x90\xa4\xc4\xff\xda\x00\x08\x01\
\x01\x00\x06?\x02\xff\x00\xf0\xb9\x9f\xf3\x0d\x97\xb4\xcf\xf9\
\x83\xa1\xc62\xfeas\xa4_\xfd\x91\x9fdg\xc9\x9f\
\x7f\xd4\xe5%k\x09\xc2\xb5\x85%\xc9\xe6\x92S\xba\xa7\
\xd3\x05\x94\xce6\xa1\xe1\x809\xe2<\x87\xd6\x809\xe3\
5&\x9e8J\x90\xe2U{\x22\x22\xb5\xc7\xbf\xe3\x14\
\xcb\xae\x14\xb5\xad\x1b)\xc8\x91\x0e\xb4\x82\x9d\x94\xad;\
4\xdd\x94>[\x99u \xe5Bb\xa2nc\xe5\xc6\
3O\xf9~\xa8l\xaei\xe3Gw\xae%\xe5\x0b\x81\
J\x17+^'W_\xd60\x1d\x07\xbf\xf5\xebp)\
\xdeUC\x0e7-1@\xad\x9e\x90\xfb\xe7\xaa!\xda\
\xbeHZ\x8fn{\xa0\x9a\x93^\xa8J\x804\xebG\
\xd5\x0b]\xc3D'\x1d\x98P\xc8\xa5p\x9dc\xdb!\
\xc6\xf3\xa8\xe1\xea\x88B\xeb\x89\xbb\x8f\x85\x15\xf3\xf7\xfb\
\x94\x17&\x15u>\x0fL>\xcc\x93\xdd\xc8\xdf\xdf\xc3\
(R\x9f\xc4\xdf\xa8\xdf\xc7\xd60\x02\x19\xa8*\x86\xd7\
1.}\xe7\xbc;\xf3\x81TR\x9f\x16&\xd4\x94\xfd\
\xcf\x81\xf8t\xf3C\xd7\x7f\x94\xe1\x01\xe4\x9ab\x0f\x8c\
e\x12\xf3\x0a\xfb\xdf\xf4]\xfe\xd4\x9aB\xddaUP\
\xbf\xd1\xae\xed]?X\xc2\x9fx\x9b\xc6\xb9\x9e=Y\
C\x08i\xa5-*s\x1aS\x18e\xc7\x9a\xa6\xcd\xfc\
R#V\xd8\x15M2\x1c2\x8aq\xdd\x13\x80\xe1\xdc\
\xbfm|\xf0\xf1M=\xd6.$\x12k\x12\xa9P\xfe\
O?\xc5w\xf4yTB\xae\xddB\xcf\x8ce\x136\
u\xea\x94W\x8e\xfaW\xf5D$T\xc3O\xa9\x00\xdd\
U\xeci\xf7\xbfX\xc3m\xa5\xb4\x8a3L\x00\x85\xaf\
tV\x91:r\xa3_\xd7\xa7\x9a\x1fG\x07\xe9\x02\xb8\
\xed#\x0f\x0eq.\x8ae\xab\xfe\x8b\xbf\xd7ww'\
\x22y\x15>Xhq\x82n\x8fs\xe1\xf8\x98\xa4\x13\
\x15\x89\xf4\x93BZ\xe3\xd7_<M\xf0\xd6\xc0dc\
\xdd\x1b\x86Y\x22\x94\xb9\xfd\x17\x7f\xae~)\xc8\x9f\xac\
3\xfd\xfd\xfd<\xd0\xaf\xc4W\xfa\x18<\x85P\xf3\x17\
\xbaI\xbbJ\xc3\x9b\xf5\x8fCN\xa9\x18)m\x9a\xd3\
\xf1~\xb1\x80\x8c\xb2\xec\x14\x1d\x9d\xfe\xb9\xf8\xa7\x22|\
\xc3'\xfb\xfb\xac,}\xeb\xe8y\x08\x87\x098\xa66\
\x15x\x171\xa1\x86n\xa6\xb5}\x15\xf1\xb9O4I\
\xcc\xdc\xc4\xea\xd4p?y\x8aw\xf5J\xf2\xb9\xbf\xb9\
9\x13\xea\xa44\x7f\xbeu\xf3\xc1\xc7\xee_C\x1f\x93\
\x06\xf1\xa4L\xa1.\xa6\xbc\x04_$\xe0\xbc!\xae\xe6\
T\x03\xe3q\xdc\xee\x11$J.\xd1\x0d\x8f7\xa0E\
;\xfc\x10\xbf\xc59\x13\x8eS>\xa8F\xe8;^\xf3\
\xe8`~\x0ck\xb0\x1dp\xf25\xa6\xe9\xbf\x85N\xec\
\xa1\xb6\x86n.\x9e8K\xae\xb7z\xaa\xbe/\x01\xc6\
\xbexe\xb6\xe8\x0aR;2\x8d\xacO\x7fU\xe4\x10\
\xb1\xf1\x0flM?w\x03sw\x1c\xe3\x0c)\x09h\
\xe6\xa1O\x1e\x1e\xa8\x849L\xd1_\x14-\x01tR\
o\xe7\xd5\x94-w\xf3\xae\xfe9\xc4\x82\x82j\x9du\
\xe3\xfe\xb3\xd5\x11.\xb2\xdd\x09f\xb9\x01\x8c\x5c\xe1\x14\
\xef\xf4\xc3\xabH\xf8[\xbe\x0e\xae\x9eK\xc6(\xa1H\
\x94j\xf7I\xe4\x0f\x11\x86]\xbe1\x92\xbd\xe3\xb9_\
<MJ\xa5eI\x1a\xcam|w\x07\x99\x22\x12\x9d\
\xe6\x19\x9a[X\xb7\xb5\x90\xf8dy\x94|\xb0\xcb`\
\x0d\x96\xee\xe5\x15\x8a\xf7\xfc\xa6\xe9\x8ft\xfd\x9e\xa8\x82\
\xd6]>\xcd_\x1f\xc21$\xba\xd0!\xe6\xc9\xf0C\
-\xdf\xff\x00\xa9\xdd\xf7\xbc)\xc3\x84L\xbaI\xa2\x89\
\xdf\xc4\x92{Ta\x8a \x9a\xfe\x17\xa6\x14\x956\x90\
uH\xa0)\xe2js\xc7?\xe6\x07UJ\xe7\xdb\x9c\
8@ '_\x90\xc3\x0dM1\x84\x13\x85\x15\xe6\xca\
\x1b@uT\x08\xa50\xcb\xc9\x0aUv\x8cJ\xcf8\
\xdd\xe4\x8b\x99\xf5\xe7\x004\x9b\x94@\xec\xcb>L\xff\
\x00\x98\x09\xa9\xe0\xd9\xc3[\x8d*q@>t\x88P\
?\xca/\xb2(\xa8\xd5\xa0^\xdaF\x14\xe3\x0d\x05\xb5\
B5{\xa0\x8eZ\xf7\xff\x006.\xd6\xf5p\xf0\xb4\
\xe5|\xc2.\xea\xa8\x0b\xae\x7f\xb4\xf5D\x01\xf1\xb1\x84\
\xa9\xc3J\xa9\xb8M\xc3\xfc\x9f\xf3\x06\xb6UM\xafA\
\x1ee\x18ra\xb6\xabv\xab\xd9\x1cu\xd5\xca\x1cF\
\xa1\xdd\x97!(\xd4<6\x9b\xf7\x9f\xf1B/\xd4\x1e\
\xe7\x9d\x7f\x98\x1c\xf9:\xa1\xe4-\xa4)Jn\x98\x8f\
\x0f\xaca\xd7\x1bm\x02\xf2\xeb\xd2G\xa9\x1a\xe7\x1bo\
v\xf6\xb7e\xef#R()N\xcc\xb9\x0f%9s\
\xef\xdf<9\x0d\xd8\xc7\xf6E<\xdc\x866\xfc\xff\x00\
\x5c\x1a\xf9\xfe\xbeLcdv\xfdq\x87\xec\x8b\xde\x7f\
i\x9ca\x84c\x18\xf7\xdd\x84\x1a\x08\xc63\x8d\x8cc\
j\xb4\x8a\xbc\xbb\xb4\x85^\x9a\xbaD\x1f\xdd\xd9|_\
\xf8\xa0\x99y\xea\xab\xc9\xe6T/\x9b\xccT\xfb\xde\xe8\
\x9fD\x10\xc3\x95\x1f\xe7\x0a\xfe\xcd\x1bG\x0f\xc7\xab\xfb\
4wG\x00\xff\x00\xb4\x0fR;\x9a\xc1\x1f\xe7\x03\xd4\
\x8d\x95W\xfe\xd0>\x8e\x00qT\x1f\x8fW\xf6h\x1c\
\xeab\xef\x1e\xea=\x10\x91;=D\xfb\xed\xb1\x005\
h^\xafP\xf5\xa3bj\xb5\xcb(\x17\x5c\xadb\xa9\
\xc7\xcb\x19l\xef\x8cO%k\x14N#\xbe\xec\xb0\xf0\
EV\xe2SD\xe3\x9c\x1b\xd3l\x0a|o\xf8ah\
D\xc3J\xa6[h\xf5!\xd4\xb4op\xa1c\xd7\x85\
\x0b\x8f\xe3\x9d\x14\x9f\xd8!D\x97\x85~\xf9\x1e\xe8\xf1\
\xea\xbe\xafLd\xf1\xfc\xb2|\xf1\xee\x0e\x18\xfbU\xdf\
\x91\xf5\xc7\xda\xaf\xf9?\xe2\x8f\xb5_\xf9?\x5c}\xaa\
\xf8\xf1}q\xb4\xc2\xe3\x1b\xe9\xf1\x91\x04\xeb\x9d\x07\xa9\
\xc5\xfa`\x1dk\xc6\xef\xdfW\xe9\x84\xdd\x0f\xaa\x9f\x1d\
'\xce!\x09Z\x1d\x14\xe2e\xbdho\x9cL!\xa2\
\xaf\x84\xb4\x1f\xd5@\x81I\xd9s{\xe3\xfa\x04^i\
\xe4\xaf\x0a\xe1X\xc0F\x22)\xdfn*H\xa7\x13H\
U]`\xdd\xf8\xed\xfd48\x86\xdco*l\xa9?\
M\x0e\x86\x9fu5;\x96\xa8[\xbc\xeac\x1d\xd7\xcc\
m8\xf2\xfcf)\xabs\xc3t\xc6\x0d\xb8+\xbc\x8f\
\xaa\x02\xc9W\x82\x05S\xd8#i#\xb2=\xc9\x07\xf2\
S\x1fj\xb4\x7f%1^n\xc8\xfc\x94\xc6\x0c\xb7\xf2\
Q\x06\x88\x1d\x90hO\x950WydxS\x0b\xd9\
p\xf8\x04P\xb4\xf7Y\xd5\x9fL{\xf4\xf1\xc5QF\
\xe6f\x11\xf8+\x22\x1bK\xb3o.\x9cV\xa8Cn\
\xad\xbcSt\xdfP\x1f\xed\xa1\x0aK\x92\xf5^\xeb\xed\
\xfd4l\xdd<)\x8c^\x18w\xd6`\xba\xfeT\xac\
:\x96_\x08V\xdf\xddQ\xbb\xf3\xd0\xbeo<\xaa+\
\xad\xcf^\x0e\xbeaj\xbck\xef\xfdh\xc7\x1d\xf0\x95\
 \x1a\x1e\xa8Iq\xba\x8f}\xb3\x03_-\x8f\xe0\x88\
\xd8c\xb0Euxx\x13\x1b-\xd0\xf8\xa3\x0eLS\
_\x14`9q\x1d\x82(P<\x90u\x8cv\x08V\
\xaeQ \x9e\x1a\xafR\x1c\xe6\xcc\xd2\xb9lA\xbe\x9c\
\xb8\x88)\xc9p\x92\xc4\xc1E\xd3\x5c\xd5\xfb\x22\x93S\
\xaa\xb9^+\xf5\xa1\xa6\x9du+Y\xf8\xed\x9f\xf6\xd0\
\x1dc\xa1\xd5\x1b\xfc|\x95\x8aw\xc9\x8ePnc\x05\
S\x1b!9\xd2\xb0\xbd\x5c\xc9\x0a\x09\xf84\xda\xf9P\
\xf3\x0d<T\x90h\x08R\xf2\xf9p\xb5:\xaa\x95W\
\xdf\x95g\x9ep5H\xbd^\xb8\x05\xc6\x05:\x94=\
HJ\x9ej\x9f\x90\x98M\xd1\x80\xcbf(0\xf0\x08\
\xc3\x93tW\x0eJ\xe1\x04{l\xa38\xa1\xa9\x85U\
9\xe7\xb3\x0e8\x86j\xbf{\xb0\x98Pm\x94\x84\x83\
S\x8d0\xf1&;\xb2BH\xfc\x1fD%M.\x81\
<\x15Hf^jd\x80\xac\xc5U\xeb\xc2K/\xa9\
\xc2S\xf0=\xf7\xca\x80\xb4b\x08\xae1\x8cg\x8f|\
\x94\x85)\xc7P\x8aq\x87\xdbbm\x05[x$\x8c\
i\x94:6\xc8./\x7f\xbd\x19d!k\x00\xa8\xa9\
X\xc0J\x99\x5c6\xe2\xd1Ju+\xd3\x00&\xee\x5c\
\x22\xe8\xa7\x90E\xc0\x9c<\x11\xd1\x8cc8\xba3\x8e\
\x8ctc/{\x0a\x1e\xdb>\x5c\xa0\xdf\x00x\xa1x\
\xa7k\x08Z\x9bEk\xc0\x1fL,j\x94)\x09q\
7\xaf'*\x12)\xfd\xfa\xe1\x96\x5c*H.P\xd4\
\x8c\xbcb%\xd2\xe4\xd3w\x8bh\x04a\xbf8\xbc\xd1\
\xbc\x93\xc2/\x1c\xfb\xe31\xaeZ\xdb\xc31xC\xf2\
\xec\xb9\xb5\xba\xe9\x8b\xfa\xf7\xa9\x8f\x1d\xf9\xc1\xa8Q$\
\x91\xe39\xc0R\xd2n\xa8\xd7\x18\x0a-\xa4\xf9#V\
\x1b\x1eH\xd9M \x1a\x13\xe5\x80\xab\xbex8y\xe0\
\xc1\x8a\x98\x15\xa4{\xd8=\x1e\x8c,\xfb^\xbfkv\
1\x8b\x85\xb4\x93\x0e8\x96\xd2/p\xa4\x1d\x85Pu\
\x18J\x91y\x17\x17\x02\xfb\xce\x91y\xbe1.\xd2\x96\
\xd5\xe5\xdc\xe9\x11\x5cs\x8b\xe8 \x8e\xac\xbb\xe2'p\
\x87\xd6M5hY\xf1\x8c\xb3\x89\x89\x19w\xee\xad\xb3\
C\xb5\x9c)N\xbdy't\x04\x84\xe2a\x0bRp\
\xbd{\xa3\x0d\x044\x12\xb4\xa2\x8a\xf0\xc5\xd21\xf0@\
RF\x1dB;\xaab\x97+O\x0cQ)\x85a\x07\
\x085\x11X\xce\x0e\xd7l\x11z\x09\xe3\xed\xb2\xf6\x9b\
B\xbc\xb7H\x06\x1c\xba\xd0\xbew\xe3\xe9\x82\xaa]M\
jp\xdd\x17\x12h\xa4\x91S\x8ec(J\xcc\xc9\x0c\
\x8d]\x13Z\x08C\x0aU\xe7\xd6\x10A\xbc+\x8eq\
RwT\x1f\xf9w\xbd\x8ca\x1dQ0\xa7\x97t\xa5\
;\xe1\xe6l\xc7\xeb\x89B\xbb\xa2\x86k\xa6\xee\xa8y\
\xf7N\xd3\x86\xa4\xd6\xb50\x00E\xeb\xd0\x87f\x99\xa5\
\xdc\xf6\x13\x012\xfd+\xb7w\x0d\xa8QZ;\x895\
I8\xe1\x00\xb8\x9a\x1f\x04Q\x06\x0d`\xed\x1e\xc8;\
x\xf8`\x8b\xff\x00\xa5\x06\xa7\x97\x0a\xc5?{\xc2*\
}\xab\xa5\xe4\xd4\xdc\xc3#\x8c>\xe3,\xe6\xab\xd9\x08\
4\xa0Ri\xc7vQ,\x0b\xa04\x9aWh\x8c\xa3\
m\xeb\xcb\xd5\xd0cX*X\xd9=\x1f\x07%\x7fx\
\xcb\x93\x08\xc7\xbc\xf3\xc9Q\x9c)\xf5\xb8\x94\x94\xe7_\
\xae\x1f\x94\x97z\xf8r\xfaj\x15\xc3YO\xd5\x10\xe2\
\x97{m\xcb\xd8\x92w\xd7\xcf\x17Kj\xc6\x1ayH\
\xa58\x81\x05\x0d\xd3\x1f\x82 )H4\xd6^\xc6\x90\
\xdavo\x01H\xce\x0d\x15\xdb\x04W\xb60\xaf\x967\
\xfbN\xbf\xe2wp\xc78W@\x9b\xbc!\xf7\x10\xd9\
\xa6\xdff\xb2\x9f\xaa\x22\x80\x10a\x96\x1cZ\x93y\xca\
b\xa3\x94K\x94:\x95\x12\xde }\x5c\x98\xc5{\xd9\
0aHQ\xba8\x98\x9b\x93m\xd1]\xbe\x89\xc7\x0d\
e:\xfd\xe8\x8er\x5cr\x81\xc2H*;\xeb\xeb\x18\
B\x10\x0et0\xcc\xc2\xd0\x0dS\xbe\x90\x19Ki\x07\
\xa9\x22\x12\xad\xc38\xa5\xd4\xe5\xc2\x0a\x89\xa4\x1aF\xf8\
\xadO\xf1\x9f\x04\x10S\x86P\xe2\xc2\x11Uk7x\
}c\x0a\xd8PJo\xf6e\x0c\xad*P\xd5\xafq\
\xdf\x0d\xb0\xf3\xbd\x0d\x8d\xa3\x0d\xcc%I!|\x0cR\
({\xd90\xa3\xc10\xb7\xebt\x8b\xf8\xd6\x87\x0c\xa1\
\xf5%\xf3\xaa^\xb3\x0d\xdd2<\xc4\xc0o{\x82\x99\
o\x8dk\xe8\xbc:B\xa0\x8fD!\x94\xa55L\x02\
c\xa3\x8c\x1f\xc1\x8a\x0c\x0e\xfa\x18;F+\xfcd\xc1\
\x06/\x81\x1a\xa5\x8a\xe7\xdb\x9cL:\x86\x808\xd2\x82\
\xb9\xc2\x82\xeb\xd2\xde ).\xa9\x15u\x1b\xf8\xc4\x93\
%w\x95\xbe\xaa\xc7\xc9\x17\xc4\x0d\xd0+\xc9X5\x14\
\x8a~\xd8\xaeu\xf6\x83\xbc\xd2\x22\xb1J\xc3\xabyW\
{\x8a\xc8\xf0\x8c\xa2jQ\x97oR\xb4\x17\xab\x9eq\
S\x8a\xcd{MOlK\xbc\xa6\xea\xdaJ\x09\xa0\xe3\
\x9c6\x1b\x14V\xa5\x00\xe1\xbc\xe7\x15\x11\x8e^\x18\xda\
V0Ck\xae\xec\xe1U\xc4\x18\xc21\xfe5\xb3\x18\
\xc5D-+\xdf\x17\xa5\xd1\xb3Z\xab\x08)\xc2\xf2\x16\
\x09\xf1e\x0d72\xe5\xd6R\xa4o\xc3\x1c\xe0L\xb0\
\xab\xe0\xdc\xe1\xbd\x15=\xb1\xb7\xc9\xc7\xc1\x0b\xe7.]\
\xb9\xd6!jjf\xa0u\x8fZ(\xa9\x9f\x7fN\x91\
\xcb\xe4B\x12\xdb\xf5\xe8Sh\x1c\xf3\xe8\xc5\xf6\xce\x06\
\x02Vq\x83\xdeub\x90\xa7k@\x91S\x05\x0d\xbb\
\xefJ)\xe1\x89\x87\x09\xad\xee\xb8iWN77q\
\xce.\x14\xd3dn\xe1\x94y;2\xe5\xce7\xff\x00\
\x90^\xa8\xf7\xb0\xf3\x81\x1d%p0N;\xbb\x22^\
\xce[\xa3kW\x9ey6<9(\xc0X7\xb0A\
\xf1\x1c\xe3\x18\xe7\x17\xa8n\xaf}2\xca&\x1ai\xd2\
o_\xc9CvYB\xd3\xf0\xba\xe2\xf9\x03\xdd+\xe2\
\x84\x16\xca\xf6i\xef\xb8e\x12\xccL\xbdv\xf5\xca\x85\
S\x7f\x8a5\xed.\xfd7\x88=\xb1N\xf2\xcf-\x22\
mu\x02\x8dC\xcd\x87\x0e\xc3\x9f\x09P\xb1\x890\xcb\
\x8aN=\xcf\x12 !#\xc9\xfeFP\xa5A\xce\x16\
\xa4\xa7up\xa6p\xeb_\x06%\x11}@\x0a{\xec\
0[ v@]A\xa3\x0d\xd7\xfd_\x0f\xc20O\
\x04\xc2\x92\x95P\xa5.eX\xbe\xa5\xaa\x86\xbb\xf8\xe7\
\x09\x22\xf6<>\xa8\x0a\xba\xbe\x85\xe8[f\xf2i\xe1\
\x86\x88q\xca\x22\x9e\xfc\xee\xf0\xc5V\xb1U\x04R\xbd\
y\xc5\xef\x84+\xe2\x8a\xf2\xe7\xdeYY\xca'Z\x0b\
\x1bH\xa6\xfc\xe2r\xf2\xab\xddWM\xae\x19E\xcaV\
\xa5\x1b\xb8\xe7\x0d\x902\xa7fQ^\x10\x7f\xc8\xa6\x1d\
\x05\x00\xd1+\xcf\xab(\x9aU(8a\x08z\xa57\
} \xf9\xd2!M:\xa0T\xa6\xc2F's\x8d\x01\
\xd9\x0bwr\x9aZ\xbc\x88\xa8\xed\x89\xa9p\xa3\xb3\xac\
\x19\xc5\xf3\x0d\xa9I\x06\x9cG\xc7\xa7\x9a\x00\x0c\xa6\xba\
\x9ae\x0fL\xa1$\x0a,\xee\xdd\xac\xa7\xea\x88\xadh\
DJJ8\xe7J\x89\xa1'vP\xc2\xd1\xfc\x822\
\xeb\xce)\xcb\x9cb{\xca[\x83t:\xc0p\x0b\xc5\
c3\x98EGl8~\x1b\xa7\xb6\x12\xe9OKW\
\xfa\xf4\xf3E\xd80\x7f\xc8\xb4\x19\x18U\xff\x00|\x93\
\xdb\x9c=7s\xa4\x17\x8d\x13\xbb\xc5\x1a\xb4\xc4\x94\xbd\
\xfb\xa1\xc7P\x82\x09\x22\xb5 \x9e\xd0!\xa5\x03Rl\
\xf2\xa3\xbf\x12\xd61=\xe3\xed\xce.\xef\x8d\x9f\xef\xdd\
a5\xca\x95>\x08,\x94\xd5T \xe4s\xad|\xe6\
\x1em\x02\x94R\xf3\xa6\xec\xa2Q\xc4*\x89B\xeb\xef\
\xa1\x08[\x95)l'\x02wk)\xfa\xa2\x02\xb1\x83\
X\xc4\x98\xce\x0aZ\xa91\xbf\xc7\x1e\x9e\xf1O%\x0c\
L\xb8\x93\x88\x8a\xa9D\xf7W7\xf5S\xcd\x0d\xd0f\
\xea+\xe3]\x0fdJ\xcc\xa4\x0b\xe4\x0a\xe1\xc0\xd7\xcf\
\xc8\x7f\xc8\xf4\x82\xda\x80\xfb\xa4\x12\x91\x95\xfe\xcc\xa2E\
X\x8b\x93\x00\xe7\xc3(\x0d\xbe\xaa]\x91Z@\xaf\x06\
\x9c\xa7\xea\x88\x9dP\xc8\xe5\x01\x0a\xca\x12\x96\xce~\x9a\
\xf9\xe14\x19\xa2\x86\x14U\x9cL\xad)\xc2\xf3\x98\xd2\
\x13]\x9a\x18V\xb5\xf0\x8c\x16s\xde5\xd4\x8a79\
R\x13^\x90\x85\xa5\xa7\xca\x86\xed\xb4\xfa \x90\xb3\xf2\
\xc7\xa21p\xfc\xb1\xe8\x8a\x97H\xfc\xb4\xfa!)v\
k>$@^\xbd*Q\xb9\xdb\x02\xee_\xb3\xbcC\
\xc9X\x9d\xda\xa4\x15\x9f\xe5\x5c\x86\xb0\xad\x1do\xcf_\
<J\x0c\xa8\x9cy\x0c\x1f\xf2)0b\x94\xaf\xd7\x0f\
9L\xb5\x9c~\xf9\xea\x88i\x7f\x05\xd8,\x85}\xc9\
\xc4g\xf7\xa7\xa1s\x94\xf7D\xaf\x1f\x06\x5c\x8d\xa1J\
\xc4\xab\xaa\x1b5\x07\xb9\xd6\x0c<\xed\xda\xd6\xbb\xb8\xe7\
\x17r7\xa1W\x14\xe65\x18(\xef\xad\x7fX\xc2\xbb\
\xa3\xdf8\xbfLW\xba\x9f\x1a\xa3\xa2\xe7lt\x1c\xed\
\x8c\x9e\x1f*\x02\xaf=\x87\xc7TKK)\xc5c\xab\
\xad\xef\xcd\xfa\xc6\x03\x84\x8fq\xae\xef\xbd\xf0\xfc#\x07\
\xbci\xd6\xaf|>\xc8UMv\xc9\xf2\xe7\x18\x8a\x80\
\xb1\xd9\x940\x8e\x09\x8a\xc1\x83\xfeE0b\x86&U\
w\x1c{u\xd5\x85\x0e\x0b\xa8\x8a:kye\x22\xa6\
\x99\x82<\xca1.Y\x1bJK\x9d\x11X-,\x1c\
8\x82\x22]5\x22\x8a\xc6\x1aJ~\x068\xc0Y\xdf\
\x0e\x0011\xbe\x97\xb7\x08\x02\x87\xc8c3\x8f\xc5\x84\
\xf5\xf1\x11\x8d<\x91\x90\xf2AU\xc4\xe5\x5c\x8c8\xd5\
)H\x96\xba\xe1H\xbc2\xeaX\x1f\xd5\x11\xb6ow\
\x0d\xff\x00\x99\xef\x1evZ\xf6z\xcc?9O4S\
\x8a\xa0\x92>\x19\xf2e\x09L\x13\x06\x0f\xef;\xff\x00\
\x8eR+\xc8\xfe\x19\xff\x00\xefE\xde.c\xfe\xb3\xd5\
\x11,[U\xda\xbe\xcdwt\x9c\xa1\xf2\x88\x90jg\
\xbaU'\x0c7\xe7\x0f\xea[\xa7Ox\xdd\x97\xbd\x80\
\xa1\xefU\xbf\x08PQ\xe8\xdf\xec\xca\x05\x0e0\x12\xbc\
|\x11x2N\xfc\x93\x00\xea?F\x13V\x8e\x1dB\
(\x12E8\xd20\xf3\xf2\x1deiwt>Q\x97\
\x5cJ\xd0\xfb\xed\xf5\xfeR\x0d\xef\xe4>\x862\xc7\xbc\
L\x22\x913/\xbf\xbb\xe1\xe0w\x08Bx\xaa*\xa1\
\x9ak\xe5\x81\xc2( \x85o\xc8E}\xbd\xea` \
\xeb\xde\x09\xf0\xc5\xd4\xcd$\x90iJ\xa3?\x9e\x81\xab\
]\xea\xc1\xac\x1ac\x18\xc5\x7f\x8b\x88\x11XRiR\
~\xbfX\xc2p\xa7u\xfahh\xab\xde\xbc\xd1\xf1\x03\
Q\xdb\x12\x8d\x22b\x8aou\xeaC\x8e\x05\x95\x05W\
\x1b\xfcs\x8c\x13\x9f\x8e\x1dS\xc8)\x0a\xd6g\x02\xb1\
\xdc\xeb\x19\x08\x1dY\xc1\x11\xb5\x15\xfd\x82\x0e;\xab\x04\
2\xe5M\xccwc\x0e\x15c{\xae%\x1d-\xd7\xa1\
\xb8\x1c\xcbg\xce\xa3\x17R.\x92\xc27q\xa5|\xc2\
\x14\x15Z\x05S\xbcC\xc91\xff\x00h\xfe\x96\x18\xfc\
d7A\xefa\x22\x04\x0a\x18\x1c\x99\xc1\xe4\xc7\x08\xce\
\x1c\xa0\x82\x00pmnQ\x85\x15\xbe\xefN\xbe\xea\xbf\
L7.M\xee\x86\xfe0UH\x22\x04\x04\xff\x00\x17\
\x10* F&\x10RGO\xe9\xa1C*(ve\
\x1e\xea\xe7\x80-^\x98\xa5\x14\xaa\xef\xc4\xc3eh#\
k|%UH\xaaI8q\xce01K\xa61L\
\x1c+\x04\x987\x96\x04\x13\xce\x11\x87Y\xf4\xc2\x83n\
\xa5G\xa8\xc3\xa97\xbaXc\x01\xbb\x8a5\xea\xf4D\
\xbb\xeamUN\xaf0:\xbd\x02\x12\x84\xeel'\xc9\
\x94xs\xef\x0c\xc1\xe4\x98?\xe7\x1f\xd2C'\xef\xb0\
\x8c\xba0\x91\x14\x8a\xe3\x19\xe5\x19\xfbL0\x8cU\x0b\
H9\xc2\x94\x90N\x15\xc0\x1c\xe1b\xeb\x9d-\xc90\
\xdb\xca.\x01\xdc\xf3\x10R\xac\xe0\xff\x00\x18<\x83\x90\
\xe7\x00\xd1X+\xe9\xa1[8\xde\xc6.\x80\xbf$6\
\xb2\x92|0*\x84l\x8a\xe5\xbe.$])\x14\xf1\
\xc6&\x09]\xcc:\xe0\xa4\xa1\xbf\x15a@\xb6\x8f\x22\
\xa0\x9b\x89\xf2*\x08H\x03\xcb\x0b\xd5\xbe\xb1^\x10j\
\xeb\x8a\xaa\xa0\x04\x85\xd4\xab\x8410\xe2\x0d:\xc4%\
\xadR\x01\xc3w\x0c\xa3\x0e\xf1\x0f,\xca\xff\x00\xce?\
\xa5\x86\xcf\x05\xc0\x15\xad\x12\xbe\xcc\xa2\x9c\x8aR\xc7D\
B\xc19+\x88\x85\x0b\xd9|h\x171\xac\x12\x981\
\x81\x8a\xa4\xf6E\x17\x07\x5c\x8b\xd5\xc3t+\xf75|\
_\x5c%m3w.\xc8\xba9k\xfcc\x18\xa4\x1c\
!\xd7\x12\xde W*\xe3\x8f\xa4\xc3\xb5N\x1a\xce\x10\
\x95-\x9c\xfe,#\xb9\xd2\x9dPBaG\xae\xb1x\
\x9c\x93]\xd0\xf3Iw\xb6/_\xaf\x963\xce0&\
\xbe8\xc1P\x005\xafQ\x84\x90\xddxl\x98C\xb3\
\x92\xf5\x04\xd7\xa3\xba\x10\x84\xb3E'\xc1\x1b=\x11\xc9\
^\xf0\xcf,\xd2\xb0\xff\x00\xac\x7fK\x1f\x95\x0b\xfc\x17\
?Q\xc3\xe7H\xe5\x98(\xf8<a\xf0\x93\xf7E\xfb\
\xee\x19AV\xff\x00\x0c2\x16\xae\xd850c\xb9\xe3\
\x1d\xd7\x0f\x1cg\x8ca\x06.Ey+\x05?\xc5\x8c\
\x1a\xc1\xe40\xa4\xaf#\x9c\x17)\x8a\x8dN\x1b\xe2\x80\
\xe5\xd5\x06\x91\x91\xc6\x09Y\xbb\xdc\xe1\xd6\xd2\xe6W\xc6\
|2\x85\xb81\xbd\x01\xbcq\x81q\xab\xde#\xfb!\
\x0a\xe6g\x1f\x88\xf7\xd1@\xd7J\x00?\x01^\x98B\
\x9ej\x84}\xec\xfaa\x1a\xb4\xe2\x9e(\xa4\x00\x8f{\
\x80\x82@\xc2(s\x8a\xc5+\xe1\xef\x1avw\xdf\x0d\
n\x1e\x17q\x85\x1d\xe1P\xe08\x0e\xe9\xe6xy\xa0\
8\x0cq\x87\xd3L\xd3\xc2\x1cSl\xac\xdeY\xcb\xae\
\x0aL\xab\xd4\xfc\x01\xe9\x86\x96\xa4(R\x08#\x96\x89\
\xc6*k\x1bJ\x15\x8d\x93X\xa9\x8ar\xd4\x98\xc0\xd6\
0\x15\x8e\x8cc\x18\x7f\x13\xc4\xd2+Z\xc5\xd80B\
\xb0\x11Pk\x17Jp\x85\xb8\xa7P\x14\x81\xbe\xb0\xa6\
\xdbq'f\xee\x10\xedkEW\x7f\x18\xbaa\x94\xa3\
\x1a\xaa\x02\x9ej\x98W\x10>\xf9\xea\x88BCml\
\xfd\xed\x1e\x88\xe87\xf2\x13\xe8\x8e\x88\xf2r\xd3\xbc\x99\
\xe7@\xc3\x1e\xd3S\xdb\x0e\x0c\xb6\x97\xd9\x94\x1cix\
\x91\xe5\xad\x7fX\xc3k\xdc\xa8\xc6\x0a.\x83X\xae\xa9\
\x1e:A<\xdd\xaf\x92\x98\x1d\xcd\x03\xc5\x06\x82\x0cP\
*\x90o\x0b\xd1@\xde>\x08\xa8]<q\x89\xbd\x17\
\xaa+\xc2\x0e\xd0\xf2\x88\xe9\x8f(\x8e\x90\xf2\x88\xf7@\
<q\xd3\x07\xc7\x1e\xf60H\x8c\x04])\x8e\x11\x98\
\x8e1Jr\xe7\xfb\xdf\x5cl\x98\xc4\xe1\xc9Q\x18\x0c\
\xe2\xfa\x8e\x1dp\xa1\xb1Q\xe1\x87R\x87){\x0c\x09\
\x82K\x8b\xc5_\x0a\x02\xeb\x19\xe3\x12B\xea\x94\x0a\xb1\
8CJ\xb8*\xa6\x11\xc3}k\xfa\xc60\xef,\xf2\
\xcfu\xe5\x0aI\x1ftst\x22\xa6\x95q\x03\xcb\x9c\
J+:\x88\xa4\x02\x0c'\xae+A\xcap\x82\x1a\xc2\
;\xb61\xb0\x05|\x91x\x1c\xa1Z\xfaTq0\xad\
[\x98{\xdd\xb8=\xd8|\xa3\x1e\xec>R\xa3\xdd\x87\
\xcaTl\xba>R\xbd1\xb6\xf0\xf9J\x81}I?\
\x95\x00U?;\xf5@\xbbO,T\x0e\xd1\x1d\xcf\xce\
#\xfeQ\xb6b\x94\x17\xbf~\xc21\x83w\x90\xd7\xb7\
\x08%\xdd\xddqu\x06\x84|h]\xc7p\xf0\x98\xe9\
\x9f)\xfd\x91x\x12hk\x96\xe8\xd5\x9c\xc4\x0ag\x12\
\xd3\xe5\xa2Cw\x15\xd1\x1b\xf3\x86\x10\x80*\x96\xdbN\
\x10\x0fyg\x96e\x9d\xe6.\xdd\xa5]s\xfa:\xf9\
\xe1\x9a\x7f*\xdf\xf4\x94\xf3D\xa2+ZA0+\x09\
\xa7\xb48\x18$\x1f<ww(FyB\xf9\xbb\xe2\
\xbe\xf7\x11\x0aKO\xd6\xbf|\x85k\x97\xdb\x19\xf6\x88\
\xc3\xcf\x19v\xc7\xd7\x1f\x5cg\xdb\x1b\xbc\xb1\xb2O\xca\
\x8c\x15\xdb\x00\x17\x0d?\x0e\x06\xbab\x9f\x94 \x05L\
\x8a\xfe\x10\x8e\xe6\xe8Uz\xc4\x03{g\xc1\x18\x1c|\
\x11\x87\xef\x87\x93n\x14J\xa8GT.\x8ed\x9f\x85\
\x0bC/\xde\xa1\xa7HB\x85\xea\xd7\xe3E\x06j\xf8\
\xd0\xda\x9ff\xa2\xf5\x0d\x12L!joTV\xc27\
Sh\xe7\x0f!'f\xb8Cl\xdc\xa8WTj\x94\
\x8b\x8a\xd5\xb6)v\x90\x9f\x17gy\xd8\xc2\xd1J\xc2\
uh\xc3Xj@\xe2\xd4\x22\xb8\x14\xb8\xdf\x9e\xbex\
a\xa0jE\xca\x8f\x0a\xe8{\x22\xfe\xfeLc\x84R\
\xf0\x8b\xdb\x86\xf8U_@\x85j]\x0b=P\xa1\xb4\
<qU\x15|\xa2b\x88B\x95_\x0c\x01\xcd\x1d!\
P\xdb\xaeK\xa8)}F\x05Y?\xa5\xe9\x8cQ\xd8\
\xbfZ:\x1d\x8b\xf5\xa3\xa1\xd8\xbfL\x1e\xe7\xd8\xe7\xad\
\x06\x8c\x93\xf2\xbd0\xa2\xdc\xaa\xcd:\x95\xe9\x85\x06\xec\
\xf7\xcd?\x03\xe9b\xeb\xb2o\x22\x9ci\x06\xf8R|\
j\x8a\x85+\xe5\x1fL\x02/\x1ae\x01\xa5\xde\xa7\xe4\
\xfa ^v\x9f\x94 ^\x99n\xb0.\xbe\x85F\xc6\
\xd7\x08\xda\x14\xfd\xe0\xc1\xc6\x9c`\x95\xbe\xdaaZ\xb9\
\x84*\x90\xb4\xa1D\x8e\xa2!ch\x05u\xc1Q*\
\xdaW\x13\x17[\x93uu\xe1O\xd9\x0d;7*\xa6\
\x81\xcc\xac\x1c>M!\xe7\x10\xf3AM\x22\xf0\x149\
\xf8\xc9\xf4A\x96\x07\x06\x08F\x17w.\x80`8A\
Si\xbe\xa3\x9cJO:\x8a\x12\x11\x98;\xf3\xdf\x04\
#\xab.\xac\xa0\xde\x14\xa6]\xe7`aH\xdf\x0f\xbe\
S]^\xddhxS\xcd\x0f\x0at\x1d\x1d\x90\x90\xb3\
\x80\xd5\xe7\xe1\xaf\x9e\x03\xa0\xe7\xc211Z\xc5\xcaS\
\xae9\xc2\x9eH\xa6\xe2\xa8[\x02\xea\xcf\x11\x8c/V\
\xb5\xa7\x1e4\x83\xb6\xe2\xcdx\xd6.\x86&\x0d~\xf2\
\xf7\xa9\x09QC\xe9\x1f\x8aw\xd4\x86\xd6\xe1\xcb;\xd5\
\xf4\xc2/4\xc2\xae\xf1\x10\x96\xf9\xb38|X\xc1\x86\
\xbc\x820i\x1eH\xf7\x14y \xf7\x04y#\x16[\
\xf2A\xfd\xce\xd7\xc9\x85~\xe5g\xe4\xc1\xfd\xc6\xc1\xfc\
\x98S\xcd%\x86\xeb\xfd\xf8\xc3\x8bm\xce\x8f\xc1'\x1e\
\xd8_r\x98X\x19Q\xa7\x8f\xf5 \x83+4\x00\xfb\
\xc3\xfe\xa4t\x5cM:\x8ct\x9c\x11\x8b\xce|\xa8\xdb\
R\xcc\x00\xa6o~H\xf4F\xb6\xea[\xf8\xa4R:\
Myc\xdd\x18\xf9\xe6}x\xf7f>y\x9f^(\
^c\xe7\xd9\xf5\xe3\xdd\xe5\xfe}\x9f^\x0fu`\xfe\
y\xaf^\x0f@\xc1\xa2\x01\xf1B\xd2\x96\xb3\xea\xfa\xa0\
\x86\xd4\xe2 \xab\x9c9\x8f\xc6\x83\xb6\xb5\xd6\x1blK\
\xcc\x9b\xc7=C\xde\xa46\xb2V\xd0\xe9m\xd4Cn\
<\xdbN\xd3:\x8a\xc3\x8e\x86\xa5\x9a)\xf0$\xc3\xb2\
l+\x076\x05\xcc\x84\x15\x9b\xcb\xd7:z\xfe\xe9\x08\
R\x92\xa2\x95\x14\x0cz\xf3\x89}\x80\x92\x94\x8d\xdc2\
\x8aw\xa1r'\xd7\xab\xa9\xd5uD\xd1X\xa0/x\
#X\x93L\xbb2\x86\x99Q\xaa\xb67\xf1\xce\x0a\xbe\
-`\xd3w\x08\xbc\xbd\xddp\xeb\x12\xefS\x86&/\
\xb8\xf9W\x86\xf4]o5\x1e\xdf\x14\x07\x16\xda\xd4\x85\
\x94\x11\xb2\xbd\xf9\xfd\xc6\x10\xa7\xe4\x81\xa6uk\xff\x00\
f0\x91l\x11\xc1\xb4A\xd5\xb6\x13\xe4\x83\x94V\xb1\
\x9f-}\xa6QL)\x1d\xd9\xab\xdeHV\xb2A\x95\
\x13\xf8\xbfR\x17\xcd\xe4\x1b\x05\x5c\x1bL:\xa6\xa5\xd4\
\x91\xb8]W\xd1B\xb6\x16)\xf1U\xf40\xaa\x85a\
\xc4F$\xe1\xd7\x18\xab\xcf\x1d\xc9\xd5\x01\xc2\xb4\x8f\xb6\
U\xdb\x1fm\xb9\xf2\x95\x1fm/\xe5\xaa('\x1c\xf9\
J\x8cg\x5c\xf9j\x8d\xa9\xb7>R\xa3i\xe5\xfc\xa3\
\x18\xb8|\xa6(I\xf1\x98\xd8'\x1f\x0c'T\x1c\xa7\
RW\xf4\x10\xda\x9em\xc5\x8d\xfb\x0a\xfa\x18i\xc9\xa9\
\x10\xab\x99\xd5\xaa\x7f\xb1\x10\xdaee\x83e(\xa2\xae\
\xd0Aq\xf4\xa2\x82&%dfB\x02\xb2HRi\
\xfd,\x17\xdfp\xaf\x1a\xd4\x9a\x9a\xc2\x03i\xad\xd7q\
\xf2\xd7\xcf\x12\xebv\x5ca\xab\xad@\x10\x10\x91JE\
{\xce<\x95\x89\x96\xcf\xbfn\x87\xc3\x0az]\x9c\xd4\
\x85\x93to\xd5\xd7\xf5\x8c)\xa5\xd3g:C-)\
\xca\x0c+\xb5\xc3(&\xf5{\x9c<\xa5,\xa4\xd3\x0c\
\xa1\xe6[v\xa0\x1at\xfd\x10T\xe1\x17\x8e\xfc\xe1\xb4\
\xb0\x8b\xc9T6\xe4\xdc\xaf\xc7\xf7(f\xebwT\x94\
\x01\xd0@\xc4e\x1d\xc8vE7Gt\xa7\x920\x03\
\xc9\x0a\x09\x14\xa4p\x8cLb\xae\xd8\x1c\x9b\xf9O\x08\
\xc6*\xdc\x1e\x02\x08\x98\x02\xef\x82\xbexV\xce\x7f\x11\
\x10\xae\xe5z\xbf\x110\xadT\xb2M~\x22}H:\
\xb9J\x8f\x07\xfc\x10C\x12x~-\xef\xa2\x83I3\
\xf3o\xfd\x14\x1f\xdcG\xe4?\xf4Q\xf6\x9f\xe8\xbf\xf4\
Q\xf6\xa7\xe8\xbd\xf4Q\xf6\xa6>\x07\xbe\x86>\xd4?\
6\xf7\xd0\xc0\xbd%\xfe\xad\xef\xa2\x81zK\xf4\x1d\xfe\
\xcf\x03\x9dI\x7f\xabQ\xff\x00\xf9\xa1*zV\x94\xf8\
\x8d\xfa\x90\x81\xa9\xbaG\xc4ly\x84w\x14\xf6$B\
\x95\x92R*\x7f\xbd\xd8{\x9c?p\xdc^\xf6\xd3\x88\
\xcb7\xa2a\x899\x9b\xc3\xde\x8db\xa3X\xfa\xaa\xae\
7\xbd0\xd2\x1bE\xf4\xb8\xba\x1ac\x84%\xf9\x89{\
\x9a\xc1\xac\xf7:BC{\xa9\x98\xa6YrS\xbc\xfa\
\xf2\x11\xc78r\xa3\xa2\xda\xbd\xef\xc1@#\xc8R\x22\
qIl\xdd\x19n\x80\xf0\x07f.)X\xdc\xf8F\
\x06\xaf\x1b\xd7+Eq\x85\xaf\x12U\xe3\x86\xea\xca\xae\
\x9d\xf4\x86\xddu4ZFJH\xfd\xb0\x86\xdb\xbb\x82\
n\xe1H\x04by2\xe4\xca/o0i\x07\x089\
\xc5I\x8e\x94g\xed+\xbf\xc7\xc9C\x07\x1e\xc8\xc3t\
\x1a7\x97T\x1d\x83\x18\xa7\xb26\x92\xd7\x8d\x09\xf4F\
M\xfc\xda=\x11\xf7?\x9bG\xa2>\xe5\xf3I\xf4F\
M|\xd2}\x11\xf7?\x9aG\xa2>\xe7\xf3i\x8d\x94\
\xa0\xfem1\x82R\x7f$GE?$E\x02b\xf2\
\xd4\x07\x86\x16\xbep\x90\xa4\xc4\xd3L>\x16n\xad\x22\
\x8e\x1ci\x94L!\xdb\xe0\x05\x1awUb\x0c){\
D\x9c\xf1&\x11}\x85\x5cW\x14\xd6\x1at\x8d\xb4\x1a\
\x80P3\x86\xdbBF\xc3wE\x07\xf7\xed\x8a\x1eJ\
\xf7\x9fNC\x0e\xa5X\xdel\x8cx\x91C\xd9\x13\x13\
\x08o\xdd/\xe5\xd5\x96P\xe3\x17H\xa5\xee;\xbc1\
\x81W\x0c\xe1 \xd7\xab\xc5\x94]\xba\xa2*\x8a`w\
\xe7\x0c\xbc\xe3H\xd9\xf8C\xd3\x0a\x08\xb8\x9e\xa1\x1b5\
V\xd4c\xe4\x8d\xdd\x9e\xd7\x10 \xc1\xc2\x0ahDo\
\xe4\xcf\xcd\x19\x88\xa8#\xdag\xc9\x90\x83A\x06\x89\x8d\
\xf1\xbf\x93tS\x08\xce3\x11\x861\x8ai\xe2\x8c\xf2\
\x8a\xa9\xc4\x0a\x0d\xea\x85\xddu\xaa\xa7\x85!\xe6[Z\
\xb6\xaf\xf4z\xa0\xafZ\xefH\xe1x\xe3\x5c\xf2\x8aj\
]U\xe3L\x89\x848\xb4,\x05\xfc+\xc3\xf6\xc3W\
\x90\xda\x94\x9e ~\xd8\xba\x96\xd2\x91\xd4#\xaf\xbd\x5c\
#U\xab\x0aV;\xb8\xc4\xc4\xd3HPOt\xdd\xf8\
\xcfTAi\xe1\x8d\xed\xe0\xc2\x0aF\x098\x88B&\
Yl\xa9*n\xb5$~\xd8B\xe5\x10\x84\x03\xb8(\
~\xd3\x15\x0a]\x0e{#\xd6\x83\xce\x13x\xd2\xa2\xbc\
|P\xab\xb8\x01\x18\x98\xdd\x18F\x1e\xd3\x14\xc1\xba\x91\
X8A\xce:Q\xd2\x8cN1\xf5\xfb~\x8c\x1b\xa2\
\x0e\x10s\x8c\xe2\xf2\x94H\xdf\x06\xe9\x8cU\x17WH\
U\x00\xc3\xe3\x08q3\x17o~\x1f\xd7\x0e7.\xf8\
N\xeft\xff\x00\x86\x1d(\x9c]\xd5n\xfe\xe2\x06\xb1\
jR\x95^\xdc\xe1\x90\x9b\xd4\xbc\x8a\x8b\x98c\x9e\xe8\
e\xc9\x89k\xf5\x08=\x1d\xe78j\xec\xb2P\xa4\xf0\
\x8b\xb4\xc2\x0c\x1b\xdd\xea\x98 \xe5\x0e\x87\x1b\xbc\xb5W\
p9\xd7\xd60\xeb\xd2r\xd8$\xac\xf47\x0de?\
TC\x81\xe4]\xda\xde\x92?\xad\x0aq\x85\x00\xac:\
\xf2\xf0Cl97FS\xd6}0\x8175yF\
\xe6N \xe7\x9cT9\xac\xd9\xc3m\xa3\xfdx%\xa1\
\x9f\xf7\xdc\x987G\x95*\x8c\xfc\xb5\x8d\xb5\x8f,\x0b\
\xc7\x1f\x08\x8c\x0e\x11\xbf\x93\x03\x18\xc6F\x0e\xc9\x83\xb3\
\x07(\xce1\x8e\x94g\x19\xfbL\xcf&F\x0e\x07\xc9\
\x06\xa9\xf3B\x85<\xd0\xab\x80\x8f\xc9\xaf\x9a;\xaa\xa8\
\x91\x99\xc7\xd1\x06\xfb\xb4P\xf8\xe9O\xebC\xa9\xb3f\
\xff\x00\x07\x1a\xfe\xaa\xa1E\xf7\xef\x03\xc5*?\xd6\x83\
\xadU\xe2U\x8e\x7f\xb5P\x12\xca+_\x88U\xe6T\
2\xec\xc4\xad\xe4\xecV\x8d\xab~p\x95LK]Z\
@ \xe1PF[\xa1(\x97M\xdb\x94\xec\xca:\xa3\
\xae)\xde\xbdb\xec:\x1c\xa6\xd0#\x14\xf1\xad|\xe6\
\x1d[L\x05\x1e\xa6\x93\xe8\x87\xee\xc8\xad)OD\x80\
\xb1\xfe\xc6\x0a\x5cE\xc7\x06\xeaR\x12\xa6\xc1\xd8\xa6 \
\x91\x96P\x84\x07\x1c\xa04\xf7e\xe5\xe5\x86\xf5\xf3w\
x\xdep}4$.q8\xe7\xb4\x9f\xa6\x8b\xdc\xe4\
\x1a\xe5\x1b\x0b\x066DS#\x19\xc6*\x8c\xc4t\xa3\
\xa5\x19\xf2\x1ay\xa0\x8aA\xa2c\xfeq\x8f&q\xd2\
\xed\x8e\x90\x8c\x15\x1b\x22\xa3\x84b\x22\xab\xc2\x14_\x99\
B)\x0b\x22\xd4b\xf0\xf8\xed}$:$g\x10\xaa\
eE W\xc8\xf4:\xdaV\xb2\x01\xdc\xea\xb1\x85\xa9\
\xda\x8b\xdcUX\x17\x13XHnT\xac\x1c\xf7\xc2L\
\xcc\x91\x155\xf72p\xf9\x88i\xd56\x94+\x7fs\
H\x8b\x8ccJR\x83\x86Q\xbe1\x8c\x0f{T\xa7\
\x22\x82\x9bA\xaeu@?\xb2\x0b|\xde]\x07\x8e\xa9\
\xaf\xd8\x98z}\xb7<\x09K\xdf\xb3(q\xa1*\xfa\
\xba\xc2\x1d\xfa( \xcb\xcc\x8d\xaf\x80\xafZ+\xad\x98\
I\x1f}p\x7fZ\x07w\x984\xfb\xea\xff\x00i\x84\
$\xebO\x85*\xf5\xa17\xd4\x81\xe1\x10\x9b\xd32\xc3\
\xf3\xac\xfa\xf1xM\xcb\xe3\xc1\xd6\xbdx\xc2a\xaf\x9c\
\xfa\xa3\xdd\x93\xe5\x11\xee\x83\xe5GHyDt\x93\x1d\
4\xc6.\x22:h\xec\x8fuk\xe7\x07\xab\x1e\xec\xd7\
\xce\x0fD\x1e\xea\xd7\xcb\x1e\xac\x1e\xea\x8f,\x1a\xba\x81\
\xf9P\x7ft\xb3\xf3\x9fT\x1f\xddL\xfc\xe0\xf5c\x19\
\xb6\x07\xe7\x9b\xfaH\xda\x9e\x95\x1f\x9fk\xe9!e3\
\x92j\xbb\xf7\xd6\x8f\xf5\xe1Z\xbdC\x94\xe0\x1a?\xd7\
\x85!2\xe3\x0e\x0c5\xf4\xb0\xb05\xad\xd7\xe0\xa1I\
\xfdU\x08R\xb9\xec\xe0\x1f\xe7/z\xd1\xb512\xaf\
\xcf:\x7f\xad\x18!\xd5\xf0\xe9\x18J9\x9c\xd5\x0f\xde\
]\xf5!\xa5\xba\x87[\xbds\xa5\xac\x19\xe7\xf71\x00\
\x9dR\xcd7\xad*\xf3\xa4\xc0\x09\x96\x974\x14\xf7\x16\
\xfdX\xc1)\x1e\x00\x04q\x83\x84\x1c\x22\xb5\xefk.\
\x5c\xbb \xa5\xd4\x85Wq\x10\xe7\xee&\xc9?\x10B\
\xf5\x12\xa1<(\x96\xfd\x10\xe2\xd3\xad\x00\xe5t#\xd1\
\x0a+\xd6\x9e5H\xfd\x82(B\xf0\xdfp\xfa#\xb9\
\xbe\xea)\x96\xe8\x07\x9f\xbe)\xf1\xd5\x09J\xe6\xdd4\
\xcfmp/\xbe\xaf\x94\xe7\xa61Z\x7fN3O\xe9\
\xfac\x1b\x9eU\xfac4\xf9\x5c\xf4\xc7I>W=\
1\xd3O\x95~\x98\x15(\xf2\xaf\xd3\x04^O\xcbs\
\xd3\x1d1\xf2\x9c\xf4\xc1\xdaO\xcas\xd3\x07\xa1\xe5s\
\xd3\x04%I\xaf\xe5\xc1\xa3\xc4~S\x9e\x984\x9aX\
\xfc\xa5F\xcc\xf3\xa3\xf3\x8a\x83r\xd3|~qQ\x8d\
\xa90\xaf\xce*;\xa4\xd3\xcb\xafZ\xa3\x12\xb5W\xc3\
\x03\x07>A\x80\xda\x03\x9b[\xee\x1fD\x22\xa5\xda\x13\
C\xb0\x9fD6\xa7\x9bR\xff\x00\x09(\xf4Ce\xd9\
\x06\x94F\xfdZ \x06d\xdbE)K\xa9\x1b\xb2\x8f\
\x14e\xc9\x97&]\xf0\xe3\x14q\xba\xf9!W\xa5j\
Nu\x00\xc3\x86NH\xd4\xe5\xb1_4(\xcb\xcb\xd0\
~/w\xce\xc2\xef\xa2\x94\xe2\x91\xf4\xb0[u;c\
uc%a\xd5\xf5\xc6\xff\x00\xef\xe3\x8c\xe3>\xd8\xe9\
v\xc1\xdb\xed\x8e\x9c`\xbe\xd8\xdbV>\x18\xcc|\xa1\
\x1b\xbc\xb1\xf5\x88\xbcr\xf0\xc6\xcf\x98\xfa\xd1\xb0+\xe2\
\xfa\xe0\x5cI\xf9\x1f\x5cU)\xadz\x8c\x05!\xba\x8e\
\xa4'\xe9 kX\xf2#\xff\x00v\x078\x94\xff\x00\
T\xa8N\xbaK\xc3\xdc\xcf\xa6\x12\xaeg\x8a~'\xd7\
\x02\xeb\x054\xca\x9f\xf3\x80\x1bI\xc3,\xa3\x08\xc60\
\xef\x97\x1eL#j\x9eA\x1b\xbcP\xa0\xa3\x86Pu\
\x94\xda\xcf?L-\xd5]\xbc~\xf7\xf5\xc1\xba\x84|\
\xd7\xd7\x07V\xcaO\xe6`\xdd\x97\xfd\x087e1\xfc\
\x13\xe9\x8f\xb4\x8f\xc81\xf6\x97\xe8\xaa1\x92\xfd\x15G\
\xdaG\xe4\xaa*\xe4\xb1\x07\xf0L}\xad\xfa\x07\xd3\x18\
\xcb\xfe\x89\xf4\xc6,'\xe6\xd5\xe9\x80\xdb\xad$'\xf1\
g\xd3\x1d\x01\xff\x00w?I\x1d\x14\x7f\xdd\xcf\xd2F\
\xc2Q\xf3_\x5cP]?\x91\x17\x11Jx#\x03\x1b\
4\xf1\x08\xc0FC\x97>\xfa\x88\x8f\xae3\x8c#(\
\xc5#\xc9\x1d\x04\xfc\x94\xfa#\xdc\x9b\xf9\xb4z#\xdc\
\x1a\xf9\xa4z#\xedv~i\x1e\x88\xfb]\x9f\x9ao\
\xd5\x8f\xb5\xd8\xf9\xa6\xfdX\xf7\x06~i\x1e\xac^\xd5\
5\xf2\x13\xe8\x8fsk\xe4'\xd1\x1e\xe4\xdf\xcd\xa3\xd1\
\x1e\xe4\x8f\x90\x9fDR\xe2~H\x8c\x00\xf2\x08\xc8y\
\x04e\xedr\x8c\xbb9s\x8c\xeb\xdfVq\x9cc\xfb\
\xde~\xd7\x11\xfb\xd6q\x9f\xfeZrT@\x00T\x93\
\x80\x00fI\xdc\x04=gZ:ue\x22n]j\
i\xf6\xe5\x99\xb4m\x14\xb6\xe2\x0d\x14\x92\xf5\x9d%4\
\xc5A\xe0\xe4\x06\xd1\xa7\xb6x'{\xb2\x16\xdb\x08\xf1\
\xb8\xfd\x98\xdbi\xfc\xa5\x08n\xd2\xb0-Y\x0b^E\
\xd0\x0a&\xac\xf9\x96\xa6Z\xc7 \xa2\xda\x8d\xc5|U\
\xddWW\xf1\x09\xfbVuE\x12vl\x94\xd5\xa16\
\xb0*Q-&\xc2\xe6\x1fP\x1b\xcaZmD\x0d\xf1\
1\xa2\x92\x16\x1d\xa9e\xbe%f\xa7$&\xa6\xdea\
\xe6\xe7Y\x94#Y}\xb6\x92\x0c\xaa\xb5gX\x12\xa5\
\xbb\xf0s\xad=\xb9R\x88JR\x0a\x94\xa5\x1a%)\
\x18\x92I\xc0\x001$\xe5\x0e\xcbZ\xbagg.m\
\x85]vR\xccL\xcd\xac\xfa\x15\xc1B\xcefe\x09\
<B\x96\x0c\x09q\xa5k\x92''-\x1b\x22\xd6\x94\
c\xc6\xf2\xe5\x0bi\xaf\x15\x94\x8e4\x86\xad\x1b\x16\xd1\
\x93\xb5$\x1e\x00\xb57#0\xdc\xcb*\xa8\x06\x97\xda\
R\x80U\x08\xaa\x15E'x\x1c\x93\x96\xad\xab6\xcc\
\x8d\x9dg\xcb\xbb7;90\xab\x8c\xcb\xcb\xb2\x92\xb7\
\x1cY\xe0\x00\xc0\x00T\xa3D\xa4\x15\x10 \x8f\xf0\x9a\
p\xd0\x91T\xe8\xf5\xbaA\xa1\xa5A\xe6\x18\x83\x98<\
#\xf8K=\xfe\x8e\xdb\xdf\xd8#\xf8K=\xfe\x8e\xdb\
\xdf\xd8!\x0d\x8d'\x9aIZ\x92\x9b\xceX6\xdbM\
\xa6\xf1\xa5\xe5\xb8\xb9\x14\xa1\x09\x19\xa8\x93\x94K\xceJ\
:\x97\xe5f\xd8jfY\xe4t\x1ea\xf4%\xd6]\
G\xc5q\xb5%I\xea<\x96\x8e\x8bLY\xbaEk\
\xcfY.s{A\xeb2^DK36\x00R\xe5\
\xc2\xe7g\xa5T\xea\x9b\x0aHZ\xdbA@]\xe4W\
f\xa7\xf8-\xa6_5b\x7f\xbe#\xf8-\xa6_5\
b\x7f\xbe\x22\xd6j\xc1\x94\xb5\xac\xf9\xbb\x192\xee\xcd\
J\xda\xac\xcb\xa1f^h\xb8\x86\x9em\xc9Y\x89\x96\
UW\x1aq*F\xb2\xf2E\xd5\x1e\x9d\x04[\xfaK\
4\xda\x9db\xc2\xb2g\xadG\x1aN\x0atI\xcb\xad\
\xe0\xd0;\xb5\x8aHEq\xa5j\x01\xca\x1d\xd1[n\
\xc2\xb2$\xe5f\xa4g\xa7\xe4\x1f\xb3y\xd8zO\x99\
%.j&K\xef:\x99\x94-\x04\xa7Z\x940\xa0\
\xe5\xdc\x084\x874Zz\xcc\xb6\xed\x8bNY\x86\x1e\
\x9d\xf6-2Z\x89C2\xd2\x1fe\x95\xb954\xc5\
\xf7T\xcb\x89qA\x097+E\x10p\x8f\xe0\x96\x96\
\xff\x00\xe8\xff\x00\xef\x18\xfe\x09io\xfe\x8f\xfe\xf1\x8b\
Vv\xc2\x93\xb4\xac\xf5\xd8\xd32\xf2\xf3\xb2\x96\x9a\x18\
\x0e\xa7\x9d\xa1\xe5\xcb8\x95\xcb\xbc\xf3KK\x82]\xec\
\x02\xaa\x9b\xa2\xb8\x9a\x0e\xf5-\x97\xac\xb9\x85J\xcd\xda\
\xb3\x96}\x87\xafmJC\xad\xb1<\xb5\xaakT\xb4\
\x94\xa9\x0b\x5c\xb3\x0e\xb7x\x1a\x80\xb3\x1aG5?n\
\xbfb\xc9XJ\x90a<\xd2U\xb9\x99\x89\x99\xa9\xe1\
0\xe7\xdd\x94\x86\xdbe\x96\xa5\x8d\xecT\xb5-\xc4`\
\x00$\xbe\xab\x17NgWh\xa5\x04\xcb\xb7h\xd9r\
\xe2U\xd5\x8c\x90\xe3\x92\xf3\x01\xc6\xef| \x95\xd3x\
\xa60\xcc\x83\xae\xba\xd4\xba-\xc1`\xe9=\x95\xacW\
6\x98G;\x12S\x0e]P\x09\xd60\xa1\xaea\xfd\
]\xe2\x94'\xe2\xdd\xfd\xff\x00\xec\x852\x85]P\xd1\
[U\x94\x9f\x8d7.e\x07k\xf1hNSb\xce\
\xd1+I\xc3\xd4\xa9\x99\xeb2Y=\x8bX\xf6\xef\xcd\
\xcd:\x86%\xa5\x99q\xf9\x87\x9c7P\xd3,\xa0\xb8\
\xe3\x8b;\x92\x84$\xa8\x9e\x02\x06\x81\xfd\x8eD\xf3V\
\x0b\xd3\x5c\xcaU\x9b=Knv\xdfZUEMM\
\xbc\xd9\x05\xb9\x12E\xe4\xb4\x14\x1b\x0d\x00VWyW\
\xd9\x9f\xfb$i\x14\xc2\xa6T\x9a\xbdfX\xef\xb1%\
%,\xa5$\x1d[\x96\x94\xc3n\xad\xe5\xa1U\x0a-\
!\xa6\xd4:'x\x0cX:G;`\xda\xaf\xb7~\
As6\xcc\xa5\xa0\xc4\xca\x95}\xb6k,\xf8C\xce\
4\xe3\xc9\xb8W.\xe5j\x95\x04\x02\xa0S\x0fX\xb6\
\x9a\xdd2\x0cL\xb0\x8bj\xcb\xd6-R\x16\x9d\x96\xf9\
\x0an\xd1\x93F\xd0K\xa5\x93\xade\xc4&\xf1RK\
*$\xa4)2V\x9c\x8b\x81\xe9;BU\x89\xc9W\
E6\xd8\x99m.\xb4\xac\x09\xc4\xa1B\xa2\xb8\x1c\x22\
\xda\xd1{Io7#m\xc8\xb9%0\xe4\xba\xae\xbc\
\xdaWE%h&\xa2\xa8ZR\xaa{\xe0.\xd4V\
\xb1\xfc8\xb7\xff\x00\xf0\xeb;\xd6\x8d\x1b\x92\xb3m\xab\
J\xd9\x98\xb7\x18\xb4f\x9fT\xeb2\xd2\xe8\x96fI\
r\xad4\x10\x86\x01+S\xeb}\xc2TV\x02\x034\
\xba\xab\xf5K:Whi%\xadd>\xed\xa5hH\
\x89iIYI\x86T\xdc\x9a\xd0\x90\xf0S\xd7V\x92\
\xa2\xa5!H\xda\x15n\xf0V\xd5\xd4\xb6\xb7\xb4\xce\xdf\
y\xa4\xad*q\x9ec \xde\xb5\x00\xd5M\xeb\x12J\
\x91|l\xdeN\xd0\xadF1!e\xc9\xa4\xa2R\xcd\
\x92\x95\x90\x95A5)\x97\x94e\x12\xec\x85\x1a\x0a\x90\
\xdbi\xa9\xa0\xa9\xc7\x92\x7fI-\x8b*\xd0M\xa7i\
\xb9\xae\x9d\x5c\x8d\xab3(\xcb\xef\xd2\x8a}L\xa6\xa9\
\xd6\xb9\x9b\x8a\x19\x9d\xc2&\xb4\x87I\x11l\xc9\xc8\xcb\
'd{?4_\x9az\x9b\x12\xd2\x8dt\x9e}\xc3\
\x82P\x9a\xe7\x8c=ghm\x95h8\xcd\xa3i:\
\xdd\x87e)|\xf6}2\xee:y\xb3/:\x94 \
8\xb47wZ\xe9\x09H\xc5J4\x05Q2\xabU\
\xc6\x9e\xd2[|\xcb\xccZ\x85\x9c[\x93m\x94\xabQ\
g\xb4\xe6k\xd5\x17\x16^_En\xe2\x90\x91\x80\x8d\
'\xb3'm\x06\x18\xb4\xf4\x8a\xce]\x99e\xc9\x95V\
bio8\x80\xed\xc6\x93U\xea\xd2\xd0r\xf3\x84\x04\
\x0d\xea\xc1T\x92\xd2\x85\xc8&\xd1\x96\x0c?gO1\
yIxIN\x16\xf5\xeeJ\xa8\x1b\xa2a\x01\xb0Q\
|)'\x10F1/\xf6U\xb4\x9b\x99\x12\xb6\xa5\x98\
\xdb\xee\xdah\xb4\xdf\xb1\xdb2\xf2\xb5b\xfc\xfbW\xb5\
mL1\xab,8M\x0fs\x1d#\xb4\xa7%9\xe6\
\x95Z%\xa3C1f?lMJ(\xfd\xee`\xa1\
\xa4:>3w\x93\xd7\x0b\x97\xd1y\xbbbb}\xb4\
\xa9\xc5Y\x93\x96\xc5\xa3#hj\x91\xd2q\x12\xf3\x08\
N\xb5\x03\x1a\x96T\xe5\x02T\xa2\x02\x05\xe8\x99\xb34\
NA\xc9F'_\x133n?0\xe4\xd4\xcc\xcb\xa9\
IKz\xd7\x9d5Pi*PlSd*\x99\x00\
\x07z\x9a7 \x0e\x13\xdaX\xd3\x8b\x1cS'e\xda\
'\xb1o\xa7\xcb\x1a`\xdd\xb5\xa4V\x1d\x8f;3o\
J-2\xf6\xa5\xa9%g\xba\xe4\xabvzR\xdb\xcd\
\x89\xb7\x99\xd67\xae[\xe8\xaa/]RM\xeaTV\
b\xd3\x99\xd2\xdb\x0e\xd1q\x0d8\xa9[>\xc8\xb4\xe4\
\xed)\xc9\xc7\x926\x19m\xb9'_\xb9yY\xad\xca\
\x04\xa4)B\xf1\x17Ks\x08a\x7f\xe3\x8d&sH\
m\x87\x82o7# g\xcc\xf4\xc1uC\x01\xdc\xfb\
\x82)\x89Y\xaaRBM'4\x93Hfu2\x92\
\xc2\xebL\xa6\x86bve^\xe5+,\x8f~\xeb\x87\
\xc4\x91U\x1d\xc0\xba4F\xcd\xb3,i\x04\xdf,\xcb\
\x9b<\xdb\x13\xeae*\xc1\xd9\x97]*h*\xe9N\
\xb04\xc2P\x93\x92\x8eq-e}\x92$$\x17#\
2\xf8aV\xdd\x9a\xc2\xa4\x9e\x90R\x94\x10\x177)\
}l\xb8\xc2Mu\xaaoT\xb4fE\xd0iii\
\xa5\x91(\xd5\xae\xf3b\xcfL\x80QQ\x94>\xc9>\
\xd3,\xce<[!J\x96B]\x0el\xa8_%\x02\
\xf0\x064\x8e\xcf\xd2f,\xe6\xadk\x14I\xcd\xb2\xed\
\x9a\xcb\x92\xcc\xbf%6\xb7\x9aPS.<\xfd\x15.\
\xebh\x15\x0b7\xb5\xb5W\xbd\x10\xfe\x87\xe8d\x95\x92\
\xeb\xd6Je\xcd\xadhZm=6\x0c\xd3\xec\xa6`\
\xc90\xc3S\x12\xc1\x01\xa6\xddoZ\xb5)J\xbf\x82\
0\x8b?Lf\xa5\xdb\xb3^&r^\xd3i*\xfd\
\xce\xcc\xc5\x9e\xb2\x99\x87\x1bR\x89P`\xa2\x8e\x8b\xf8\
\x80Mb\xcd\xd1\x9b*\xc7\xb2\x9e\xd1+OH\x13b\
\xcb\xb2\x96\x9e]\xa8\xb930\xa6\x8d\xa9\xcf9\xc0n\
\xfaXJ\xa6\xf5A\x8d^\xad4\xce&\xf4\x93H\x1f\
\xd5\xcbK\x8b\x92\xf2\xcd\xd0\xcc\xcf\xcd\xab\xdc\xa5%\x90\
sZ\xcfI]\x16\xd3U\x1a\xe0\x95>\xbd\x19\xb3,\
{\x22\xcej\xfa\xd1.l\xf7-i\xa0\xc2Th\xec\
\xd3\xee9q&\xed\xddf\xad\xa46\x83\x92\xb7\xc4\x96\
\x88\xe9\xd4\x94\x8c\xa5\xa3i+Sf[6zW/\
*\xfc\xdf\xbc\x95\x9b\x96q\xc7\x03+{\xa2\xd3\xad\xaf\
VV\x08XM\xe4\xc5\xaf\xa52\x12\xcc\xcd\xda\x0c\xb9\
'# \xd4\xc5u\x02j~a,!\xe7\x92\x92\x95\
8\x86\x12V\xf6\xac(_(\x00\xec\xd6-\xc5i5\
\x9bf\xdb\x96\xa2\xcc\x82t}\xa9i_c%\x18\xaf\
:6\x83\xb6\x83\xad:\xb5\xba\xd2\x12%R\xcb\x08@\
u\xc5\xb8U\xafm\x0d\xa8-v\x05\xafeX\x08\xb1\
\x11gN\xcfL\xbfgJN\xb2\xfc\x8e\xa9 J\xa7\
\x5c\xec\xf4\xc3nkf\x14\x86\xa8\xb6\xd3Tk\x0e*\
\x00\x88\xd3#\xbeq\x16U\x9e\x9f\x0c\xd5\xb3 \x93\xfa\
\x01~(\x9e\x9f\xd1\x0eg\xcf\xedi!f\xba&\xe4\
y\xf9,\xeb\x9105\x0d^Ou\xd66\x93\x92\xc1\
\x02\x85&\x1bN\x97H\xd9\xb6\xcc\x8d\xe4\xf3\xa9Cf\
\x8b\x22\xd0CeB\xf2\xd8q\x9dZ/\x84\xd6\xe2^\
d\xa1G5\x08\x7f\xec\x8bc\x87m+-\x9b\x16v\
\xd7\xe6\xac\xfd\xb7~F]\xc7\x9f\x90ZhKS\x08\
[e\xb5\xdeMQ\xee\x97iA\x0e\xe8\xa5\xb5`Y\
\xd69\x99\x93\x9a\x9b\xb2^\x91\x99\x98p\xa9r\x94q\
\xc9Y\x9er\xaa8\xe1b\xf2\xd0\xb6P\xdd\xe2\x85\x0d\
X\xc2\xb6\xc6\x94Z\xca\xa4\x95\x91&\xe4\xca\x90\x14\x12\
\xe4\xc3\x80Q\x99f\xabZ\xbb0\xe9Ki\xa2TE\
\xeb\xd7H\x06-;\x02\xd0\xd1iK:R^\xcfv\
\xd0\x97\x9e\xb3\x9d\x99w\x9b\x84<\xdbm\xb1h\x17\xd4\
RV\xf8Y\xd5\xb8\xd2Z\x05hP\xb80\xac\x0b*\
I\xc5\xb55\xa5\xb6\x8a,\x95-\x18\x11g\xb2\xda\xa6\
\xe7\xc7\x11\xad\x09e\x92S\xb9\xd27\xc6\x9a}\x9b-\
\xb9p\xfb\xb2\xc9\x9a\x91\xb2\xfa%\xc4\xcb\xcaj\xdaq\
\xb6\xaf\x0e\xe6\xe5\xa1i>\xd4\xa1q\x06\xba\xb4(Q\
]\x18\xb6'\xad}#v\xcb\xb0l\xd2\x85<J_\
\x98\xb3l\xe0\xfa\xd4\xa9K2\xcf\xb3\x90\xec\xbb.\xbf\
q\x0e8\xa7]ZU\x86\xb5U\x0a\x08L\x8e\x86\xbd\
n{*\xf3>\xc5\xcdY\x93\xb2\xda\xe6u-\xda3\
\x1d\xc4%\x87\x16\xbel\xf2\x16\x8a\xad-\xa8\xa0\x9b\xab\
\x04\xd64\x02\xd1\x05&zj\xc8\xb5df\xdc\xc3Z\
\xfa,\xf7\xa4T\xc3\xae\x1e\x92\xcd\xe9\xc7\xd3x\xe5\x80\
\x8d\x03rb\xf5\xf6\xec\xe9\xb9T\x95W\x16$\xedY\
\xf9Yr+\xbbP\xd3`u\x0an\xe4z\xc8\xb7\xb4\
\xd2\xc2\xb3m9{\xba\xf9'\xe6\xc6\xbd\x8b\xc2\xa0:\
\x96\xc2\xf5k\xa7\xbcU\x167\x81\x1a2\xfe\x8b[2\
V\xdd\x9f!\xa3\xce2\xec\xcc\x8b\xba\xc6\xdb\x9cz\xd1\
\x99q\xc6U\x92\x92\xa0\xcae\xd5\x8a@7\xb6I\xa1\
\xa6\x8d\xd8\xb6\xe6\x9a\xd8Vu\xac\x15jN\xce\xc9?\
3\xdd\xe5\xd7;jM\xbc\xd2\x1d\xb8\x85$/\x9b\x96\
Uv\xb7\x93[\xab\xa2\xc1\x03\xd9M\x19\xb6$m\xab\
?Z\xa6y\xd4\x83\xc1\xd6\xc3\xa8\xe96\xac\x8aT8\
(\x0eI\xbb\x02\xdb\xd2r\xdd\xa9 \xbdT\xeb\x12\x96\
]\xadh&Y\xf1\xd2a\xd7\xa4\xe4\xded<\x8c/\
\xa0,\x94\xd4\x03\xb5P?\x85\x13\x9f\xe8\xe6\x90\x7f\xbb\
b\xcd\x1a;h;7\xa2\x96U\x9c\xdf1J\xd9\x98\
\x94*\xb4_S\x9c\xf9\xf7\xe5f\x02\x16\x97Su\x0c\
\xb6\xa56\x0e\xa4^I(r%m+J\xde~c\
M\xed\x19F\x97j\xcd9\xa3\xd6\xdc\xc7\xb1ju\x01\
N\xd9\x92\x0e\xb7g-\xab\x8c\xa8\x96\xde\x99eG\x9c\
\x14\x9b\xaa\xd5\x92\x5c\xfe\x14N\x7f\xa3\x9aA\xfe\xed\x89\
[v\xc0\x99f\xd0\x90\xb4\xa5\x0c\xd5\x9b2\x9b\xc9f\
`\x10\xa0\x8a\xd4\x05\xa4k\x13qxU$+\x84i\
\x0e\x92i\xe5\x9bl\xb6l\xe9\xeef\xfc\xd4\xec\xb3\xb2\
\xf6d\x9e\xbeaMI\xc8\xd9\xabq-\xcb\xb8\x82\x13\
\xdc\xda\x94\xbe\xe6\xa5\xa5:\xe0\x09mE:U-\xa4\
/\xda\xb2\x8dX\x8c\xd8\xd32\xaf\xd9o\xb0\xca\x94\xb9\
\xa7\xa7\xdbzY\xf11-2\x95\xb2\xf3L\xde\xeez\
\x97\x9bq\xb6\xd4\x97nk\x1asA~\xc4\xfa,\x1d\
\xb3l\x13'5=8\xda\x1e\xda\x9a\x96\x96u,J\
\xcb\xcc\x1b\xa1N\x05\xcc*ne\xf5^\x09qwS\
p ]\x86-\xdd6\xfb(Jh\xd5\xad598\
\xdbv2m\xad\x1d\x90z^VY\xe2\xc3n\xcc5\
i\x97&J\xe6\x14\x85\xba\x8d\x86\x93\xa9(\x22\xfd\xeb\
\xd0\xdatf\xd5rq\x16\x0e\x96\xa2^\xcb\xb4\xda)\
A\xb4\xa4[\xb4\x12\xdb.\x90\xd9R.\xcfJ\x14\xdf\
@\xfeP\xe0\x95\x0c;\xd5\xfb\x1fY\xd5\xdbrv\xdf\
\x9dR~+,Y\xac$\xf9_X\x84\xe9T\x95\xbd\
cY\x12/N\xcdI\xcb5:\xdc\xe3\xcf\xbd\xcd\x14\
\x1by\xd3\xcd\xdb\xba\xdau\xb7\x90\x90I&\xed\xec!\
\xbfft\xe6\xcdD\x95{\xa8\xb3,\xc9\x97f\x94\x9e\
\x0d\x99\xa7\x19i\x0a\xebRV:\xa1V~\x8dI\x90\
\xf3\xe1&~\xd4\x9a!\xdbByc\xf9W\xa8.\xb5\
{\x140\x8a!\x1b#j\xe2H\x93\xd1\x10\xe1\x16n\
\x8dY\xb2\xb3\x1a\x90\xa3qv\x95\xaa\xd79q\xf5\xa3\
-b%\x15.\xd2H\xf7\xa5B\x9cl\x07\x84\x93\x02\
\xdd\xb7,\xe9kb\xd7\x9e(B\xe6\x16\xe5\xa0\xd2f\
\x1a\x96K\xd7B\xd2\xc4\xbc\xbb\x8d\xb4\x1b\xc3\x10o\xe3\
\x95\x97hYR\xcc\xc9\xff\x00\x84V \x9e\x9e\x97\x97\
m\x0d5\xcf%\xa6\xde\x95S\xe1\x08\x00^}\xb4\xb7\
|\xef(\xc0\x08\x12\x137\x9c\x9cwC\xed\x99v\x16\
\xf5\xe7\x16\xe3\x96\x0c\xf4\xef\xb1\xea\xa9\xdaQ\x22\xcfa\
 \xd6\xbb\xab\x0bj\xd0\x9f\x97\xb3\xec\xebcG\xady\
i\x97\xa6\xden^\x5c*E\xb4\xda\xcd\xa9n\xba\xa4\
\xa0]D\x8b\xd4\xa9\xc6\xb4\x11\xa4\xdaD\xe2\xef\x9bb\
\xdb\xb4'P\xaaS\xb8;2\xbel)\xf1e\xc3I\
\xf1n\x8d+\x90bt5oOi%\xa7aY\xac\
\xa1\xc4\x89\x84\xa6\xd7\x93\xb3\x96\xfc\xca\x12sKR\xa6\
qG\xae\x87\x18\xb64\xdei\xab\xd2\xba9+\xec|\
\x81PII\xb5m\x14\xf7EP\x8a\xde\x97\x92\x0a!\
I\xe8\x97\xd3\xd5\x16^\x89\x07\x14\x9b;G\xec\x99y\
\xc2\xcd\xe3q\xcbF\xd5\xbe\xea\xde(\xca\xfa%\x12\xc3\
iW\x05(BlKCCm\xa9\xebni\xe9\xa7\
-\x9bJU\x9b\x22a\xbb@8\xea\xb5\x0d\x95M\xcd\
K:\x18j_V\xc8aHX\xaa\x0a\x8a\x95Q\x13\
\x9aI\xa3\xb2\x0b\xb2$\x9d\xd2E[\x16E\x9b~\xf2\
\xe4\x1b3\xfc\xeeV[X\x9c\x09d\xddH#\x84Y\
l+e\xdbWJ,\x91w\xa9\x99\x0bFm\xc1N\
\xa5!\x1eH\xb6\xf4\xd6\xdf\x94f\xd3U\x87>\xcd\x99\
eHM\xb2\x97\xa4\xd14\xa9tM\xbb:\xe3k\xaa\
\x1dq\xb4\xb8\xd2\x1aB\xd0\xa0\x9a\xa9]D\xb9+%\
),\xb2\x80\xd9[\x12\xec\xb2\xb2\xd8\xc46T\xda\x12\
n\x03\x88N]\x5c\x8af\xb43\xdaMb\xcb\xd3\xe1\
\x06\xd398|\x9c\xd4F\x9a\xe9\x04\xcc\x84\xb4\xc5\xa1\
-=eY\xf23\x8f4\x97\x1e\x94o\x9b\xcc\xccL\
\xa6]K\x07T]R\xa5\xca\xd6\x8a.\x88H\xbdv\
\xa0\xd9:^\x18e\x9bfF\xdd\x95\xb3\x0c\xca\x1bJ\
^\x9c\x93\x9e\x96\x9aQe\xe5\xe6\xbdB\xe5P\xb6\xeb\
\x88\x15\x17\xae\xa4&4\xea\xc1\x9d*z\xcdj\xd6a\
\x08eGa-\xda\xd6s\xad\xce\xb6\x81\x90\x0e\x06\x12\
\xa5q*\x86\xcb\x9d\xcc\xe8~\x98)\x97AQ!V\
jf\x8bK\xa9\x18\xa9.\xd9\x8e\xde\xeb\xbd\x9e\xf8\xb1\
\xb4/Dmy[V\xc6l7l[\x13\xb6{\xe9\
~Vfei\xad\x9f)\xacAR\x17\xcd\xd0\xa30\
\xe2j\x97\x1ayIB\xc6\x10\xdd\xb5>\xc6\xae\xdc\xd2\
\xed]\xa4\xfd\xf4Q\xd9{4\x0f\xf1t\xae\xd2B\xd1\
y\x04\xcc\xb8\x8a\xd0\xa9\xd4\x9d\xdc\x9fc\xc5\x8f\xb5\x84\
\xf6\x91%|5\xeab\xc9-W\xf3iz\x9f\x95\x0e\
KY\x08.\xbfe\xdaSs\x93\xcd\x22\xa5kL\x8e\
\x94\xb9=1\xb0\x9a\x95)2\xae\xb4\xf5\xdc\xee\xa4*\
4\xabGm\xcbb\xce\xb1\xad\x09\x8bQ\x9b^Y\xcb\
Ni\x89\x16&ey\x93r\xcbBffV\xdbW\
\xe5\xd6\xc9U\xc2\xba\xd1\xee$V^\xd9\x93\xb4\xa5]\
\xd1\xe9kkE$\x95jki$%,\xe7$S\
?3\xadPH\xd46y\xc2\xd4\xae\xa21\xdff\xd9\
z\x22\xcb\xb3\xb22\xba\xbb\x03G\xd2\x1b7\xe6\x96\xf3\
\xf7\xe7'\x88\x02\xa1\x97\x1c\xa2\x81)\xaaYg5\xa6\
\xe1\x8d\x1d\xd1v\x0d\xe4X\xb6\x5c\xb4\x92\x97\x9e\xb1\xe4\
\xa6\xf4\xcb\x95\xc3\x07&\x16\xea\xc6\xfcq\xe4\xb7\xf4\x96\
KNZ\x93j\xdc\xb4f-5KO\xd9\x0fNL\
2\xf4\xdb\x85\xd7[\xe7\x0d\xcf\xb2\x1cm*4l\xdc\
I\xb9AA@\x22kD\x1d\xb5\x9b\xb6^\x93\x94\x91\
\x99zq\xa9EI7zy\x812\x96\x92\xca\xe6&\
U\xb0\xd2\xdb\xaa\xca\xc5T\xa3\xb2\x00\x04\xe8\xfe\x92'\
M\xe4\xa4\x05\xbddHZ\xc2I\xeb\x09\xf7\x5c\x95\x13\
\xd2\xcd\xcc\x06\x14\xeam4\xa5\xd2\xde\xb2\xee\xb0!\x17\
\xe9z\xe2ktL\xd8\x8d\xda\x8b\xb5\xe6\xad\x1bAV\
\x94\xfc\xde\xa7\x9b\xb2^\xd4\xb7.\x840\xcd\xf7\x14\x94\
%\xa6\x92\x09+\xda\xf8 \xd4\xae-\xbd\x22N\x96\xdb\
6j\xad\xbbFj\xd4zM2R\xb3hjfu\
\xd5?1\xaby\xc7[p\xa1O-kJT6/\
]N\xc8H\x1f\xc3\xcbk\xff\x00\x08\x91\xfe\xd3\x1aG\
\xa2r3\x8fZ\x12\xd6\x14\xf0\x91L\xe4\xc2\x1bm\xe7\
\xd6\x99vV\xf2\x94\xdb{\x08\xa3\xcbq\x09H&\x89\
H\xaa\x89\x89)\xc5\xe9\xbd\xb4\xc2\xe6\xa5%\xe6V\xcf\
\xb1r+\xd4\xa9\xf6P\xea\x9a\xbf\xaeE\xfdYU\xdb\
\xd7\x11z\x95\xba\x9c\xa3\x1d;\xb6\xe9\xbe\x96L\x88>\
^p|\xc6,}\x16\xb2\x8b\xa6B\xc5\x94\x12\x8c)\
\xe3y\xd5\xed\xad\xd7\x1cY\xe2\xe3\xae8\xbd\xf4\xbdJ\
\xaa\x956\x14\x80\xff\x00\xea\x1a]*U\xf8\x12ve\
\xa6\xe7\xeb\xad\x1d\x91\xa7\xd3\xf7qz\xd5\xb1e\x02\xba\
\xa5\xa5'\x1e)\xff\x00\xf6\xd2b\xc5\x94RHnO\
D$\x8bj\xdc\xa33jZ\xcb]8\xd2\xeaA\x8b\
'M[\xd3{\x12\xcd\x91\xb4\xe4\x958\xb6&\xa4f\
\x1cT\x88m\xc7\x1b[o\xbc\xd4\xc6\xae\xf0\xd5\xd7$\
\xaa\x8aMR\x14i\x1a5aJ+\x9f\xd7Ll\xc9\
$8\xdai\xceXf\xd7i+}(\x0bp\x04\xa9\
\x86\xd4\xf5\xd0\xe3\x94N\x01J\xcc\xf7\xab\xa0\xf2u\xf7\
\x0b\x02\xd1\x99\xa7\xf9\xdd\xa2\x96\xab\xe3\xe6]\x91\xa1\x83\
|\xdbV\xa4\xfa\xbc3V\xcd\xa0\xb1\xfa\x17<\x5c\xb3\
\x96\xa3\x8d-2\x9aAd\xd93\x92\xaf\x1e\x83\xaa\x92\
\x93j\xcc\x99Bz\xdaT\xaa/~1;\xeb\x16\x1c\
\xcc\xee\x93X\xd6<\xf5\x91cIIZ\xf2\x16\x8c\xfb\
\x12\x932\xef\xc8K\x22Y\xc5\xa1\x87\xd6\x87_i\xcd\
N\xb5\x0aa\x0el\xa8u\x12\x8f\xf0i\x0fN\xc8J\
\xb7-\xa3\xb6\x02\x12\x92W8u\xee)\xd9\x86\xd3J\
\x84L\xcd<\xb5&\xa2\x81\xa4\x85^(\xda\x8d\x19\xd1\
)\x8a:l\xdb\x15\x99I\xd0F\x0b\x98}*zy\
$\x0c(f\x1fxu\xc6\x93\xd8.#Vl\x9bv\
\xd3\x92J84\xcc\xdb\xa9c\xc4Y\xd5\xa8u\x18\xfb\
4i\x84\xdc\x8a]\x9ce6\x0d\x9dc\xcd\xb8\x8a\x99\
f\xe4mY\x1bF\xd52\xc4\xef~\xfc\x9a\x1dP\xc8\
3w\x0cb\xe8\xa9\xa9\xcb\x89\xc8a\xc64v\xccu\
\xa0\xdd\xa5=/\xec\xd5\xab\x91W=\xb4\x82_\xd5\x95\
P\x12\x18cR\xc8\x0a\xc5%\x0a\x18e\x0b\xb4\xddm\
BR\xdb\xb0\xac\xb7\xa5\x1d=\x17\x15\x22\xcf0\x99B\
z\xdaS(*\xfcjb\xc6\xb4m\xd9-\x10f\xd8\
\xb3\xac\xb6[\xd2$\xdb\x93\xba\xbbUV\x8b\x0d\xd2r\
cR\xec\xc3N\xcc!\xf7\x12\xa7\xdb\xe6\xac\xa9\x08i\
i\x1d\x1a)R\xda!g\xfd\x89\xa5\xe4\x9d\x9a\xb4\x1d\
\x97\xb0\xad\xaakY\x9cvZ\xfb\xac\xbc\xb6\x10\xea^\
\x92\xd6\xa5\x95:\xd9*x \x01}AF\x91\xa0\x92\
\x22\x80=m\xdas\x01#\x0c$\xe4\x19da\xc0s\
\xda\x0f\x0cN\xcd\xd2\x8b\xb4t\xb2\xd4uG\xe1&^\
N\xcc\x95O\x90\xb4\xb1\xcb\xa1\xd2U\xfbgI\xa6&\
\x08\xe2%,\xb7\xdb\xec3\x824\x83G4\xb6t\xd8\
\xcb\xb4\xadDZ\xb2\xd6\xa3\xad<\xf4\x9a\xd0$\x99\x96\
2\x8esf\xdeu\xa7\x10\xa6J\xd2\xa2\x8b\xab\xd7\xd3\
\xde(\x8b#F4EO\xcdXvT\xd2\xe6\xde\x9c\
-:\xd7\xb2V\x92\xd0\xa9f\x92\xc3*\xa3\x8be\x94\
-w/#\xba-\xc0\xa4pK*\xb5\x19T\xbd\xb1\
\xa4\xb3^\xcd\xce\xb0\xba\xdf\x97el\xb6\xcc\x84\xba\xd2\
z.\x22]\x1a\xc5\x84\x92\x9a\xbb\x865\x89=\x22e\
\xb0\x99m*\xb2Zu\xc2\x84Q>\xc8Y\x84JL\
^VE\xc7\x18\xe6\xaeq8\x9e4\xb2,\x97\x1bR\
\xac\x89\x17\x05\xabn9M\x94\xc8J-*\xd4\x95]\
RB\xa6\xdd\xb9.\x90\xae\x90R\xf8Cl\xb4\x84\xb6\
\xd3HKm\xb6\x81u\x08m\x00%\x08H\x18\x04\xa5\
 \x007\x0eI\xb9\x1b9\xb0\xe5\xbbc>-\x9b\x1d\
>\xf9\xe7Xmh\x98\x93F=)\xa9e\xad\x09\xcc\
\x97\x12\x80\x01&\x91j\xe8n\x9a\xcb\xbc4^\xd6\x98\
Rf\x92\xeb*qvE\xa1w\x9a\xccs\x89U\xd6\
\xf4\xa4\xc2\x06\xaem\xa0\x9d\x925\x8a\x0b\x17\xa9\xec\xf6\
\x89\xe9\xaf\xb1r\xb3\xc5S\x0b\x94\xb1\xadK*nN\
\xae(\xa8\xeae\xe7\x12\xa9\x99!\xc1\xa5\x9d\x9c\xee\xe2\
!\x8e}\xf6@sGfX\xba\x1f\x9e6\xec\x8d\xa3\
36n\xed\x0fb\xc3o(\x15+\x10%\x98\x04t\
v\xb3\x89\x8d!\xfb\x1dZK\xd2\xa9\xf6\x97\xcc\xa7-\
\xcbI\xb7[\xb4$\xd6\xa1x\xb0\x997\xe5d\xcc\x88\
y\x14UC=\xd5\x14)p\x8a\xd6\x08S\xec\xa4\x8c\
\xc2\x9c@#\xc2\x09\x8f\xb6\x18\xf9\xe6\xfdh\xd3w\xd2\
\xe0u\xb6\xe7$eYZM\xe4\x96\xa5l\x89\x06E\
\xd5\x0c\x14\x92R\xa2\x920 \xe1\x1a+\x22^a\x06\
OG,IR\x9db\x01J\xa5\xec\xd9f\x94\x92+\
\x81\x05\x04\x11\xc6>\xd8c\xe7[\xf5\xbd\xa6\x95\x11\xb4\
\x9bGO\xed\x09D\x8e(6\xd2\xa4\xd0<\x17R)\
\xd5\x08m\x18!\xb4%\x09\x1c\x12\x91tv\x0e_\xb1\
\xfd\x9f{i\xdbF\xdc\x9c)\xea\x97\x96\x90e*\xf2\
\xcc\xa8E\xaf=\xbe\xd2\xd2\xd9\xe3\xf9\x12\x96u\x98\xc0\
\xf1^\xbf\xe3\xacHZ\x96,\xd3\x12zQc2\xec\
\xbc\xbf;%\x12\x96\x84\x9a\xd4]\xe6\x8f8\x90\xa2\xd3\
\x88t\x954\xe9J\x80\xbe\xa0h0W3b\xc8\x08\
\x95\xaa\xd3Vt\xb2\xc7nP\xa5\xce\x99\xd4\xfb&\x87\
.\xae\xbb@\xcb\xdeV\xf4\xc3Z_\xa6o\xcaMi\
\x04\xbaT,\xbb6MZ\xf9[5n\x02\x85L\xb9\
0R\x03\xd3A\x04\x86\xcbB\xebw\xaa\x15\x81\xbf\xde\
\xad\x8bn\xcai#v;\xb6|\x80\xb2\xe6\xd8\x99\x94\
ri\xb7%\x134\xec\xca\x5c\x96-\xba\x8d[\xf7\xa6\
\x1d\x04-%'d\x93\xb8Xz-\x22\xe2\xde\x95\xb1\
$\x1a\x91i\xe7pq\xdd]J\x9cP\x15\xa5\xf5\xa9\
J\xa5M+K\xca\xcc\xf2\x0b&\xdeK\x8cLK)\
N\xd9\xb6\xb4\xa8G<\xb3\xdeP\xa1(\xbf\xb2\xebJ\
\xfb\xa3+\xd9U3\x18\xd5BSNlUI\xdf7\
\x171f\xcf\x22d7]\x9b\xcd6\xb5\xb4WL\xe8\
\xf2ExB-\xb9\x89\x85\xe9&\x92\xa5=\xc6\xd0\x9b\
a\x0c\xcbY\xea\x22\x8b2\x12\x97\x9c\xba\xe6wf\x1d\
Z\x9d\x15\xa8\xba\xa0\x92\x98\x9b\xd2\xdd\x1f\xd2);\x1d\
v\xc2\x9bv\xd7\x94\xb4%f\x1fO:CheS\
2\xaaaY\xb8\x86\xc1[K\xba\x92\xbcB\x93\xb4U\
9\xf6,\x13S\x0e\xc8\xdarS\xadZ6\x88\x00>\
\xec\xec\xfd\x14\xec\xe2\x11Z\x0b\x8e!\xab\x8d\xde\x1b\x0d\
\x04\x82\xddE\xc9KSI\xb4\xa2R\xd4\xb2,\xe9\xb6\
\xe6\xd8\xb3\xe4%_e\xf9\xc2\xc3\xa1\xc6[\x9cq\xe3\
q\xb6\xea\x12\x5cK7\xefR\xee(QL\x00\x05\x00\
\xc0\x01\x90\x1c\x04\x0b&\xdeK\x8c?,\xa5;f\xda\
\xb2\xa1<\xf2\xcfyB\x85M\xdf\xd9u\xa5}\xd1\x95\
\xec\xaa\x99\x8cj\xa1+\xa7\x96W2\xben.b\xc9\
\x9b\x13A\xba\xe1y\xb6\xe6\x0bJ]3\xa3\xa9\x15\xe1\
\x1e\xca6\xe3\xb6\xee\x92-\xbdY\xb5\xe7[CbY\
\x0a\x02\xfbr\x12\xc9+\x0c\x02j\x14\xe9Z\x9cq7\
+B\x98\xd1\xdfb\xed\xa9[&v\xc2z{\x0bA\
\x0f\xb9(\xfc\xbc\xfae\xf5\x94\xe6\xc9S\x88}\x0a\x96\
A\x0a(ZT\x9d\x9d\x8e\x91\xb34M\xb9\xbe|\xe4\
\xaa\xe6ff\xe6\xc2J\x10\xf4\xe4\xe3\xa5\xd7\xd4\xd2\x0e\
\xd2Z\xad\x12\x80\xach7\x0a$rY\x12/\xdbO\
\xd8s6$\xdc\xcc\xd4\xa4\xd3R\x89\x9ei|\xed\xb6\
\x9a}\xa7\xe5\xd4\xfc\xb5A\x0c\xb6\xa4-\x0e\xa5HP\
\xde\x95(D\xa3gLm\xc6\xed6\xb5\xc2nq\xa9\
)5I\xcd\xa5O-\xc6\x14\x99\x17\x14]\x96y\xa6\
\x94\x18qI\x9eq\x97R\xdbk\x0c4\xe6\xb5N\xb3\
k\xbd\xcf4\x9e\xd6\x96^\xb2Vb\xd8\x0csYe\
\x8a]q\xa9\x06P\x19.$\xf4V\xea\x9d\xa04\xe4\
\xd1\xdd\x07\x95Kn\xcdXA\xebZ\xd1\x99\x18\xad\x87\
\xad\x06\x92\xd3\x12@\xf4v\x99F\xbd\xe1P\xa4\xabT\
\x14\x9c\xa1\x16\xf4\xfc\xbe\xae\xdc\xd2\xfd\x5c\xfb\xb7\xd1G\
e\xec\xb4\xd7\xd8\xe9m\xa4\x85\xa2\xfaI\x9aq\x07\x0b\
\xce$\xee\xf6\x8eZ\x8f6\xfd\x81o\xb9Me\xafd\
%\xa1\xceN\x1bS\xb2k\x1a\x89\xa5\x9a\x00]\xeen\
\xf4\x8e\xb2\xf2\x8a\xa1^\xc7i\xcd\x8c\xec\xbd\xe3p\xce\
\xd9\xb3\xb2\xef]\xddx0\xe4\xca\x0a\xa9\x9d\x08\x11{\
H\xb4\xed\x1a\x9c;\x95\x8bd\x9da\xe29\xc4\xf4\xc5\
\xd1\xe1\xe6\xca\xa7\x03\xb9\xfb'E\xd8\x98Jg\x1dn\
b~nq\xf3158\xfbh(B\xdcU\x10\xda\
B\x02\x97q\x08m7B\xae\xd5@&\x93\x8c\xca;\
\xa8\x9avVa\xb9g\xcdh\xcc\xc2\xdaRYt\xd2\
\xa6\x8d\xb8R\xbc\x05p\xc2&\xe6_\x96\x91\xb4\x9dz\
a\xd7\x17>\xe6\x91\xc9_\x9a*Q:\xe5\x07\x9f\x0e\
\x82\xbc\xee\xa8U=\x1c\x84\x7f\xd1\x16o\xfaGf\xfd\
<T\xd8\xb6Q<N\x90\xd9g\xfd\xbc\x7f\xd1\x16o\
\xfaGf\xff\x00h\x81\xfe*\xb3\x13\xf1\xbf\xc2;:\
\x83\xafe\xe2|\x80\x98\xd1\x9d\x1e\xb6\xa7}\x90\xb5,\
\xab1\xb9i\xd9\xbdb\xdd\xd6=}nSX\xe5T\
\xb0\xcaV\x19\x0a%U\x0d\xf4\x9410\xfc\xae\x833\
\xa6i\xd1V\xec\xd9\x11 \xad\x16\x92\x9a~]\xf7\x1c\
\x97J\xa7\x976\xec\x8b\x0e/\x9c\x09\xa5\xba\xd0\x0f\x1d\
\x96\xd0\x9dV\x00\x98\xb2\xb4\x83L,[J\xc2\xb1l\
\xcbM\x9bfu\xebe\xb7%g\xad9\x86\x1f\xe7H\
i\x96^\xa4\xc2\x94\xec\xc2B\x9ey\xd4]\xa5j\x16\
\x16H\xe5\xd0\xabB\xc4\xb0\xad;b\xce\x91\x94\xb5%\
\x1fU\x99(\xfc\xf3\x8cNM\xccJ\xad\x09q\x89d\
8\xe8\x0e\xb4\xc0\xb8\xbb\x97M\xc5\x8a\x8aD\xe5\x97`\
JLI\xe9\xec\xcb6\x85\xa5%(\xd8H\xb4e\xd5\
hO\xb6JZJ\xf6\x13h\x22\xcf\x0a,\x82h\x17\
q@\xde\xa0\x8a\xff\x00\xf3\x83\x1c~\xdf\xb7\xbfd\xcc\
\x7f\xf7\x83\xfe\xff\x00o\xff\x00i\x84\x81\xff\x00\xc5\xea\
\xd4R\xf5\xa1n\x04\xd7\xac\xaeh$\x0e\xb5a\xc64\
i\x9d.yS:J\xdd\x91(\x9be\xf5\x94\xa9\xc7\
'nm\xa9\xd5$\x00]\xa5\xddi\x00U\xcb\xdd\xf5\
\xdb\x9aO?S+bY\xd3\x13\xce$\x02J\xcbH\
\xeeM\x801\xee\xae\x947\x86;Q\xcem\x8b\xef\xb1\
9i=\xa4ZH\xf7I-\xc84\xe8s\x9a\xde\xb9\
w\xba\xf7\x19\x16R\xb0/\xb7]\xe2\x1ba\x94%\xb6\
Ym\x0d4\xda\x05\x10\xdbm\xa4!\x08H\xdc\x94\xa4\
\x04\x81\xb8\x0f\xe6\x16r\xc9\xb5\xa5\x19\x9f\xb3m\x06\x17\
-9&\xf8\xbc\xd4\xc3\x0e\x0a)\xb5\x80A\xa1\xe2\x08\
P4) \x80bq:#a\xb3e\x19\xf5Vi\
\xddl\xc4\xcc\xc3\xa9\x06\xf2Z3\x13N\xbc\xee\xa5\x0a\
\xc5-\xdf\xa6[\x92\x8b\xbf\xf9\x1f\x7f\xff\xc4\x00.\x10\
\x00\x02\x01\x02\x03\x07\x05\x01\x01\x01\x01\x01\x01\x01\x00\x00\
\x01\x11\x00!1AQaq\x81\x91\xa1\xb1\xc1\xf0\x10\
`\xd1\xe1\xf1 @0P\xa0p\x90\xff\xda\x00\x08\x01\
\x01\x00\x01?!\xff\x00\xf8\xb0\xccl\x8c\x22c\x8e\x03\
\xdajt\xf4\x82\x80\xb3\x83\xdf\xac\xca+\xef\x84E\xa6\
\xa17\xb8}L\x82\x96\x150\xdb\x14\xc0\x10A\xef\xb3\
*\x85\x06\xbe\x8e\x0e\x16KK7T\x01\xb1\xe5\x0ch\
\x1c\xa9\x93O@\x83\xdff\x09^\x0a\x8a\xc4\x05\xe60\
\xb8#hJ\xdb\x81\x8a\x1b\xd0=\x9bd\x06\xfd\xfb\x85\
\x02\xa0\xfa\x04\x1e\xf7Wx\xdc \x22\x1bBA\xa0\xd6\
\x10#\xefH<H\xaaB\x9b\xe6(\x8c\x02\x02\x0a\xe2\
\xfdIr\xfd\x5ce\xc0\x14\xaf\xb0\xcc\xc0\x0c\x9e\x94\x9d\
\x18\x843\x82\x14q\xbfz\x95,\x9am\x9bD94\
\x10\x89\xa8\x1c\x1f\x9ec\x12\xad\x1c\x1f\x10f%\x88\x8b\
\xdf\x19\xc2\xe4\x18n0\xd6\xf8\xcbX9\xf0!;\x83\
\x91\x18\x8a\xd6ACV\xcc\xe1\x0f\x0b k\xf9+6\
\xad0\x94\xc6\x07\x11\xf1hf\x192\xde\xf7_\x0c}\
\xeb\x10\xca\x00\x14\x11\xa9U;b\xce2`\xdc\xfb@\
\xdc2\xd3\x0e_\xc7S\x0c\x8e\xca\xa0\xbdJ\x83\xfc\x82\
a\x16\x96=\x04+y\xde\x03\xa4Ljo\x11\xdf\x0f\
7\xef\x07\x84p\x8a\x83\x00\x0dt?\x0e\xa5\x80\xac\x15\
\xa4\xe3\xf4\xadV\xcfOO\x8e~\xf8\xea\xd3#\x09a\
\x86w\x80\x14\x0e,\xa1\x97)\x11\xaee\xbfbi\xcb\
5iH\xea\xd2\xbb\x11\x85^\xa8{J\x8a\x0e\x02s\
1\xfc\x813\x9d\xfeL\x18\xe7P\x22\xe5\xfb\xecs\xbc\
\x0a\x00\x00\xae\x0d\xdf\x90\xe7\x8a\xc4\xd7\x11Wl\xacq\
\x8ex\x83TvO\x1c\xfd\xf1\xc1\x82\xa1\x9da\xc4G\
\x7f\xdcK\xbb\xd2\xd4\x88`#\xb2\xc4\xce\xb8K\x0f0\
U\xcfB\xabdO\x19\x1d\x00\xdc\x18\xdc\xa1\x82\x98\xee\
6\xbf\x911\x8b`w-\xfb\x18\x93wY\xd1(\x08\
\x02\xcd^.\xff\x00+C\x10\xd9>\xa0\x80AB\x18\
n\x10\x88\x10M^\x87\xc7?|l\xb0\x16\x8e\xc9U\
\x8c.t\x17j\xdd\x95\xb3\x11\xceP*\xa3h\x04\xbc\
V\x96\xa5\xba#\xd4\xf4\xb4\xc0\xcd\xc5<\xbfn\x81U\
c\xf3u.\x9b\x90\x16!\xe6\xe8 \xea\xea\xbex9\
\xde\xb0\x05\xb3\x95\xc3t\xcfM\xa3\xe0g\xf9\x00\x05,\
\x04\x94\x1cX\xc0\x02U<R\x02\xf7\xa8\x03V7\x94\
\xb5\xf4@s,\xc8&V\x8d\xfb)+\xc5~\xd6\xdd\
,\xb6q\xaa2\xcd\x17\x8ej\x94\xc4A \xb5w{\
\xdfT\x8c-\xd5\xae}w@\x5c\xa8Da\x95%@\
\xb5\xc2_/@\x81\xef|Lc\x10\xb0\xaf\x9e}E\
\x1e\x1f\x18A\x07\xcb\xce\x8ew\x8f\xa80\x8b\xdf\x14F\
\x84=o\x0a\x00\x80\xb4\x0d\x94\xb8\x8f\xde\x11\x95\xd8\xed\
\x0fN\xa2\x03Ah\xd2O/&\xbb \x85\xec\x00\xe2\
N\xd4}\xfa\x04\x1e\xf7\xa6\x19\x16\xca\x06\x84\x0e\x08l\
#\xcan\x8a\xa3\x97\x0bErp7\x80\xe8\x16\x80n\
1\x09\x03\xad!\x00\x08\xa1\x04F\xe8\xfc\xad\x87Z\x8c\
\xb4Svp\xc7\x90\x01\x1a\x9bD\xc5H\xbd\x02\x0f{\
\xa6\xa4\x01gX<J\x84\xa5\x80\xec@o\x8a&\x8a\
\xd8x\xd5\xca\xd15\x099\x8ft\xb0\x97v\xf8\xa4\xa3\
\x99\x83\xab\xcf\x17\xf3\x09\x1d2\xa6\x8c\x11\x86\x98\x8e\x00\
\xca\x04`d\x0a \xad\xff\x00\xcfR\xd5Eu\x1e\x81\
\x07\xbd\xb0\x8f\x1b\xcf9LW\xca|\xc2!\x0a\x03\x06\
\x19\x0c\xeaKN\xdcZ\xb0l\x9a\x22g#\x0bEP\
[\x93\x12,\xc4c\xccV\x09\x07\x11\x85\xb7l\xae\x83\
CM\xc1\x81\x884\x03W\x07\x8b-\xd0b\xd6J\x9f\
\x87\xeb\x95SR\xdd=\x02\x0f{\x9a\xb3g\x03\xd0\x94\
\x05hn\xb8o\xfc\x94A\xa2>\x0a\xf2\x82A\xb0x\
o\x19\x95Gw\xe8\xf6v\xc6R\x06\xebx\xc3o\x94\
\x1e\xa5#z8\xce\x7fh<X\xb4\x10G\x96\x87\x0d\
L\xae\x11|Q%\xd0@\x1a\xd0\x08`\x87\x9f\xb3\x17\
\xf4\x08=\xef\x8c[@\xb1\x83\x88\x16\xe8\xcc\xa4\xd4\xaa\
\xf3\x9c\xddZ\x0a\xbc,\x8b\x82\xb6\xeb\x84\x07to\xe3\
\x0b\xa1TTV\xff\x00\xa9[\x0bL\xf5\x02\x17\x1fc\
\xbb7\x17\x17`'\x06;E\x04\xc8c\xd6F\xba\xae\
\x01\x0c \xb2\x01\x00|\xf7,\xfc\xc6\xf4\xc2\x0f{\x82\
\xa5\xd2\x0d\xf8\xc4\x08\x18\x19w\xe5R}'\xf0\xd4\xc2\
\xa5\xa2\xc26;\x9c\xda\xd8+$\x0a*\x1c`\x15\x07\
\xdc\xb2s\xbc2\x00,\x8a\x86\xb5Hx:P\x04\x89\
\x1cu\x0eI\x0e\xd1T\x03\x99=U^\x96\x14\x88\x01\
`-@\x22j\xeb\x13/@\x83\xde\xe0\xc3\x9bAu\
\x13\x19+\x06s\x128\x9f \xcbixC\xa8\x1d\xb9\
\xc0\x0c0\xaa\xcf\x80\xf1\xc0\xf86\x06\xd8\xc5\xbe\xf0?\
\x84\x8c\xd1\x92xK\xbd\x82\x8eB\xf2\xd0pD\x02\x03\
\xb6\xa0\xdb\xf5\xcd\x08q\x9a z*\xc0\x8d\x1cf\x0f\
z\x9a\xff\x00\x04.\x0e\x19k:\xa9\xf5\xd4\x9d\xca\xc4\
\xc5\xba\x10\x03b\x96p\xe7\x02\xf9\xd1W(T\x98\x80\
\xb0\xd2\xedk\xca]\xf8\x87\xef\x028\x05e\xa5ix\
*\x82\xb5J\x94W9ioQ\xef\x93 \x02!B\
\xb7\x08I\xe2U\xc2\xcbS\x0a\xdc\xe1`\xf7\xfc\x06\xa6\
\x03\x12\xa2\xa3Q\x06N4\xc3\x1c\xed\x10\xca\x8e\x04\xa1\
\x13Ac\xe9\x1c\x8d\xb9\xcf\x01\xf1*\xfe\x07\xbeA\xd2\
\x0b]\xb0\x05\xfc1\xbf0%\x15\xb6\x8d.6\xb9a\
\x00\xcbC \xdb{\x8b\x05k7x\x08\x06\x19S\x9c\
 P\xd2\x13\x80\x821\xf0\xcc\x1f\xc0\xf7\x8b\x19\x8e2\
\xf6?\xcb\x13\xc7\x8a\x1d#\x5c\x0cV\xcb\x0e6\x90@\
\xf9v,>\x7f\xae }@%\xad\xd0\xfe\xc1QX\
\x10\xb72\x93\x04p\xe6\x05\x0a\x904\x02\xe3\x01\x1cb\
/e\xc6\x10\xce=\x9c}Y\xd8\xfb\xf7\x1b1\x98\xcc\
g\xfa&\x108\xc4k\x0c\x80\xb0\xa9b\xcf\x86\xe8\xb3\
S\x02\x05R\xcef\x94\x5c\x0b\xd5\xbeb\x22\xd5xw\
\x84A\x06\xf9\x85\xdec\xfe\x0e\xd1a\x0a\xc9\xe5\xe8P\
m\x1f2\x86\x07\x88\xf9\x95\xe4=\x1d\xe0\x06&\xe6\xef\
,]\xc1\xf0a\xb8FB\x8c\xc2kG|\xa6'\xc8\
z\xcc\xd2\x13\x1a\xba@J\x03X\x0f\xecc0\x8e>\
\xda\x22U\x14C\xd5E\xe8\x01\x83\x94AKC\xad\x1c\
L\xa3\x08Q\xc9(R\x1a\x80\x1d\x9c\x18s\xb3\x04w\
\x82\x01\x5cPw\x88*\x0d\xf4w\x942\xec\xc3\xf0\x8d\
2\xcb\x8d.\xed\xe0\xc2\x08\xcc \x95\x15f\x95\xf1q\
\x9f\xc1\xf5E\x15#\xa0\xd72\x93\x1d\x82g\xc7\xa2\x03\
\xe6\xb8\x07}\xc6\xe32\xf4\xaaP\xe19F\x85\xb1\x95\
\xa8|G\xa54\x10C\x0a\xc3\xc5`\x05R\x10\xa5\x0f\
2\x18H\xa3\x01a\xfd\xa3\x11\xf6\xda\x03\xd4z3\x19\
\xf49E\xec\x09\xd8>#\xcb 6\x02\x1a\x05\xb1\xb1\
gS\x0ce\xaf\x04Da\xe6aG\xaf\x8c\x0aY\xae\
+\xbe\x08A\xc4\x0d\xf0V\xe8\x5c\xd7u\xaf\x82\x1c!\
J\xb3\x8an\xb8z\xa4\x16F\xf2_P\xe0P<9\
\xd7\xe8,\x0dE\x02\xfb\xe6I\x12J\xd4\x03\x9apg\
/\x89\x11\x01\x81\x96C\xa0\xc0\xbf\x87\x1c\xe3\x8b\x9a\xa5\
\x0f\xa8\xe0\x83\xb2C\xab\x93J\x88\xdc{-|\x98\xa9\
LU\xbb\x8f9Wg`p\xd20\xe5\xd0K\xc1\x96\
\x0fs8\xcf\xf0P\x80\x89\xb9]\xd0\xa6\x7f\x04'8\
7\xc8\xaf\x14\xa44A\xb5\xe3\x03\x83\x0bc>\xabo\
\xa0I\x19\xdd\x97\xca\x0e\x19\x80\x10\xe0\x99\x00\xe5\x10\xe2\
\x03\x0f8\x0c9\xb14\xf3\xe62\x9eb\xf8@\xa7\xa4\
\x7fia^YJ\x02\xab!!,\xb6A\xe94\x17\
\x83\xe1\x9c\xd4GhPM\x5c\x94\xab\x0b!\x03\x89E\
\xa8\xd3\x1b53\x91\xc7\x1a-,\xe5\x01aq\x85.\
\xca\x06\xe3\x8c(\xe5\xfb,\x1e\x84\x9f\xe4\xc6`\xb0\xf6\
\xa6\x11\x98\xccf31\x10\x04\x04l!Y\xe2\x90\x03\
Z\xc0Su/\xc2R\xb6-b\x17x~\xd0\xe3U\
\xecx~\xc1\x8a\xd40,\x16\xf1\x8c\x01\xe5o\x17\x09\
\xc4\xfb\x03\xba\x9f)\x08C\x195\x13\x8c\xc8\x0cV\xba\
B\xe7\xcd\x81\xdf\xc6\xe57\xe2\x0c\xc5\xc2H\xb2\x1cx\
\x12\xe1\x02<\x22\xdf\xa8HR\x91\xe6p\x1c\xd7\xa44\
t\x88E\x00\x0d\x82\x117\x10\x81t\xbd\xfcr\xae\xa3\
\xbc\x88\xce;\xb8\xad{\xcex\xd0\x91\x0a\xe4\x99\x181\
 \xc6p/h\xe9\x0c\xda\x1a\xf9\xac\xcc\x22\x02\xbc\xfd\
\xa0a\xa0P\xd6\xb4\xbf\x9b\x97Iq\x06\x1e1r-\
\xee=a\x8c\x80lv\x84e\x18\x1c\x84K\x1e\x90\xff\
\x00\xc5`\xf6\xa7\x8e?\xcf\x81\xcb\x07\xcc\xa1(\x19\xbc\
L\xb9\xfd\xc0\xfb\xa0\x91\x0b\x08\xe8\xe5.\xf3.\xf4\xda\
\x8bU9R\xd24\x99\xa0\x03\x22\xa0\xed5\x98\x13\xc3\
\x98\x06\xfb)\x07a\xc2A\x0e\xff\x00\xa8\xc5]\xe6\xe4\
\xfc\x0a1\x5c\x16\x1d\xf8\xef\x9c\xa5\x09\x92R\xd1\x16\x0b\
dM\xb3lI`\x0c\x82U\x10\x0e\xe1\xa5\xa1$\xdf\
\xf8 \xacLQ;\xaf\x1eD\x8b\xd6<\x04\xd48{\
97\xaa~i\x13e\xb0P\xe5]\xee|\x9c\x00p\
\xf5p\x91\x05Fi\xe1\xd2\x18\x16e\x01-Qag\
\x8d\x1b\x88\x95\xa2\x94\x12/7\xc6\xda@\x17\xe8\xba7\
K\x1b<\xdf\x096\x1b_\xabr\x80f\x8bl[f\
\xff\x00?K\x07\xb5<q\xfex\x22\xe2\x80\xa8\x99\xb5\
\x08\x08T\x97\xf3)\x8a\x5cY\xd6gNA\xdc0\xd2\
Qr\xc1\x0a\xc2P\xb6w9\xca\x00\xbb\xa9{\xac7\
(\x9a-\xa4t\x22\x0d>+\x04T\x01]\xd7\xdeO\
\xc4\x0c\x01M\xbf(\x00BYw_\x9c\xcc\x04\xd1v\
\xcbl\xe3(\xe8:%V\xdb\x8fhs~C*l\
.\xb1\xbe\xfe\x92\xd7\xd5\xbf\x9c\xcaJ6q\x82\xea+\
,#\x09&\xdb`\xdfZ\x07\xc67)(F\xdb\x8b\
\xef\x03\x09\x96\xb7\x01\x06*m\xd6~ X\x01\x00\xee\
\x19PE.\xf23-\xd01\xa6)`q\x925\xe5\
\x84\x1c\x12\xd0\xd5-\x07TM\xa5\xe8\x84>\x96\x0fj\
x\xe3\xfc\xba\xd1\x80\xd6\x11\xc7u\xa5\xc1 \x01\xac+\
]q\xdc\x82\xd21\xedp\xbe\xf7\x18\x8e\xe6]E\x9f\
\xe4\x19\x08%\xff\x00G,%\xee\xb1\xa4.C\xd3\xba\
p\x1e\x8f\xdc\x14&@\x85\x0d\xa1\xb2\xbd\xa4\x1d\x88N\
\x07\xe5\x0au\xc3\xc60\xe1X\x0d!@\xaa\x16\x84\xc0\
5\x81*\xa6\xf0g5y\x84\x00\x00\xd0\xb7\xec\x18\x15\
(\xfe\x1e\xc8bQj\x1a\xf1\x04\x0c\xa7\xbb\xd0\x19\x04\
\x05\x9ceTk:\xf5\x9a\x9e\xc2'\x90\xc4Z\x1e\xd9\
t\x89\x1fC\xb0&\x08;\xfb\xc4\x0a\xc5RAo\x06\
\x15j\xb1\x00\xcc\x145\xe56\xc8\xf8<BR\x10^\
\x8eRS\xda\xbe8\xff\x00 \xd5\x16\x16Ds\xd5\xd8\
\x22\x14h7\xb8\xab\x95\xb3\x98T\x9a\x90\x5c\x0f%\x08\
^\xf2\xb3\xcc#\xc2\x04\xcfa\x96L(\x88\xf8U\x96\
\xb0$/\x9a\x06\x8c\xb8\xd5\xf5\x1d\x80\xafS\xac-C\
\x87\xc4\x07 \xc4i\xde\x09D\x00\xc1\xfd\xcd7\xd7\xee\
<x\x11\xf9\xf4\xbc\xa2\x829\xb3\xde2\x01P5\xf0\
\xc2\x13`\x87\xc8h\xaf\x86\xee\xb0L^+VP\xff\
\x00\x0cc\x0c\xa8\xeb\xf4\x15A\x80z\x147|CN\
\xc6\xff\x00\xa8$\xda\x08\xea\x22\xc120BU\xb4#\
\xc2\x8ePm\xc2s]Dn\x84\x088\x89\xbeR\x9f\
\xb2\xef\x91\x10r\x98\xa1DM\xed\xfb \x91\xbc\x0bB\
-\x0d\xd1\x80t\xac\xda\x9b^\x8d\xfbUE\x09\x87;\
\xa4\xd9\xb6\x98\xbf\x87\xe5\xcam|l\x95-&\xd6\xc7\
\x0c\x14H\xa2\xe8lT\xebC\x05\xe5X\x1aU1\xb9\
\x99n\x00\x08\x16Y\xc4\x82!\x84\xf9\xca\x88w\x88\x0a\
u<e\x0e\xc8U\x10l8UP\xb9>D\xa1\xe2\
\xc8)Y\x14\xd4\xfc\xcbVy@\xd44\xb1\x1e\x04\x02\
&\x07WX\xc1\x86\xd2\xe3D\xe2o\x03\xf2\x12\xea\x0f\
5\x94\x0b\x04n\x19\x84\x86K&\xf1\x94\xb0\x95\x06}\
\x11\xf0D|\x10\xb7\xe7\xa0R\xd0\x81A\x84\xca\xdd\x1f\
\xb8xtQ\xbc\x11.\xa0$[\xd05(\xa8\x0f\xaa\
\xb4\x8a\xa4\x11${\xec\xa2&\xa46\xf3.x\xc0\x8a\
\xd01On\x22\xdcsq\x805\x9b\x9b\xdeQ\xdf\x0e\
\x80\x91\x9b\xb7v\xf7.\xb0\x86\x1cC\xcc\xa3I\xd6\x1a\
\xdf\xa4\x19\xe0xa\xf3\xe9\xf12\xa0\xfdQ\x99\x81\x1e\
0\xca\x7f\xd0\xc6c0{\x14\xceG\xa0\xcd<r\xde\
o\x09\x86\x9aX\x8a\xca\x99r+r\xdb\xb4&x\xe2\
N\xa8\xe2b\xcbv\x02\x01\xf1]\xf3\xa0v|!\x1d\
\x04\xc5\x95\x14\x16\xf1\x06\x1b\x82\x82\xd9\x1ao\x968+\
xab\x01\x22\xd6C\x80*\xe2\xce'x4\x90\xaa\
\xf5\xf3\x94\x18sX\x08\xd95\xbc\x19\xa6_\xe0\xcc\xc9\
\xaf\xa31\x98\xccg\xd5\x98\xccf3\xe9r\xdb\x10\xa0\
\x0c\x80\x8f\xc46\x16r\xcc,X\xd0@\x0bMjr\
ks\x00\xc0\xb6\x0d-\xd0\x12\xc7@/%O1\x1f\
K\xec\x12N\xf42E|\xccC\xa3A\x82P\x82\x1d\
\xdc\x00\xbcL\xe0\xca\xeb\x06!\x80\x82\xc2(\xd2\x13\x94\
\xfe\xd4^\xc6>\x89\x05\xa2\x13\x02\x0a\xcbC\x8d\xe1\xbf\
F\x83\xd5\xaa30\xd4\xba\xa9B\x0aU\xa0_m,\
\x11\x96\x80\xa4\x06\xdb\xa0\xcc3\x0aTs\xac\xd1V\xc7\
he\xb3\x88\x06\x02\x15'\xb5\xb8\x11\x10Y\x9a\x0e0\
D@\x91\xa8\x89\xa2\x83\xaa\xe8\xa1\x0c\xa87$\x99\xb4\
;\xe2\xab\xc6\x18\x16Q\xe4\xf3\x8c5\xbcv\xe6\xf4\xde\
\x9b\xd3z\x0f\xfd@\x0b\xc1\x05\x22\xb8#\xac\xa5\x04:\
L\x04l+\xe1\xf0:\x04\x0d7C\x0f\xa3\x9c\xab\xcb\
\x19\xc2\xf1\x84Ck\x04\xc8i^\xf5\x96`\xaa\x0fH\
t\xfcD\x03\x8a\xfa$a\xaak\xa0\x9b\x07\x9c]\xe1\
jp\x069{\x7f\x15{(\xfa%\x02\x0a\x0c;|\
\xdd\x11-@\xc7`Z\x9b6\xc3e\xd69%\xb3\xe4\
\xef\x8e`\x22`\x07\x08m\xaf\xc8D\xc0,G\x08\x0d\
\xf0P\xc1\x0f3\x88#\xdc!\xea\x01\xafS\xb38\x86\
\x16\x00\xa6\xd0\xd4\xe8\xcc|\xca\xfaJ\x86\xbb\xe1\x1aT\
\x01R\x93[\x94$,e`\x80\xc5\x14QK\x7f\xd6\
\xfb\x11\x1bt\x8a\xa7[\x8a\xc488\x0b[\xa2/\xf9\
\x0a\x0c\xd4k5\xdd\xf9J\xd24\x86\x0a\x1a\xc5\x9a\xae\
\x0a\xddl \x09\x86\xe06\xda\x07(5\xc1f\xe0Y\
\xa1\xca\xbd\x5c\xab\x05M\xe1\xc2\x99\x85\x09\x92\x0d~a\
\x1a\x11;\x10J\xc5\x96\xed\x05\x88r\x80\x22\x86\x11\xf3\
\xe24\x1b\x98\xccf3\x0a1\x18\xf6\x0b1\x98\xccf\
30\x9a\xc0M\x81\x04\x22\xa8\xc5\xb8\x92D\x81\x98\xae\
\x5c3\x8a\x98\xa5\x00\x0d\xa07\xfc\x9a\x02\xc5\x92r+\
V\xabihT&YHX\x9be\xad`\xdd\xa8w\
\xd3tk\x10\xe5\xf1*IL\xfb\xa51\xefv\xb4b\
\xb2\xc0\xb4\xab;\x00La\x9b\xcc\x5c\x19N\x9c:A\
\xb6:\xc15\xcdi\xb4|\xdd\x11\xd7\xcd\xd2\xba\xf9\xba\
\x09\xa9\xd2jt\x9a\x9d&\xa7O\xfb\x10\xc261\xb7\
A7U\xea\xe0\x151\x19G\x86\xb9\xa1\x02\x91#\x09\
\x7f]a\x92 \xf9:\x8ekt\x1a\x83\x00]\xf52\
\x83\xac9Q\x00</ieq#\xb8\xd9\xd5\xd2\x94\
\x94&\xf1\x14 \xc2\xd0r\x07\xc38\x22v\xe6\x08F\
!*:\xac\xd7\xdc<8\xf5\xf3c\x93\x12\xae\x16\x18\
\xf8\x86\xda\x1d\xf0\xe9\x0c\xa9R\x08]#\x02\xf1c\x06\
\xd0z\x01\xecf\x0d\x04\xbf\x88\xeb\xe7\x9cbN\x98V\
VY\xcb|\xad\xea\x91\xc4+Z\xf1\xca\x13\x80m\x9c\
#L(T\xb6\x02\x9eR,\x82\xd2\x1d\xa5\xe9\xb7l\
R\xa8\x90T\xda\xc6\xef\xd7\x1c\xa8V\xe0z\x836\x9c\
\xa7\x9dF.\xb5^\xa6\x02 Ij)\xa4\x14\xf4\xab\
\xf8_\xe5\xa5*O\xa0\x89d\xec\x93\x0a8b\xfc\x8c\
JL\x10HUV\xc3\xbb\xf6\x0a\xd2\xb0_\x867\xc7\
@\x80\x8d\x894\xe0\xb3\xe5\x1a\xd3\x8b\xbc\xa8\x03\xd4\xa5\
?f\x10\x00\x0b\xa8\xa6\x9b\xe5i\xbf\x0c:E\xce\xc5\
C\x91(\x05\xfc\xa5[G\x18\xb9\xd4\x95b\xadA\xe8\
B\xc2\x0b+\xac \xe8)\xb2\x10\xd8\xdb\xc5\xa1T+\
\x10\xc6\xe0\x180\x1c^\xc76\xd1\x0c.c\x10\x9ay\
\xc2\x1c\xacb;\xc3nQ\x00P\xe0D\x14\x0eA\x93\
\x04.\x01A\x05n4\x80\x00\x06\x13\x01i\x9aO\x1e\
9\xe3\xc7<\xd7\xee<5\xdf\xc2\x12\xdf\xc5\x1f\xe4\xb7\
\xa6\x08U\x08)\x85\xc7^\x12\xae$we!\xeb@\
\xe1\xb7\x9b\xe1\x95]\x99\xe4Q\xa5(\xe7x\x22\x9aA\
\x02\x0f@x`%g\xc6;f4\x95D\x8d\xe2\xb0\
\xf0\xddC4v\x14\xac\xad\xb6\x06\x80\xf5E\x97\xb4*\
\x01\xce\xbc\xc9p\xb7T\x96\xc6\x1b\x8d\xb5\xbe0X\x11\
\xe1*\xbb\x94W\xfc\x81\x18\x9a;\xaf\x8c\xa0z\xcc\xd7\
\xe7\x138\x07$\xa6nS\xf8\x1e\xc2\xef\x01^T \
\x84\x82Z\xa6\x03p\xd1\xb0\xea\x84s\x89\xb8r2\xe7\
\x8c \x03\x00\x8b\xc0\xdc\xdf\x91^\x83X#&\x844\
y\xfb\x1cah`\xda\x8b\x16\x02\x0d\xbd\x19\xfe\xef\xfe\
<&o-*\x96\x88\x06m\x09\x0bI-\xe5\xf3\x01\
B\xc8Q\xc5G\xbce\xc3W\xa9\xaeJ\xc4\xb10\xe9\
$9\xd8\xe1F\xb75\xac\x19\x08\xb1kF\xdd\x5c\x8d\
!\xa0H!\xad\xc6\x10c\xd2\x93\x10\xbe!\xe5\xad\x1c\
\xef\x0fs\xc5\xf8\xc3j\xe2R\xed\x16\x1c\x9d\xb0\x88\xca\
\xe1\xde\x14\xf3ZC\xb9Nx\xb9R\x86J\x81\xae\x87\
\x99@*)\xe6\xf8]\x94\x9a\x82i\xb9LQ\xf4\x80\
\x9bP\x01\x83\xd8`\x95[\x99j\x02\xf2O\xcc\xbdU\
\x8a\xf9\x99\xe6\xe5h{\xedA\x22\xf6\x1d\x8fKa\x0c\
\xa81U'}\xf0}\xc5j\x1b p\xccL\x9eC\
\xe2\x16\x04\xbcV<0\x8b_8\x7f\x15\x7f\xa5\x82\x03\
\x11\x130!*\xd4\x1d\xfb\xe4\x83\xbb\xbdtM\x9b\x9c\
\xf5\x838H>gXj\xda`\xe7P\x83R\xe8\xad\
J\x13\x09\x1a\xa4\x18\xd64yPe\x07\x98\x1c\xde]\
\xb0\x95\xf4X\xce0\xd8P\x9b\xe4\xcdK\xd9\xe3\x0e<\
\x13\xd3\xbd,% \xc9b\x9d\xaer\xa2\xb1#v\xf3\
\xf5\xa4\x0d\xce0\xad\xab\x0cL\xabr\xe9a\x03\x98#\
\xbc\xbd\x01Z\x82\x1c\xf1s\x86\x5c\xb8\xfd\xc30\x17\x99\
\xc0_G\xc1\x84\xbd\x17\x8c\x14\x11d\x1e\xc1#\xe0\x84\
\x95\xa3\xd1>C_\x04\x02KV\xbc\xd8\x9a\xa0#x\
\xd1\xce\xf0vB6\xc6Mg\x93m\xeb\x0drx.\
%\x1a\x9b*\x90\xa6t\x862\xa2\x98\xb6^3\x0eD\
oz\x0e\xf9@I\xa9\x85h\xcf\xa0\x96\x0em\xa3\xcb\
4#3\x04\xc9\xe5\xff\x00\xcc\x87\xa6\x08#u\x08%\
r\x08l\xf3l\xb4\xb4\x16\xc3r\x9a\xb5W\xe6;G\
\xe4\x81\x0e\x03\xc2\xe26\xca\x1d\xca\x96\xef\xa3\xa8M\xb6\
\xc5\xed\xdeT\xc2\x86\x8fU\xcc\x17\x00\x88\x8b\x80\xc7j\
\xf5r\xb5#C8&\x1c9\x8a\xeb\x04\xc8b\xc8N\
\xbb-\xc1FU<g\xa8P\xb2&\xa2\xb7{\xe1\x1c\
\xc8\x11\x98\xda\x07\x0c\xb8\xc5\xfc\xd8\x05\xed\xf0\x0c\x8e?\
\xba;\x1a\xcak\x11\x9c\xd5\xf39\x07\x01\x5c\x0b\xedH\
'\xd2!}Tx\xf2\x86\x22&E\xba\x19\x18,f\
H\xccf3\x19\xff\x00\xddf\x00\xf4d%\xaf\x9a;\
\x85\x1c\x86\x05G\xf1\x0c\xe9T\x13\xe4\xefx\xa7\x83\xcb\
Xh\x11\x87\x84\xb4\xc11=M\xe9\xb6&~q\x9b\
\xc7\x016\xa7\x8a\xc3\xa01\x1b\xf6\x80\xff\x00\x9f\x04\x08\
YW\x12\x95\x88\xb4|\xa6\x7f.?\x92\xb0\xb1\x08\x1d\
\xdeF\x1a\x96R\x84\x8a\xe3C\xe6p\xc0I\xa0M\x87\
\x86\x06q\x22.\xa9\xb9\x954\x94\xd8(\x11hH<\
\x10xk\x10^\x18p7\xf9NP&\xc0\x08\x8e\xae\
\xf7\xe2\x86\xa4\xb4\xdd\xbe\x0c\xd4\x00!M\xab\xb2\xe9`\
\x9e\x03a\x1cq\x92\xb6_\x01\xf2\xc6+1\xe9\xe3\xce\
\x07Zp3\x1b\xc7q\x89Y\x8c\x1e\xe13\x0a\x02\x13\
{\xe2\x9d\xcd\x88\x19p\xc6<t\x0e\x85t\x11L\xc2\
\x15\x1e\xdfaw\x94^X\xe1\x10hp0\xf2k\xe5\
a\x14\xd4\x87\x9e\x86\x7f\x90\x07\xa9\x00\xc5\x8e\x82\xb7\x8e\
\x01\x94\xba?f\xe1\x0cNa\x8e\x09\xa7\xa9\x85\xdft\
\xda@\xd8\x99\xe1H\xf0U\x0cf/\xf3\xda`\x80n\
14`\xee\x94\x10\xd0\xcc\x00\x97\xc0|i*c \
\xb1\xdf\xde5P\x02*\x89\xd96\x06\xf7p\x16\xfa\xca\
;\xaa9G:\xdf J\x03%\xde\x1e*\x84F\xa7\
\x9b\xe2\xa8F#\xe5 \xc1Xi\x9e\xf1\xa4m\xa9\xed\
\x06/\xc6\xd21\xa4Z\xfe\x90\xdcS\xb8\xa5\xc1\xd4\xf8\
0K%\x93\xa0\x89G\x13\x8f\xd4F\xda/\xe6$\xea\
\x04B\xc1\xf8\x00k\x8d\x5c\x1b%\x5cn\xc1\x00J\x89\
\xfb\x12\xec\xf4J@\x1a\x0e9\xb5\xc9\xce\xf1\xd6*\x1c\
\x5c\xb0C\xb1\x8fc\x9e0X`\x08\x0d<\xd6\x04p\
\x02\x0a>\x1d\x92\xdf\xccDa\x00\x1b\x8ef\x1273\
\xc0\xa3\xab\xb8\xff\x00V\x08\x02\x15\xcf\x9eZ\x11\x96\xf2\
\xf0e\xef\xe1\xb9\x8b\x19\x05\x02T\xd5\xb2\xc6Z\x98\x15\
W!\xab\xe2\xcd0F\x08\xc3Z\x06|\x03]!\x98\
B2?C\xf6\x11\x91\x1b\xa9\xd0\xa0\xdb\x95\x00\x09\xb0\
\xeck|`\xff\x00\x880.bn<8\xe9GQ\
5sP`\xc9y\xc6j\xff\x00D8\xa6\xc6\x08A\
F\x86\xc9\x97n\xa7\xe6\x18\xc3aA-\xba\xa0t\x89\
\x82\xa1\xf8up\xa5Q\x18\x5c\x01\x16#\x16\xbd\x86\x9d\
Ot\xcc\x1e\xc8pA:\x8f\x00\xe7\x8c}P\xd1\x84\
:W\x01X\xdew\xfeB\x09\x1bPW\x82p\xf2\xb0\
\x94\x89\xd0@\x0dJ\x03\x00\x1bB\x02\x000\x00\xda\x1a\
\xa3ie\x8c6,\xd1\x88\x05\xc5\x91B\xc6A\x09\x85\
=\x9aA\x80e\xa2V(`\xa0\xf2\xa3\x10\x0a\xcf\xfc\
\xd6\x8eTn4&\x0d@+<&\x91\x805\xf3\xd5\
\xd0Ci\xabU \xb4`\x12\xd59\x0a\xaa\xef\xa4\x06\
p\x12P\x13\x12\xce\x13\xc0\xa5\x7f\x14*\xdcM\xba\xd5\
1\x08\x00;\x8f\x88#e\xb1tP$\x91\x11\x80\x08\
\xf9\xba\x08\xe5[aX\x04\xeaB\xcb\xe9\x0b\x98\x05\xaa\
\x98\x11\xc2\xc5\x12\x99\xc7\x7f\xe4\x10P(\x0c\xf2O\xd4\
\xdf\x8c\x11\x87\x5c$\x935\x06\xf08\x8d\x1a\x14\x01\x09\
%\x19&\xf5\x9e\xedR\xe5\x83*\x02\xb8n\xef\x12\x1f\
\xb0syh*\x1a\xaad\xab\x08S*\x14\x06\x93\xb3\
(G\x87\xa2\x11T\x8e0\xc0\x04\xd0\xe0a-\x00k\
\x02M\x83x'\xfb\xe9\xae\x0bZ\x12\xcf:\xc3\x97\x8d\
*\xa1\x8e\xd9[~|\xcb2\xdd\xe5CM\xc4@|\
\xbb\xb77\xae\xd9\xb6\x94\x09\xd7\xadv\xd2\x10\xfa\x0d>\
\xa2\x8a\xbcxK\x9b\xaaA\xeb6u\xbf8\x84B!\
\x10\xff\x00\xbb0b\xf5%B\xe0\xff\x00\x0b\x08\x04q\
\xf3({\x8d\xea{B\xc4\xdc\x86p&P\x0e\x5c\x8a\
~\xc1$%`|\x80\xc0\x0c\x9b\xdcDG\xd1C\xa6\
\xf8\x1a\x14\x80!\x9b\x9b\xf7LZVU\xeb\xe8\xed\x80\
;\xa1\x9a\xa5\x03Q4.\x01\x04\x0b\x16\xba(\xb7\x07\
\x09\xee@\xbf\x00\xab\x1an\x80L\x81G2\x14\x16\x84\
\xca}j\x99\xba\x97%4\xdb\x8c5,\x06\x0a\xa0@\
Wa\x03\xc9\x02\xa4\xcb_Z\xa8\x05\x04C\xff\x00x\
\xf0!\xb2&b\xf1\x94\x9c\xd2\x89+\xaa\x0a&\x99g\
\x95\x00\x12<\xf2\xf1X\xbaZ\x14\x16\x05\xa0tl!\
iW\xb6\x07\x14.\x16\x90IF\x1d\xee\xbfq$\xc1\
\xf9\xaa\x95A\x1d\xf0\x00Bm\xac8\xa1I#j\x9d\
-\x14@c+\xb1\x98F@\x83\xb43\x9b\xde\x9a\x1d\
\x95\xa5\x86V\xff\x00\x1a\x10\x1c0\xf4\x15\xd8\xfb\x800\
Jb\xd0b\x8e\xb1\x07\x01e\x09L\x96_\x92\x91\xda\
\xe4\x069\x14\x05\x22#\x9d\xdaTI\x9b\xfcBB\x8c\
\x84~\xc2\x9bX\x1e\xf5_\xc4\x11\x89\x8f\x85*\x145\
0p\xedx\xfb\x98L\xa5\x8f\xd9\x18L\x8b?\x9e\x1a\
?\x9f\xac\xd9N\xa0\xc6\xf0C\x92\x96\x87\xa0\xcb\xa6T\
\x10\x9c5\xa4\x19p\xb0\xe5u\x0f\x88\x1c\x81\xa0\x82\x1c\
\xcc<p\x1b/\x94aZ\x00\xa8=0K\x07\xfe\xf9\
%J\xea\xc6\xf1\x84\xe2K\xb5\x15\xd5\x9cv\xf9\xbab\
,\xdeXs\x80H\x96\xb0\x87\x15\x08\x91\x15k\x9f/\
0\x8a\x04Tr2\x88+%\x14\xe7\xd6;Y5\xf8\
\x94@S|#\xd4\x95\xad\xf1.\xfe\xfaKx\xedw\
\x8eC\x1ee\x04G dI\x8d\xc7\xa4$T%\xb2\
\x17\x83\x10J\x09\xa2\xc1\x8a\xa6\xf8A@\x1c \x0a\xeb\
\x00\x92\xc2\x04T\xaf\xf8\xea\x8b\xd2\xdb\xe1*\x90\x82\xb9\
[\xc1\x09&\xc5\xe9\x9d\xd1\xda\x155\x10\xc5\xed\xda\xb6\
\xa0Ar\x9aI\xed\xd7\xbc\xae\x1a\xe2H@\xc1\x13\xbd\
\x17s\x05\xb1\xa8Y\xd3|\x01\x90\x9b\xf6C2\xc1`\
;\xa0F\xebA=A\x87\xa8\xce\xda\x03\xe5\xc6%X\
h4W?\x8aB\x05e\xe4\xfe!\x15\x95\x9fH\x84\
\xc0\xc5\xd5\xd7x\x85l\x9a\x01\xfc&\x85\xd2\x01s\xac\
1\x13M\x80>o\x02\x22Y\xdd\x03HJ\x1e\x98%\
\x83\xff\x00|\x04H@\x84\x03a\x0a*{\xa6\xc1&\
\x0a\xe3;\xce\xce\xe5b]%Si\x80`\x10\xef5\
M]\xe3NRY;\x1f\xb2\xbb5b\xff\x00\x0b\x84\
\x1dA\xe3H\xc6\xcdi\xf5\x09\xb9\xfc\xca\x04o\xb9+\
A\xda)Bp\x04\xc0F\xe5\x049\x15\x88Z\xd6\xa0\
\xf8\x85)\xe5,\xcd\x0cC4\xa5\xda\x0c<\xaf\xa3\x1e\
\x18\xc7\x87\xfc\x18=z-\x06\x121h\xc2\x01!h\
l\x88n\xd9l\xc55X\xf3)\xc7P|\xd5|\x90\
\x83\x02\xd8\x10wq\xf8\xeb\x03\x11B\xea\x9a\xf9\xa4#\
\xcb\xb5W\xdf\x1aL\x81\x00\x13N\xc7\xecpC\x8b\xf2\
\x91\x96ke\xd0y\x13\xa8J=-\xfa\xe1\xf8\x0c\xc3\
\xd0!Rx\xf3\xd1\xa3\x94\xa4\x17\x80\xac\x7f\xe1(\x8b\
\x0e\xfb\xd9\x9bV0)\x1e\xda\xb3C\xb4l \x88\x85\
\x97\x8a\xc0 \xb0\xf4\xc1,\x1f\xfbhE\x14Qs\x83\
\xc3\x0c\x8a\x04S0\x15s\x0a\xbb)\x84.\xc0M?\
&\x0d\x00\x11\xcb}\xc9\x9e7\xacD5\xc1\xc3!\x84\
\x15\xa4\xe9\xa0\xec!\xd6\xe4:\x99\xbbO0\x80^\xd8\
;L'\x8c\xc0Wxa\x03t \x0a8\xca\x90\x81\
\xc2\x09A\x0c\x84\xa0\x08\xdf9\x81>\xe0\x9c\x89\xb2G\
\xac\x22*\xe5,\xca\xec\x10mu\x85\x83\xfb\xdb\xd6X\
\x0d\x88Z\xae\xe4\xc7Cw\xd4\xd17}G\x84N\xaa\
g\x85\xba\x02\xc4@K\x08\x09\x15\x22\x90\x11\x9c\xda\x1c\
b\xd63\x11\xf0\x7f6\xf5f\xba\xde\x02H\xa9\x07t\
\x13&\xe3Xi\xe3\xa1\xc0\x05(t\x80\xe8av\x05\
\x890[\xa6o\xb9\x8c\x0clH\x8dX\x11A\x1d\x8d\
r0\xa6\x10\x80\xbd\x84(f\x8b\x0e.9)eP\
\xcdu\x94\x15\xa0\x000\x81\xcf\xc3i\xe5\xdd\xa9ey\
9\xa9y\xce-BR[\x83\xb0=\x00\xfe\x88\xef\x11\
\xb3\xde\x071C\xb4\xc4\x93P$-\xbb\xde\xbe\xaa^\
\xc061\xa8 9\x8e\x90\x17/\xd2\xab\x95\x04\xcb\x02\
\xa9\xd4\xcb\xf6U9\xa9\x85\x16\xfd\xcb\xa5\x84\x07\xd3\xa1\
\x00|\xb01\x92\xa0\x0eR\xb9\xbe\xe8\xbe\x0f\xc19\x8f\
\x8e,vA\xef\x03\x08A\x8e\xa0Z\xd0\x86\xf84\x87\
A!\x95e\xbbf)80z\x02X\xf6a\x02e\
/\xd0,^3\xac\x0dQ\xb8gb_\x99u\xe80\
\xf6+\xd3WjuP`\xc4~\x94\x5cP\x81X\x0c\
\xd41\xb1\x9a\x86\x11\xde\x01g\x19\xfesyoF`\
\x81\x18\x1c\xdeR^Q\xb8|A\x5c\xdbR\xc4\xa7\xb6\
\x15! \xdeQ\x85\x1b\x95:J\xe2\xea|\x99\xa0Y\
Z8\x9e\xb1\xab\xaa\x80)\xc7\xa4?\x90\xa7Q\x85\xa3\
$\xe6o*!\xb82\xd3\xa6(<\x00\xe5\x0f\xc1\x94\
\xa8\xbe\xa9\x1c\xf0s\xc2\x88\x0a\x90-?\xe0\xbd\x86m\
\xe3)\xd8\x80\x0e`\xcbA\xd8L\xf9\xdeT\xfcDZ\
R7\x14\x8d\x9a\xd9\xfeAt\x8a\xd23>~@%\
H$B\xdd\x0a\xe2\x18\xa8 \x82\x15/A\x12V\x18\
\x937\x88J\xbc8\x82\xf2\xa5\xad_hX\xa2\xda\xf9\
BJ[\x83\xfb\x8d\x8e\x13\xe1\x04\x08at\xa0Hs\
\xae\xf7\x10G\x8b\xacI^\x06\xd8\x7f\x81\xce\x02@\x1f\
+\xc5\x82xg\x09\x03\xcc\xcf\xe6,\x0c\xf3\x89\xd9\xa4\
\xdf\xc9Q\x19\xbc\xfe\xce\xd0?a>e\xc3 hJ\
}1\xf1)\xcdF={L\xf0\x84W&\x11r`\
\x8d\x87\xf5\xa7\xa2\x11B\xe0<\xd6\x0c)\x07\x97E\x03\
\x084\xb4\x17\xb0\xb6\xc3\x94\x0c\x8b}\x0a\x0c\xd8\x0c\x02\
\xe7\x0dE\xbai\xdes\xe0}\xdc?\xa8\xed\xf89\xc3\
@\x04*\xc5\xafx\xce\x9cY\x8e\x06\x02\xbc\xa0\x113\
,\xee1\xd6\xd8AJP\x85\xcaVE\xcd\xfd\x96m\
\xe3(\x0a\xa3@\xa9\x0e\xc8\xbc F\xe8\xa1\x1c]\xee\
V\xa4!Q\xa9\xd5\xdc\xe7xV\x89\x02\x22\x96\xdd\x0e\
\x06\xaa\xd0r\xd3\xb5\xcb\xb0R\x82\xe9\x01S\xb4+\xe0\
\x12\xc8\xa1:\xc6\xc0\xef\x0dI\xef\x84\xf4Zn\xa1\x12\
\xecw\xc2\xe4\x0b\x88\xfat\x97\xc2\xf3~\x82\x11@\x0e\
\xce\xd0\x95\x84\x05o8\xfe\x1c \x05\x84\x93x\xcbo\
\xc8\xf8\x83T\x1c\x90B`\xb4-oG\xd2\x03\x01\xc0\
`\xa3\xb44\x10~*\x9c\xa4V\xe7\xf1C\x95\xea\x90\
\xe0\x08\xd9\xf4Bb\xa6'\xe1\x00'\xed`\x8b\xcc>\
R\xe1\x14iQ\xfc\xbf\xe0\x08F\xe2\x18\x14-\x09\x1e\
\xf7\x7fK\xa4\x11[\x02\xdd\x09P\xac\xb2\xe2\x82\xfb\xe6\
\x0f\x04\x05\x8e\x10`]\xcd\xbc\xe3/?!\xa0dW\
,F\xfe\xa24b\x0b\xadx\x9a\xaeB\x83\x01\x1dB\
\x9e\x91\xb6\xe7y\x83xa\x9b\xa8\xaf9Ln\xe49\
j\x16\xa3\xa3\x84\x12\x00o_e\xd8`\xe0\xae\xc9p\
(P\xe0\x06\xe4\xd4C\xd1U\xc4\xb18\xfeC5K\
\x8b\xbf\xbd\xe2\x84\xc4P\x07V\xad\x1a^\xf0\x94\x88\x05\
\xaf\xda\x89\x11\xb4\x10\xb0k\x01Z\x8c\xeb. \xe5\x00\
$\xca\xb8\x83\xe2Px\xc0\xd3\xac\x11aX'\xc4\xaf\
\x827\x00;\x077\x10\xcfPc\x88mM\xd2\x0eX\
\xe0\x10{K\xa5\xd1\x85n\x04\x0eP\x84\x0173J\
\x89\xdd\xf4\x8c\xcb2\xa9\x10'\x0d\x16\xc0(\x8d\x0c\x81\
\xc9iv\x22@@6\x10~Nq\xa470v\x96\
\xa5\xd8\x10.}\xe3\x8b\x91\x88?T\x89F\xc4 \xf5\
\x07\x9c\x18\xa4\xcc\xc3\x9a\x9er\xea\x0c\xfe\x186qv\
@\xe8\xa1\xc8\xd1\xc0\x0f\x8e\xd1\x22h\x1c\x15\x86\x86\xc6\
F\x006\xf5G\xc1\x00\x0b\xf52\xab@\x8bB\x02\xaa\
(\x94D\x05\xdf\xb0\xb8Q\x89'\xb9\x8e\xf6\xb0\x02<\
\xe3\x0e\xf0\xd9Z\x16J\x12Keg\x18ae\x91\x0b\
v\x93.\x89}\xc3\x08m4^\x85\xe8k\xe9\x0e\xe4\
\xa3\xb2\xa3\x0a\xac\x11*\x86I&\xe6\xb5\x86\xaas\x00\
\xc9{\xa0\xdej\x22\xbc\xdc\xb0Wf\xc8\x88i\x80\x86\
\xc3H\x06K\x10.\x9d\xe1\xb1\xec\xbb\x0c]\xcc*\xca\
\x15\x02\xbb\xdd\xc2\xa1\x1c@\xb1z2\xc6\xf5\x86\x1eB\
\x82\x96\xc1\xc3\xc7\x1dI\xa8`\x07\x07k\xea\x04h\x16\
\x04\xed\x08.\xa7\x08;\x8e\x92\xee\x14\x14\x87\x5c \xef\
\x05y\x16\x08\xe6\xac9\x07\xa6\x81FT\x02\x06l\xd4\
\xd4d\x87(\xce\xabH7I7\x9dv\x19T9\x05\
\xdd\x1bJ\xb3\xdc\xc2G0\x83\x96[\xa6P\xec\xa5O\
\xe0q7:u\x9by\xe5\x18\x02\x9d\xe4S\xefF3\
\x08\xef5K\x1a\xfb\x19\x96\xcb\x01\x08 \xe7\x08/\xa9\
6h\x91s=\xf3\x10\x91$\x5c\xcc\xb5\x12\xaf\x04\x07\
\x98q\x12WS\x07\x11^0\x84\x01>,\xd9\xe4\xa1\
\xe5\x90\xcc\xd0\x82\xd1\x0f\x84\xf3gX+\x1b\xd0\xcc\xde\
A\x85\x91\xf0\xd1\x08ZzT\x9bZ\x1c\xddO\xa4\x14\
\x80\x9bH\x92\x80\xb4c\xb3\x8e\xa5Z)\xe8\xa6\xc3\x8c\
T\xf2\xac\xa0AP\x94\xdd&\x86\x03\xe0x\x88\x7f#\
\xcb\xa8\xc0\xca\xa5\xa1\xb9\x8e\x90\xe2C\x5cR\x0c\xa8+\
\xb4\xd7Xc\x1c\xb3\x02LW\xc5\x17}e\x8bAA\
\xd6a\x80\x8d\xa1\xc3\xf60\xa0\x83\x84\x0b'\x13\x95:\
J=\x96\xc2\x22\xd0\xc4\x9a\xecc\x08>\xb1\x87\xc2\x84\
\x1aQ\x94\xbcc@\xfc?f\xb9\xd4\x1c\x8c\xff\x00!\
\x1c\xa0\x10\xabXR\xf0\xbd\xbeaZ\x1d\xd4G%\x9d\
\x08\xf9\x9b\xce\x81\x18#\x84\xd9U\xcfG\xd4\xb5\xb8*\
[\x0d\xe1\x0c\xe0\x19\x08\xc1\x8f\x90\x0fx8\x06\x0bP\
a\x04E\x1a?\xd8b4\xe4`\x92M\xcc}\xef\x96\
\xb1\xf3a\x85\xb2+\xe8\xc5u\x85\x86\xeb{\xcb\x80\x97\
\xa9\xf9\x89c@!\xd2\x02 `n\xee\xe0\xa6(\x19\
C|z!;\x15\xbc<\x04<\x9b\xe9]p\x84H\
\xb1\x1dq(\x90\x98\x11NP\x91\xd7*\xf8\x81\xcf\xa5\
\xa4v\xcf\x0a<9\xd0\xcc\x14\x99=\xbc\xfc\xcc\xb5\x03\
\xbe\x96p\xd5\xce9\x05 \xe0o\x06\x17\x1a\x92\x9c\x81\
\xd4\xec\x9c\x5cr\xc5\x06\xc9\x95\x87u\x19\xd6\x06\xa7/\
%\x1b\x5cM\xaa\xb7A\xf1\x06\x83\x86\xf6\xb6\x84f\xa6\
\x83C\xc1\xcf\xd5\x84o\x8ao\xdb\xc6d\x07(g\xe3\
R\x03\xe2\x8ab\xa7H\xfa\x02\x22\xaag\x94\x02u \
\x06\x03y3IF\xca\x19\xf6X\xd8\xc2\x96\x88$\x91\
\xb4-\xbd\xf5\x81\x88Z\x88o\xb3t\x1e\xfe\x98\x0e\xf2\
\xd8\xe0 \x1d\x05\x04VSi\xa1\x05\x01\xa1\xdcV\x04\
n\xa9\x91\x8fiV\xc2\x90!^\x9cD\x0f\xe4\xa0Q\
\x0c\x9a\x19\x87\x90\x91?NP\x84w\xd7\xbd8t\xd9\
\xadDN\xfb}@\xe8\xea!\x9b\x86\x1a\xef\x94c\xb8\
{\xb8+\x1e\x8f\x03\x81\x08\x067`c\xcbGL*\
Eb\x12\xd8\xbck-\x84\x01*\x10\x02\x043z\xcc\
$\xf2\x80\x02\x9c\x82&P\x10c'D\x14\xe4\x1e\xc1\
\x08PT\xdc\x8a}r\x80\x08\xd0\x0f\xbd\xe0\xec|5\
\x03\x03u\x9b\x1f`J\x1c\xb0\x19;M\x0e\x08\x18\x84\
\x0bS\x04b\x99\x8cr\x9c9\xe1\xb9\x85\x19\x8d\xde\xd8\
\x1f\x0b\x9c\x14Lb\x1e\x820\xc1y\xf6\xe4\xadP\xe7\
\x01\xa6Y>\x07\x06\xf3\x9d\xca\xd03\xfc\xb8 \xc9Y\
\x16Kr\x80\x90\x086m\xd1,b\x9f\x94Yqp\
c\x81\x91\x0e\x06\xbb\xdc\xe1\x9a\xa7\xb7\x94\xa0\xefj\x07\
%\xa9\xb4V1\x8a\xa8\xdc\xcc\x0a\x0d\xc0\x01\xa4\x0a\xcb\
(\xfc\x11\xe4\x866\x08*\x04D\xa9@\x1e\xccq\xb7\
\x80\x00\xd3\x0b\x1e]\x14\xb0Q|b\xeb-%:}\
\x1a\x8e\xa9\x16\x09\x07&\xe1P<\xd5\xc1\xd8ss\x87\
\xc3\x82J\xd9\xe3\x01E@\x1d\xa8\xbe\xd6\xdd\x09C\x22\
\xd1&\xad\xef\xe2\x08p\xedA\xca\x01\x93\xf1K>5\
\x8d\x09Z\x81\xce\xf0\xd3\x8c\x8at\x14\xe5\x01\xa4W\x9b\
\xe1s5o\x84\xdbpz\x04\xa0\x0ch\xdc\xa5\xf7J\
im#\xe5\x00i+\xb0+E\xc4\x00-\xe1\x87\x9a\
sL\x0bp\x95\x87<\x22>x\xdc2 \xa6\x15\x99\
\xfc\x94\x05\x11$\x0b\x1a|D\xedY\x00\x1d+\x00\x13\
V\x0a\x1f\xb7\xbeU\xc1\xc1wW\x0d0\x15\xa9\xf5\x08\
\xd8\x07v\x1f\x10\xb9\xc2n\x0b\x86,\xaeS\x0aWy\
\x15\xb4'\x1a\xc4\xd5E\x12\xbc\x07\x8bH\x8e\x8fo\xca\
\x06@\x85\xa8v\x89\x03\x5cY\x03\xa0\x83,\xb4\x89n\
\x18C/\x0c\xd2\x9b\x8b\x10\xac\x80=\x88W\x0e&\x0c\
FP\x98]\x0b\xe3\x9e\x18@J\xc3\xc5\x9e.3\xf6\
(\x04\xefP\xd6E\xa59\xaa+\xbee\xdd\xe4.\x02\
\xbcP\x95E\x91G\xee\x18\x02\x19XR\x06?f\x86\
\xb0\xc2\xcd37\xcf\xe6T,\xad\x11\xcd\x03V\xa2\xce\
\x8eb\xb5\x83\xac\x17\x06\xa7\xb0\x85\xb9\xd5\xca\xd8b\xb7\
\xecMMP\x0a\xd0\xf1\xd5\xa4>\x14\xfd\x80\x0f\xc2\xb1\
Z\x07\xae\xe8\x0e\xe3\x90&)\x1f\x04\x02\x01[o\x15\
\xd3\xc6\x03\x86 k\xd4\xbe!\xcf\x0e\x90\x0e\x1e\x80\xb2\
\x88\x99\x09P\xc3\xd2\x0a\xd0#g\xc4>`\x89\xdf\x08\
\x10!\x8dz\xcb\xb9\xe2?0\x82,y\xac\xa7\x90\x1e\
4\x81k\xca\x95\x0a\xdf\xda\xd0\x95\x88\xc3``\x04Z\
\x03\x99$A\x991[\xd2\x0f*\xb4$\x1bN\x8f\xb1\
\x85X\xa5\x901\xe6\x88]\x10\x91\xa4h7|J\xf8\
\xf1\x89}\xf1\x88G\x10\xe30\xc3x\x8a\xd3\xba\x04N\
C4\x1d\xa3\xa2\x8a\xebBz\xfd$B\xbb\xcc\x01\x95\
\x82T\xf1qex\x8ad\xb0\xc3\xf6\x18\x81\x01]8\
_\x94H\xdc\xaa\xe1\xdfl\xbd\xae\x98\x07\x80\x0e\x0a\x18\
3D\x1e\xae\xf3sP\x8ej\x02a4\xcbL\x04P\
\xac\xd1\x8c\xab\xec\xc4=E\xb0\x86\x05-l\xf5\xbe\xa0\
\xcf\xf2l\x9bOi\xfa5-\x8c(0)\x05\xb7\x1d\
\xaav\xeb)I\x0b\xdc@\xcb\x05\x9d\x97\x02\xcc\xa4\xd8\
\xd4\xe1\xd1\x0d`\xaa\x9c,\xc8\x83\xdfITpB\xd1\
4\x5cea\xcd\x05\xd1\xce\x12\xdd\x01\x91S\x09\x0b\x0c\
7zF\xc8\xad\xea~~!\x84\x0c\xf5|\x1a\xe5\x06\
\xa5\xb6\xbc\xaf\x00\xb4\xfa\xeb\x09\xa2\x92\xe0\xbc>#\xd5\
\xd9\x9c\xc7|o\x83h\x9e\xdf\xb8\x86\xc0q\xfb\x80;\
\x18\x19\xa1#C\xd2`\xa2\xb7\x8f/w\x96\xe1\xb8\x19\
\xa3\x16\x89DV\xa4\xc5\xe2\x05\x026:@\x5c\xd1\x95\
\x1a\x1bDH6\x89\xfb\x84 \x0d\x8b\xb8a\xc4-\x8f\
h\x22-\x22m\xd7\xc3tb~CA5\xc4\x22x\
\x03\x1f\xc9_Z\xb3l\xe3Ua\xd60\xb0\x19\xac\x13\
\xc8S(\x06\xc7\x14\xa7\x12y\x88\x00A\x19\x00\x85*\
8\x15\x86\xad\xe0P\x8d\xfd\x00\x0f\x09\xf6n\x11\x98#\
x=\x0a\x02\x22\xd0Hem\x841\x1c(\x83~\x96\
\xaeF:\x04D\x18\xf7M\xa5nEnZ\xf3D\xe0\
\xdc\xf1\x22J'e\x94\xe5\xac\x04\xbd\x229\xbf9b\
\xab\x1d\xc2\x11\x8e\xcaa\x06\x82#\xf5\x0aN\xf7)\x0b\
\xb5\xb1\x01\xc40D\x06\x12\x01\xa4:C)-R?\
2Wb\xe9\x021oLK\x92`\xc7\x94\xf2\x04\xcc\
\x8e\x182q\xf9\x80\x0c3a\xfc\x86hSHr\x00\
\x01m\x83\xec\x1b\xcc\xbe\x87\x18\x87\xc8O\xbb|KY\
\xc6`\x04Cg(\xa9\x09-\xc43\x03\xbd\xeab\xc6\
\xa3\xbc\x18\x06L`Yb\xdeT0\x14\xf3\xa4!h\
-\xf4\xa1\xd9\x0e y0\x03\xb9'\xb8\x08\xbc\x80\xda\
ho\xa9\xbc\x98$\xb7\x15\xae\x10\x02\x22\xa4F2\xc3\
\xddXxei\x11\xc8\xb0\x5c\xef\xe4\xf1C\xc5,\xd9\
\xc1Z\xd6E\xef\x84T\x00\x000\x10\xe2\x18M\x17\xa7\
\xca\xc2\x05\x88\xda\xafH\x04\xca\xc7\x08\x04\xc8\x17\xbd\xfd\
\x1d\xe8=\x9b\xe3\x8cf\x141\x1d|\xdd\x1c\x02\x00n\
\xf0A\x8a\xb7\x10\xe1@#`]%QF\x00\x09#\
|\x0foZX!\xd8\xe5\x86k\xb0'(i\xb5g\
r\xab{\x86\x04kg\x0f\xa8\x8b\xca\x01\x03aO\x9c\
`\xcb\x9e\xf2L\xb6\xf6\xf5\x84\xf3\x96\x12\x9f\x1e\x98h\
\xa7:\xb7\x0awG!\x16<0#1\xa2\xed\x11 \
i\x0c\xab\xd5\xc2\xb3\xc4\x87\xbb\x9ef\x07|\xbd\xf2\xa5\
\x80\xe5\x09\xb8(\xd0\x00\xad\xeb\x07:\x17\xe6\x12\x8bA\
P\xec\xd2TE6\xc0u\x96\xf80\x80\x89\x7f'\x8c\
:\xe67\xc3\xee\x91\xf3P\xed\x06\xd0\xdcc\xee\x82]\
o\xce\x5c\xd8\xa2(\x13\x99Qi\xd7P\x0e\xa6`,\
B\xb7\x0a9B\xaba\x81G\xaa\x19\x01\xb8\xc1\xa2k\
\x09\xbe\x90\x1aTd\xe5\xd8\xb6\x0d\xb7\x80\xc6\xe8\x16k\
d\xf3\xce\x883\xd37\xe0\x94\x03\xcf\x01\x85\xcc\xa7\xeb\
\x86\xd4\x02\x8a\xe4|K\x94\xd6\xec\x03\xd5\xc5\xd0^\xe8\
\x00\xd4CZ\x99\xbd\x1b\xc1\xec\xff\x00\x1cb:\xf9\xba\
`\xf5\xa6\xd1V!\xc9}\xe8|O\xcd!Z\xaf\xab\
\x8fB\x85\x19\xeb\xad\xcc\x11\xff\x00\x92ot\xdc\x1d\x06\
/\xb7\x8cs'3#2\x09\xcd\x86\x83\x10\xce\x09\xbd\
\x9f\xab\x0b\xc0\x06$m\xbc\x0f\x12\x06\xf4\xbb\x08R<\
n\x0cJ\x10\xd9\x14E\x5c\xc1\xb1ed\xe1\xa0\xc4\xf1\
\x0f\xb2!\xd5\x0e\x08\xf0\xf0\x83In\xf8+)>>\
\x04\xb7\x81\xf9VoEL\xedb\xdeL\x00\x04\x16)\
\xf3\x00\x92\x96\x99;@\xa48\xbc/\x18\xe2\xc3\x88V\
H\xea8\x9c\xd9\xa0\xa7s\xc6Y\x16\x10W\x0f\x94\x14\
1\x90\x1d\x8a\x5c p\x03\xcaqpu\xb5\xef\x87\xcd\
\xc9h*\xf3{\xdc\xc9\xcc\x1f\x8eo\x91\xa7_R\xfc\
R\xf0\xb2/^J\xd2V8D*d\xea\xef\x00@\
\x91a\xd1\x04\x07\xab<\xc7\xeeW\x08\xad\x84\x04\xd4B\
\xb6\x1d&\x186\xc2E\x93*\xa5b\x1e\xcfB =\
\x10\x81\xd6#\x00Y\x05\xaf\x00\x02\xc0\x0c\xc1l\x01\xe8\
\xf8\x80I\xddDx)\x90\x18%\xb1\xd0\xc3v\xa3\x9e\
m\xf3\x22 \x8e\x8c\x22\x12\x9bg*\xeb\x07Y\xac\xe2\
\x9cGW\x0c\x83\x19\x02\x06W\xde&\xef\x05\xc4\x13w\
\xd9\x8b\x83\xdf\xf3\x82_\x89\x22\xde\x82\xcd\xc2\x02S\xf6\
\x22\xb9\x8aqt\xcb\x11\xd9\xf4\xa5\x99\x5c\x9d/\x00\x7f\
\xdb_9\xe45\xd6\x1f\xe4\x5c\x8b;\xa60\x00\x05\x94\
\xb8\xb2\xab\xf4\x8dsC3\xe9\x0eI\xab\x90\xafp\x8a\
\x01l\xf8`\xb2NE\x1bNd\x06\xfa`\x90Q\xb8\
\x07\xa0K\x8c\x88\x85\xd0\x01\xca\x16\x87\x90;Gi\xd0\
\x9b\xa5bn7\xaf\xdc\x08\x10\x14\x89\x01\xca\xf0S\x00\
\x09\xbcTQ\x0fD=\xaaZ\xf3\xc5'\x8aO\x14\x9e\
)\x09n\x04@\x9d\x8c\x16\x0fI\x81N\xd1\xf0\xa3\xfb\
\x0c\x88\xecP\x0e,\xe0\xb9\xfcL\xd9\x01~8\xae\xc0\
]\xa3\x8f\xf7\x0b\x87\x0b\x90\x81\xed\x17\xbf\x08AC\x02\
)\xc9\x06\xe8\x07\xef\xfdC\xd4\x9e)\x80*\xb2\xd4x\
`\x05\x8f\x8f\xd4\xb7J\xd3\xf1\x0e%M\x8f\xd0KO\
\x81\xa4x\x8dw\xaaUT\x17\xe5A\x12H\xcdG\xc4\
\x00\x82\xa6\xea\x07\x97W\x9de\x1ee\xe3\x94L\x9a\xef\
\xca\x0dn\xe6$\xe6#W\xac\xd5\xb8\x04\x82\x09Db\
\x82\xb2\xc6@?\x1a\xb9Y\x00\xd0\x91\xcf\xed\x02\x03\x1c\
#G\x17\xce\x18\xd5\xef\xd6*P8\x09\xa0y\xac\xf1\
I\xe2\x93\xc5#x \xb7\xb7p\x8d\xd5b^<\xe3\
\x0e3\xcd\xd3&\xe3\x0e\x0a\xb3\xc7\xac\x0f\xe2\xdd\xfc\x12\
\x90\x08\x8d\x00tP\x11\xa8`I4\xda\xdfy_L\
\xd1_\x00[\x94\x1cc\x8a\xdd\x80r\x82L\xe3\xb7\x16\
\x07\xda\xaf\x99Yt\xb2#\xd4\x98!i,\x8f\xd4\xa1\
\xd4@)\xa2\xad\xff\x00i\x8b\x0f\x96pK\x8f\xc39\
\xb0\xae='\xfcL\x01\x09\x85\x00\xaeO^\xaer\xba\
\x93\xb5\xea\x90;\x03\xf2\xc6\x10\xb2\xadwX\x06\x02!\
\x85=\xe5&B\xc0w\xb7\xce'(VO\xe6&@\
V\x86\xd2i\x1c0;\xf9\x84\xd0#\x0d\x80|\xcaS\
\x93\xcd\xb0a{\x7f3\x19\x8c\xc6}\x1f\xa5N\xa9\xe2\
~a.8b%\x06\x02\xd0 \xda;_=\xa3\xcc\
\xda\xbe\xae`\x0fp\x8e\xbbn\x10k\x87v\x07\xb4\x06\
\xe1\xdc\x87\x5c\xfba\xbfU\xf1\xf2!\xbe\x83\x18}\x22\
\x09X\x98\xc9~\x83\xbe(\xec\x84\xd9\x02\x06)\x96)\
\xe6\xa0\xef\x99\xda\x17\x15\xe5\x94\x05\xbf(\xec\x049\xb8\
Q\xcd\x11\xf72\x9cf\xa5\xba]o\x04'\x83\xd3I\
.\x9b\xcf\xcc\x01P# \xa31\x98\xccf\x0b\x0fl\
\xa8\xa2\x8a(\x8f\x82>\xb0\x08\xbf\xa0\x90iU\x9c\xa4\
\x18\xc3\x14\x0e\xf7\x06T\x06\x02S\x87X\x99A\x83Q\
\xd6\x00\x16\x13\x7f\x9f\xa3`@\xb6|\xfd\x12\xee#\xb0\
\x87+\xd2\x0c4\x84L\xb9L\xdet\x81l\xe3k<\
\xd2b.\xbf1\xf6\x13\x0c\x17\xf0F\x14QE\x05\xbd\
\xc6\x87\xfbW\xff\x00$'\x08\xe3\xe01\x90@\x06I\
4\x0030\xcd\xbe@\x1f\xe8Atb\x18K\xa1\xb9\
\xad\x1a\x85\xac9\x16\x02\x95\x91\xa4\x15RjW\xfc\x15\
\x8c\xaa,\xb7\x15\x8c\x86\x000\xdc9\x86\x00\x1ah\xbd\
l0\xd5\x7f\xe1\x02\xff\x00\x80\x22K\xc0\x18\x90\x00\x01\
$\xa11\xaeR\xacW\x1a!\x9d\x90$S\xe1m\x9e\
\x1b\x14\x89\x8c+\x03\xf2H]\x04\x0c\xaa\xc4\x01\xde\x80\
\xf8\xf0j\x18\xe5\xb3o/\xfcC\xef\x1d'T\x92\xb9\
\x03\xa7\xad\x9b#\x1f\xb58*X\xd5\xc0\x02\x99@\x97\
\xe4\xb6I8\x08\x04\x99D\x02\x86\x07\xa2\xf1\xb6F~\
r\x91\xa32~\xa1\x83@\xfb\x88\x04\xb7\xaa\x19a=\
\x09\xea0c\x12\x22PB\xaa`\x11'\x1e4B>\
R\xa5\x06\xc1\x1b\x04YA\x18*h\x89\xc8\x8f\xdf\x97\
\xef\xc8Q\x09B\xb8:'6\xd7\xda\xad\x05\x93!{\
jP\x89kPo\xc3\xe7\xd5Up\x00\x12\x11\xc01\
Cz\x18D\xd8\x04\x12C\x05\x00\xf7\x1e\x8b\x1c8\x00\
B\x00e\xfe\x06\x11\xcc\xf5\xc4P\x05\x8bP b*\
\xbeW\x83\xcf\x8b\xc9\xff\x00m\x00-\x18\xb7b(\x90\
\xe6\xa3R\xa1\xb4\xc3\xae1$mF!\x00\x1cxl\
\x04\x9d\x89\xb5a\x07\x80\x07GV\xf1\xf8\x07\xe1\x0a\x97\
\x08\xac\xd2\x15NV!\xc9\x0aN\x01Q\x0a\xc4X\x80\
\xec\x0c\x0cD\xca\x97\x02\x22\xc0,\xa0F\xa4<S\xa4\
T\xb4\x05%o\x80\xf0\x1a \xce\x19\x96\xbb\x1d\xf0E\
@E@\xce\xe9\x9a\x04\x84\x90\x13B\x00\xc1\x1e2C\
{Q\xa5\xf2@\xfd\x02\x80\x89\x11\x14D\x90\x84\x08\x11\
b\x11\xcb\x9a_\xa3E64\x98\x14\x111D\xd0\xe3\
0\xf4)f\x17vt\xde\x98\x00\xe5U@zOD\
\x8f^\x83(\xd5\x86\x81#\xad\xc8\x22\xfe7v\xfbD\
\x89\xae\xbc\x05\xc4*6\xc4\x05\xf0\x19\xf1\x87d\xe3g\
\xf8\x1c\xa2\x1e\xa6q\xadp\x88\x22@7\xe4\xdf\xc9\x1c\
T)\xa1\xf6\xadV\x89\xb1\xb3\xa5c\xbaa\x8bK\xd2\
\xfb\xa4T\xa8A<\xaa.\xa8\x86\x82\xd9-IBF\
\x93\xd2T:(\xaa\x12\x86\xb0\x02T\xd5,\xbf \x83\
\x5c\x18\x80\xf6l\xba\xd6\x94\x11&\xe9\xa0D\xc4k\x0b\
SHm\x89\x9eW\xa6.\xb5\x0c\xd9\x15\xa23+\x97\
#\xb3\xa5\x19\xf8((\x03\xfe\xaf\xb1\x0dJyr\x09\
+9JE\xbf\x86t\xbd@\x10S@17z\x81\
\x8e)a\x0a=\x84\x02K\xa5>\xad\x0ba%\x0cP\
xc\xccJ\xa6A\x02'\x10\xde\x84\xc8R\xca,\x12\
\xbbi\x0b<\xc1\x855\x19\x84\xb8\xf7\xce\x85$\xb0\xc4\
)x\xf9\xe7> \x1f\x04\x89\xa7\xf4T\xc0\xdf\xae\xf1\
o\xb6\x8e\x11\xee\x94&\x06\x85Uu\x00(\x93$\xa0\
\xe6\x13\x1a\x91\x90#!W\xe6a\xc2\x0c&\xf4\x88\x8c\
\xc8\x09_9Bz\x03\xf2I\x10\xf9\xa8_\x02r\x03\
\xb2\x13Pm?\xae8K\x14\xc3\x90z\x04Z\xd3\x06\
\xf8\xda-@\x8bD*=\xd8%\x1d\x88\xd4U\xb2c\
\xe8%m\xd0\xec\x08\xc4\xe0E\xa6\x84Q\xc7\xde\x8b\xc1\
\x90R*p\x84\x7f\xf0\x12\x06\x90\xc1@\x0b0t\x82\
i\x97S\xba\x00z\x03i\x84lJ\xcf\xe5D\xac\x0a\
\xa1\x037\xea\x8cHC\xd0\x8c\x88\x87\x12\x0bOL[\
\xab\x9e\x11\x14\xba\xa1\x89\xa0\xfd%^\x19\xac\xac}\x0c\
\x90\x86\xa2\x91^\xce\xa6\x18\x0fNJ\xec*\xdeZ\x19\
:F\x01j@\x13M\xd8*\x0c\xd3\xf4\x81#\xcb@\
\x0dbO\x98$D\x93\x81o\xae*HL\x9f\xa0o\
T\xfe9\x8b\x94\xb03\xf0\xe5-9\xe6Ay\xbe9\
*\xa2?D`\xab\xba)\xa38C\x08\x12\x86\xaeP\
2\x00$\x83\xda\xd1\xaf\x84\x22\xbf\x84\xdf\x161\x02\xb6\
\xa2\x0b^\xbf@\xa0q\x1a\x1c\xea;\x1e\x9a\xa5\xec\x07\
-\xa8\xbc\x12hX\x91aD\x86W\xf0\xf0eQJ\
\xa8\xb0fa*\xccu4 L\xb1\xae\xa2X\xc8\xc0\
`.\x86\xb4\x85\x90,\x9c\x96\x9c\xa2\xd5\xeaO\x04f\
\x19\x88\x8a\xae\x89\xa82\x1a\xc2Q\x03\xe1\x1c\x8a\x0b\x80\
\x08\x00\x80\x14\x80\xa0\x1a\x8a\xe3\xad\x19)\xa6\xac \x0c\
\x15\x94\xd3\x98\xd0p\x1c3=BN\x0e\x84\xdb*F\
\x04\xca\xd2\x85\xc9[\x99y\xf3\xc1\xf5\x85+\x059\x1c\
D 2\xa4X\xa1R\x02\xd3\x8a\xc5\xde\x99\xacT\xd2\
\xea\xc7\xcbl\x12J\xf2U\x1ak3\xf0:\xe1\x82\x01\
\x00\x12T\x80C\x0fE\x06\x0fz\xa1\x83\x10E9R\
\x1a=\x7f\xcalv\x03\xa5\x14\x82\xf0f#\xc2\x86\x0c\
\x03J\x0e;\x9fO#\xf1\xd1\x01VK\xb4\x0e\xe0\x89\
\x16\xf9-ZI\x0b\xa8B\x08\x83\xe0\x06\x89j\x04J\
J\x8e\xfa\x9b\xd7\x5c\x0f\x17\xa8}\x0a<Vc\x11x\
\x01\xda\xe3D\x13\xda|7 !\x8e\x00\x91\xc0\x12\x03\
\xff\x00\xb1\xc6\xfd\x19\x82\x22@NN\x14\x9c\x14\x18q\
V \x06*\xe3G\x7f\x07yK\xe0D<W\x1bq\
b\xc0\x0cH\x10\x08\x09\xa9\x9fG\xb70\x09(\xe7J\
\x02x\x1a\xe9\xf3\x0f\xc0?V\x81%\x85\xbbe\xf6\x9f\
\x0a\x02\x01\x086\xca\x05C\xcd\xe2\xcch\xaf\xe9\x86\x1e\
w\xd9\xe6\xc6\x81r\xf4\xd6\x87K\xe1\xea\xa6\xe3\xf0\xe2\
&\x0d\x90\xe4\x10\x80g\x02^j\xb7*g\x98! \
\xc4\x02\x08'\x02Q\x91\x82\xd0\xdb\xc1B\x80\x0e\xd1\x9a\
\x9a,!%\x8b.\xea\xbdIa\x17E:\xd5z9\
3\x06\xcd\xe6\xbb\xf0\x04\x1c3\xb1\x19\xa1\x90\x06\xd1\xeb\
\xd1\xc5\x16\x11h\xd0D\xc9X\x00]\x14J\x85\xacb\
1\xedc\xa5D\xd8\x9b\x8f\xac\x0a\xc1\x0f~\xec\x82$\
5\x01\x87\xa8I\x8c\x95,q-\x14\x00\x15\xc9E\x0d\
\xf0\xdf\xfdU\x00b\x81\x95F\xf41\x82BIlD\
 c\xf8}'\xae\x0cw \xa0/\x19\x96\x1f\x10\xd0\
\x16\xc1\x8a!E\xdc\xbbi\xea\xa0\x09D\xa6\xa9\xe8\xa8\
\x02\x16r@\xb94(\xf0\x17\x80\x03\x0b&0\x12v\
R\x04Lb\x83\xd7\xa0YW@\x06T\x92\x81\xee\xb5\
\xd8\xad M\x98Y\x0f\xcd>c\xa1^\x90\xc6\xe1\x93\
Dt\xe8\x02 h\x03@\x10\xa0A2\x91\x1b\xa1x\
\xf4\x17\xa9\xc5\x18\x0cUZ\x08\xc4l\x82D\x7f\xba?\
i(\xde\x96\x12\x22\x1d\xfa\x15\x07\x1c\x12\xa6\xd6\xb1\x91\
\xf4\x150`&b\x08\xa5W4\xd0]\x18\xc5e\x8c\
F\x1a  \xe5\x86p\xb3\x81\x1c*06K\xe1\x16\
\x98(\xc1\x00\x01OB\x13\xd5\x8a\xb2\x88\x05\x10\x89x\
#Z\x9ek\xa0d\x14&\xe9\xecH\xc5\x0e\xacH\x22\
\x8dpL\x80\x83(0c\xc9\x94\x94xcTw~\
3v\x0e\x93U\x84\xa3\xe9\x131\x22\xa9\x90\x12\x0e\x87\
\xd3\xc0\x01\x15\xcc\xa1L&\xb1\x91\x04\x88D\x81J/\
<x\x89. \xc0\x10j\xe6I\xa4\x04\x00 \x82\x08\
\x04\x10X \xd8\x83\x888\x1fQ/\x89\xd0\x17\x99\x90\
\x99\x92\x04\xed\x01\x8c;\x80=A\x00\xab\xba\xd2\xe6\xc6\
8W8#y\xd31w\xa24g\x81=\xd7Rz\
rW\xf9\x19\x8b*zS\x07=\xf0\x10\xc2\xe7/\xf7\
\xdc~\x95p&\xb3\xedjI\xc8\x9c\x16q\x87\xc9\xac\
\xc6O\xf4\x00\xb3\xc0:\xea\x80\x11\x01\xf5\xad\xfdAL\
\xf9Jl-vc\x9cZ\xbcE\x1fK^\xb2H\xac\
3\x02L\x1a\xad@\xd5}\x0c<\xb6,\xd9\x9fI\xea\
\xc3\x18\xdb\x90<'\xca'\x16\x90\x5c\x10\xbd\x9a\xcef\
\x96\x12=\xcd@@\x00\x00\x00\x01\x00\x0a\x00\x05\x00\x14\
\x02[\xbbS\xbf\xc1\x12\xb0z\x89\x9bj\x96D\xc9\xd4\
Z\xae\xc4\x86\x05\xf6\x9d\xbc\xd1\xb0\x10\x0cYc\xab=\
\x8d\xc2\x9d\x07]\xc2\xcd\xdc`\x82Xd\xa6\xb2\xb7\xab\
\x0e\x9e\x11'\x1d\x1c\x82\x9a\x18\xc5\xf5bh\xf4\xb4K\
\xe5Z\xfa\x022\x01\x04,\x84!d\x98BxR!\
`I<\xfc\xa02v\xca\xf375\xb2u\x9f\xc5l\
ND\x15\x07\x080h0e\x9919\xed\xcc\xb8p\
\xd8\x08\xb0\xb0\x06\x12wp\x0c\x8b<B\xae\x8a@V\
L\xb4\x82\x144\xa0\xa1CnAz\xb4\x07%\x22P\
\x94-\xd8\xbbIU/\xc1#\xd3Y\x12P\xb9\x01\xc2\
\xa4\xb7\xa6\x22Ez*\xda*8\xe9\x80\xc2\xcc?u\
2\x13&9\x89\x08zD\x95\xc5\xe10\xa0\x0fN\xc0\
\x84\xec\x91\xf3\x0f\xd8>\xbb\xf8E0\xc1|\x1bw\x89\
\x82\x11\x0b\xc1\x81\x84\xd2\xcc\xe1\x82\x09r\x02\xa8\x89 \
\x06jh\x006\x00\xa6\x84\x84\xc3!&\x9a\x84r\x1b\
\x90\x0d\xc8\x01\x06\xbc\xcc\x8b\x04^-&C~\xebe\
\x85\xc9e\xd34\x5c\x85`\x12\x14\x12u\xde\x89\x8f\xa2\
\x85\x08ji\x83\x92\x85\x04\x87\xd0\x5c\xa8\x00\x1f\xfe\x0a\
}\x81\xef\x04\x10\x01\x01XT\x05=\x034a\x1eA\
\x114\x96\x17\xff\x00\x0f\xcf\xff\xda\x00\x0c\x03\x01\x00\x02\
\x00\x03\x00\x00\x00\x10\x00\x00\x00\x00\x00\x00\x00\x00\x00\x00\
\x00\x00\x00\x00\x00\x00\x00\x00\x00\x00\x00\x00\x00\x00\x00\x00\
\x00\x00\x00\x00\x00\x00\x00\x00\x00\x00\x00\x00\x00\x00\x00\x00\
\x00\x00\x00\x00\x00\x00\x00\x00\x00\x00\x00\x00\x00\x00\x00\x00\
\x00\x00\x00\x00\x00\x00\x00\x00\x00\x00\x00\x00\x00\x00\x00\x00\
\x00\x00\x00\x00\x00\x00\x00\x00\x00\x00\x00\x00\x00\x00\x00\x00\
\x00\x00\x00\x00\x00\x00\x00\x00\x00\x00\x00\x00\x00\x00\x00\x00\
\x00\x00\x00\x00\x00\x00\x00\x00\x00\x00\x00\x00\x00\x00\x00\x00\
\x00\x01\x01\x10\x91I\x08\x00\x00\x00\x00\x00\x00\x00\x00\x00\
\x00\x00\x00\x00\x00\x00\x00\x00\x00\x00\x00\x00\x00\x00\x00\x00\
\x00\x00\x00\x00\x00\x00\x00\x00\x00\x00\x00\x00\x00\x00\x00\x00\
\x00\x00\x00\x00\x00G\x10@E(\x00\x00\x00\x00\x00\x00\
\x00\x00\x00\x00\x00\x00\x00\x00\x00\x00\x00\x00\x00\x00\x00\x00\
\x00\x00\x00\x00\x00\x00\x00\x00\x00\x00\x00\x00\x00\x00\x00\x00\
\x00\x00\x00\x00\x00\x008\x01\x04\xa6\x08\xb60\xa0\x00\x00\
\x00\x00\x00\x00\x00\x00\x00\x00\x00\x00\x00\x00\x00\x00\x00\x00\
\x00\x00\x00\x00\x00\x00\x00\x00\x00\x00\x00\x00\x00\x00\x00\x00\
\x00\x00\x00\x00\x00\x00\x00\x00\x00\x14\xf1\xa9v\xb6\x18\x00\
\x00\x00\x00\x00\x00\x00\x00\x00\x00\x00\x00\x00\x00\x00\x00\x00\
\x00\x00\x00\x00\x00\x00\x00\x00\x00\x00\x00\x00\x00\x00\x00\x00\
\x00\x00\x00\x00\x00\x00\x00\x00\x00\x00\x00\x000\xb1\xf9L\
\xf4\xc9\x84\x00\x00\x00\x00\x00\x00\x00\x00\x00\x00\x00\x00\x00\
\x00\x00\x00\x00\x00\x00\x00\x00\x00\x00\x00\x00\x00\x00\x00\x00\
\x00\x00\x00\x00\x00\x00\x00\x00\x00\x00\x00\x00\x00\x00\x000\
\x83\x80,\x8d%\x08\x00\x00\x00\x00\x00\x00\x00\x00\x00\x00\
\x00\x00\x00\x00\x00\x00\x00\x00\x00\x00\x00\x00\x00\x00\x00\x00\
\x00\x00\x00\x00\x00\x00\x00\x00\x00\x00\x00\x00\x00\x00\x00\x00\
\x00\x00\x14`\x81)\x865(\x00\x00\x00\x00\x00\x00\x00\
\x00\x00\x00\x00\x00\x00\x00\x00\x00\x00\x00\x00\x00\x00\x00\x00\
\x00\x00\x00\x00\x00\x00\x00\x00\x00\x00\x00\x00\x00\x00\x00\x00\
\x00\x00\x00\x00\x05\x18\xf0\x1c\xcc\x90\xd5(\x00\x00\x00\x00\
\x00\x00\x00\x00\x00\x00\x00\x00\x00\x00\x00\x00\x00\x00\x00\x00\
\x00\x00\x00\x00\x00\x00\x00\x00\x00\x00\x00\x00\x00\x00\x00\x00\
\x00\x00\x00\x00\x00\x00\x00\x00\x1c\xb3\xd0;\xd9\xe5(\x00\
\x00\x00\x00\x00\x00\x00\x00\x00\x00\x00\x00\x00\x00\x00\x00\x00\
\x00\x00\x00\x00\x00\x00\x00\x00\x00\x00\x00\x00\x00\x00\x00\x00\
\x00\x00\x00\x00\x00\x00\x00\x00\x00\x00\x00\x1c\xe2\x9de\x81\
\xdc  \x00\x00\x00\x00\x00\x00\x00\x00\x00\x00\x00\x00\x00\
\x00\x00\x00\x00\x00\x00\x00\x00\x00\x00\x00\x00\x00\x00\x00\x00\
\x00\x00\x00\x00\x00\x00\x00\x00\x00\x00\x00\x00\x00\x00\x00\x03\
\xad\x18\x08\xf0\x00\xa0\x00\x00\x00\x00\x00\x00\x00\x00\x00\x00\
\x00\x00\x00\x00\x00\x00\x00\x00\x00\x00\x00\x00\x00\x00\x00\x00\
\x00\x00\x00\x00\x00\x00\x00\x00\x00\x00\x00\x00\x00\x000\xc1\
\xd3\x88Bw_\xa0}H\xa3\x00@\x00\x00\x80\x00\x00\
\x00\x00\x00\x00\x00\x00\x00\x00\x00\x00\x00\x00\x00\x00\x00\x00\
\x00\x00\x00\x00\x00\x00\x00\x00\x00\x00\x00\x00\x00\x00\x00&\
\x102L\xc2\x1c\x18\x94i\x1b4\xb6\x8f\xf1\xc2\x09\x00\
\x00\x00\x00\x00\x00\x00\x00\x00\x00\x00\x00\x00\x00\x00\x00\x00\
\x00\x00\x00\x00\x00\x00\x00\x00\x00\x00\x00\x00\x00\x00\x00\x00\
@\x00\x05z\x8c\x1d\xf6\xecc\x90\x96\x8cK\xd9\xeb\xff\
\x00\x02\x18\xc0\x88\x00\x00\x00\x00\x00\x00\x00\x00\x00\x00\x00\
\x00\x00\x00\x00\x00\x00\x00\x00\x00\x00\x00\x00\x00\x00\x00\x00\
\x00\x00\x00\x00\x00\x00rG;y\xf2\xe8\xe7\x06\xe3\x04\
\x09AT\x06\x223 (\x00\x00\x00\x00\x00\x00\x00\x00\
\x00\x00\x00\x00\x00\x00\x00\x00\x00\x00\x00\x00\x00\x00\x00\x00\
\x00\x00\x00\x00\x00\x00\x00\x00\x00(P\x00\xc9\x91\x07:\
<l\x04nF\xccD\xa0\xf8\xb4\xa8\x00@\x00\x00\x00\
\x00\x00\x00\x00\x00\x00\x00\x00\x00\x00\x00\x00\x00\x00\x00\x00\
\x00\x00\x00\x00\x00\x00\x00\x00\x00\x01\x0c\x08\xacE\xb1\xac\
4\x87\xb9\xea\x03C8\x81\x0c\x1b\xb0\x5c\xb5\xfe\xebq\
\x968\xc1\x0c \x00\x00\x00\x00\x00\x00\x00\x00\x00\x00\x00\
\x00\x00\x00\x00\x00\x00\x00\x00\x00\x00\x00\x00\x00\x00(U\
\x80\xf6S\xa5\xbd\xe8S\x98\x00\x00\x00\x00\x05\xa6Az\
\x22\xce\x02(\x00 \x82\x00\x00\x00\x00\x00\x00\x00\x00\x00\
\x00\x00\x00\x00\x00\x00\x00\x00\x00\x00\x00\x00\x00\x00\x00\x00\
\x0e(s\xd3\x97\x1c\x85\xa1N\xb0\x00\x00\x00\x00\x00\x0c\
\x077\x08(\x0bTy\xebA\x80\x00\x00\x00\x00\x00\x00\
\x00\x00\x00\x00\x00\x00\x00\x00\x00\x00\x00\x00\x00\x00\x00\x00\
\x00\x00\x00\x02\x00:\xc5\x93H0\x83\x00\x10\x00\x00\x00\
\x00\x00\x01@X\x101\xa8\x82\xce\x22.\xb4 \x00\x00\
\x00\x00\x00\x00\x00\x00\x00\x00\x00\x00\x00\x00\x00\x00\x00\x00\
\x00\x00\x00\x00\x00\x00\xcf\x98\x03*\x13R\x12A\x0c \
\x82\x08\x00\x00\x00\x04ir`n\xa1cmA\x0a\x8a\
\x00 \x00\x00\x00\x00\x00\x00\x00\x00\x00\x00\x00\x00\x00\x00\
\x00\x00\x00\x00\x00\x00\x00\x02\x08\x0c$\x91X\xa2\x12\x14\
\x99(\x00\x82\x08 \x00\x00\x00\xc0\x8c\xa5e7[\x9a\
|\xc1\xad\x00\x00\x00\x00\x00\x00\x00\x00\x00\x00\x00\x00\x00\
\x00\x00\x00\x00\x00\x00\x00\x00\x00\x00\x00\x00\x00\x00 \x80\
\x0d\x0d\xb1\xaf \x90\x00\x00\x00\x00\x00\x00\xc0\x1bJ#\
\xb2\xbd[&\x89\x9c\x10\x00\x00\x00\x00\x00\x00\x00\x00\x00\
\x00\x00\x00\x00\x00\x00\x00\x00\x00\x00\x00\x00\x00\x00\x00\x01\
\x1c\xf4\xcc\xd5\xbf\xf8\x04\xec0\x00\x00\x00\x00\x00\x00\xea\
NN\x9dZ\xe1\xea\x06\x97u\xe8@\x00\x00\x00\x00\x00\
\x00\x00\x00\x00\x00\x00\x00\x00\x00\x00\x00\x00\x00\x00\x00\x00\
\x00\x01\x07(\xc0B0\xff\x00\xaa]\x84\x13\x00\x00\x00\
\x00\x00\x00\xe3\x03\x8et\x97\x09\xf6o\x07Q\xa1@\x00\
\x00\x00\x00\x00\x00\x00\x00\x00\x00\x00\x00\x00\x00\x00\x00\x00\
\x00\x00\x00\x00\x02\xcbN\xb8\x16\xad=}d\xa3\x0a\xed\
\xd4\x9b\x10\xa9\x84\x10\x03U\x9f\xf4\x804\x9ch\x14a\
K \x00\x00\x00\x00\x00\x00\x00\x00\x00\x00\x00\x00\x00\x00\
\x00\x00\x00\x00\x00\x00\x00\x00\x00\x06&\xe4`\xb0*L\
B\xa1\x14\x8e\xb89\x9c\x08!\xc1\x8e\x92p\xb0\xed\x93\
\x00\x00\x00\x00\x00\x00\x00\x00\x00\x00\x00\x00\x00\x00\x00\x00\
\x00\x00\x00\x00\x00\x00\x00\x00\x00\x00\x00\x01\x0b\x14V#\
\xe5\xbboW\xf1 \xbf\xf7-/\xa4\xbe\xde\x8d\x80\x1a\
\xabq\x94\x00\x00\x00\x00\x00\x00\x00\x00\x00\x00\x00\x00\x00\
\x00\x00\x00\x00\x00\x00\x00\x00\x00\x00\x00\x00\x00\x00\x00\x03\
(\x1d\xa11\x11>9\x9e]\xce706\x82\x0e\xf4\
.\xff\x00\xce-\xaf\xec\x00\x00\x00\x00\x00\x00\x00\x00\x00\
\x00\x00\x00\x00\x00\x00\x00\x00\x00\x00\x00\x00\x00\x00\x00\x00\
\x00\x00\x01\x0f\x0c\xcd\xdb\xc0OO\x11kJ\xdd99\
\x0c\xc5\xdc\xa6\x1d\xc1e7\xe4\xa4\x00\x00\x00\x00\x00\x00\
\x00\x00\x00\x00\x00\x00\x00\x00\x00\x00\x00\x00\x00\x00\x00\x00\
\x00\x00\x00\x00\x00\x00@0`\xe6\x9c\xfb\x9b\x12\x1b\xa2\
\x01\x11\x93\x04\xb5r\x00\x22\x0e$~\xe3\xb2\x00\x00\x00\
\x00\x00\x00\x00\x00\x00\x00\x00\x00\x00\x00\x00\x00\x00\x00\x00\
\x00\x00\x00\x00\x00\x00\x00\x00\x00\x04\x08\xc9\xc6\x9a\x90\x86\
\x16\xea\x00\x04\x91#\xf5T\xb4\x94q\xcb\x8c\xe0D\x00\
\x00\x00\x00\x00\x00\x00\x00\x00\x00\x00\x00\x00\x00\x00\x00\x00\
\x00\x00\x00\x00\x00\x00\x00\x00\x00\x00\x00\x01\x00\x00\x93\xce\
\x92\xab\x83\x12\xc2\xefJ\x22G_\xcb\xd7V\xa0\xca8\
@\x00\x00\x00\x00\x00\x00\x00\x00\x00\x00\x00\x00\x00\x00\x00\
\x00\x00\x00\x00\x00\x00\x00\x00\x00\x00\x00\x00\x00\x00\x00\x00\
\x00\x00\x0e:2\x0a\x1c\x01\x8f\x1a\xb3\x07*eI\x9e\
\xc0\x00 \x00\x00\x00\x00\x00\x00\x00\x00\x00\x00\x00\x00\x00\
\x00\x00\x00\x00\x00\x00\x00\x00\x00\x00\x00\x00\x00\x00\x00\x00\
\x00\x00\x00\x00\xc3\x0c\x02\x1a5s\xcf0\xe3\x0et\x82\
\xc8,\xa6C\x0c(\x00\x00\x00\x00\x00\x00\x00\x00\x00\x00\
\x00\x00\x00\x00\x00\x00\x00\x00\x00\x00\x00\x00\x00\x00\x00\x00\
\x00\x00\x00\x00\x00\x00\x00\x00\x00\x00\x00\x00\x00\x00\x00\x00\
\x00\x00\x00\x00\x00\x00\x00\x00\x00\x00\x00\x00\x00\x00\x00\x00\
\x00\x00\x00\x00\x00\x00\x00\x00\x00\x00\x00\x00\x00\x00\x00\x00\
\x00\x00\x00\x00\x00\x00\x00\x00\x00\x00\x00\x00\x00\x00\x00\x00\
\x00\x00\x00\x00\x00\x00\x00\x00\x00\x00\x00\x00\x00\x00\x00\x00\
\x00\x00\x00\x00\x00\x00\x00\x00\x00\x00\x00\x00\x00\x00\x00\x00\
\x00\x00\x00\x00\x00\x00\x00\x00\x00\x00\x00\x00\x00\x00\x00\x00\
\x00\x00\x00\x00\x00\x00\x00\x00\x00\x00\x00\x00\x00\x00\x00\x00\
\x00\x00\x00\x00\x00\x00\x00\x00\x00\x00\x00\x00\x00\x00\x00\x00\
\x00\x00\x00\x00\x00\x00\x00\x00\x00\x00\x00\x00\x00\x00\x00\x00\
\x00\x00\x00\x00\x00\x00\x00\x00\x00\x00\x00\x00\x00\x00\x00\x00\
\x00\x00\x00\x00\x00\x00\x00\x00\x00\x00\x00\x00\x00\x00\x00\x00\
\x00\x00\x00\x00\x00\x00\x00\x00\x00\x00\x00\x00\x00\x00\x00\x00\
\x00\x00\x00\x00\x03\x00\x00\x00\x00\x00\x00\x08\x00\x00\x00\x10\
B\x00\x00\x81\x000\x00\x00\x00\x00\x00\x00\x00\x00\x00\x00\
\x00\x00\x00\x00\x00\x00\x00\x00\x00\x00\x00\x00\x00\x00\x00\x00\
\x00\x00\x00\x00\x00\x00\x03\x0d\x0c \x00\x04 A\x04 \
\x80\x04\xb2\x85(\x10\x8b\x04\xf1\x80\x00\x00\x00\x00\x00\x00\
\x00\x00\x00\x00\x00\x00\x00\x00\x00\x00\x00\x00\x00\x00\x00\x00\
\x00\x00\x00\x00\x00\x00\x00\x00\x00\x00\x08\x1cSO4q\
\x85\x08\xf1\x04\x1c\x22\x01,\x00\x0c\x14\xa3\x80\x00\x00\x00\
\x00\x00\x00\x00\x00\x00\x00\x00\x00\x00\x00\x00\x00\x00\x00\x00\
\x00\x00\x00\x00\x00\x00\x00\x00\x00\x00\x00\x00\x00\x00 \x83\
\x040@\x000\x12\x00\x10B\x00 \x83\x00\x00\xc0\x00\
\x00\x00\x00\x00\x00\x00\x00\x00\x00\x00\x00\x00\x00\x00\x00\x00\
\x00\x00\x00\x00\x00\x00\x00\x00\x00\x00\x00\x00\x00\x00\x00\x00\
\x00\x00\x00\x00\x00\x00\x00\x00@\x00\x00\x00\x00\x00\x00\x00\
\x00\x00\x00\x00\x00\x00\x00\x00\x00\x00\x00\x00\x00\x00\x00\x00\
\x00\x00\x00\x00\x00\x00\x00\x00\x00\x00\x00\x00\x00\x00\x00\x00\
\x00\x00\x00\x00\x00\x00\x00\x00\x00\x00\x00\x00\x00\x00\x00\x00\
\x00\x00\x00\x00\x00\x00\x00\x00\x00\x00\x00\x00\x00\x00\x00\x00\
\x00\x00\x00\x00\x00\x00\x00\x00\x00\x00\x00\x00\x00\x00\x00\x00\
\x00\x00\x00\x00\x00\x00\x00\x00\x00\x00\x00\x00\x00\x00\x00\x00\
\x00\x00\x00\x00\x00\x00\x00\x00\x00\x00\x00\x00\x00\x00\x00\x00\
\x00\x00\x00\x00\x00\x00\x00\x00\x00\x00\x00\x00\x00\x00\x00\x00\
\x00\x00\x00\x00\x00\x00\x00\x00\x00\x00\x00\x00\x00\x00\x00\x00\
\x00\x00\x00\x00\x00\x00\x00\x00\x00\x00\x00\x00\x00\x00\x00\x00\
\x00\x00\x00\x00\x00\x00\x00\x00\x00\x00\x00\x00\x00\x00\x00\x00\
\x00\x00\x00\x00\x00\x00\x00\x00\x00\x00\x00\x00\x00\x00\x00\x00\
\x00\x00\x00\x00\x00\x00\x00\x00\x00\x00\x00\x00\x00\x00\x00\x00\
\x00\x00\x00\x00\x00\x00\x00\x00\x00\x00\x00\x00\x00\x00\x00\xff\
\xc4\x00,\x11\x01\x00\x01\x03\x03\x03\x03\x05\x00\x03\x01\x01\
\x01\x00\x00\x00\x01\x11\x00!1AQaq\x91\xd1\x81\
\xb1\xf0\x10P\xa1\xc1\xf10`\xe1 \x80\x90\xff\xda\x00\
\x08\x01\x03\x01\x01?\x10\xff\x00\xe2\xe2\xdc\xc9i,Q\
\xc2\x13\xc7\xcd\xb5\xb9oR\xa4h\x8d\x9bo\x9dl\x9b\
\xf9D\xc9nN\xa5\xc8\xde\x0f\xce\xd0\x0f\xfa\x0c\xeb(\
a6\x92.\xdf\xe4\xa3\x14\xc6M\xd0\x17\x10\x02\xee\x22\
8\x919\xa9\x81(PYy\xbeq{\xd5\xeee$\
\xcf[\x7f\xa0M\x8a0\xbb\x88\x07\xaf\x11\xcd\xb1\x14\xf0\
\x05\xd7\x04\xc4\xae\x0cD\xe7\xf5jv\x9c\x96EC\x11\
\x0c\x1c\xc5\xac\xebH\xa2&Z\xb8X.\xbd\x95\xa4\xea\
rj\xee\x7f\xa0\x5c\xcd\xd08HLSr\xb9\xdf\x9a\
\xad\x9b\xcb0\xf0\x8c\x98\xd4/x\xf5\xa1p\xa3\x08\x06\
\x14\x8b\xd0z\xb7\xab\x99\xd5\xda\xfb\xd8K\xbd\x0e\xc7\xfa\
\x07\xe2=\x8a\x90e\x96\xd7\x973\x9ds\xc6x\xab\xc8\
YHo1x\xc0M\xf8\x96\xa3\xa8K\xda4U?\
\x1bY\xe8\x0cA\x12[Lm\xfe\x80\x22A\x9e\xed`\
3\xbe$\x9doD2YdL\x12bKi\xf2)\
B\xccm\xb8;M\xb7\xdb;\x05p\x18\xeca\xb6'\
\xf1\x16\xf5\xa9\x8b\x08m,`\xd3\xfd\x00\x08\x09&#\
Mt\xa4k2\xa3qan\x1a\xf3\xbc\xde\x80\xa2B\
\xc2\x1a-\x00o\x1ec-\x8f \xbf\x00\xfe\xe0y\xe7\
O\x22<s\xfe\x80\x83\x90z\x83\xefA\x84\x90R\x5c\
\x13\x97:T\x0a\xde\x85\x9d\xf87\xd6\xcc\xe9B\x11\xb9\
72Z\x22gm'X\x98\xc5O\x5c\xed}-\xcf\
\x9c\xe1\xc1\xfe\x81\xf0\xbf\x8a\xd3G\xb4\xd8\xfc\xb7\xb9\x17\
\xa0\xb4E\xcb\x5c4\x95\x9d}b\x02\xf3H\xc9J\x19\
o\xa1\xe0\x09\xb9\xc5\xa7\xee\xdf\x0b\xf8\xaf\x85\xfc\x7f\xe2\
]\xde\xef\xd3\xe1o5\xf0\xb7\x9f\xa1\xa5\xb1\xd8\xf3M\
\xdb^sv&\xd3\x8c\x1bN\x9aV\xba\x9bL\xb2\xe2\
oi\xces\xec\xd7u\xdbojY\x97\xf1\xff\x00~\
\xbf\x0b\xf8\xa4\xb3*\xe7*\xed\xbf\xdc\xa0\xd8\xecT\x1b\
\x1d\x8f\xac\x1b\x1d\x8f\x15\xf0\xb7\x9f\xa4\xfe\x07\xb5O\xe0\
~J\x83\xd0\xd7\x84i\xc1R\xfe\xcd\xb6\xeaP\xed\x12\
[SH\x8b\xfa|\x96\x99\xe5\xbe\x87\xe6}\xf6h\xa6\
\xf9\xb3t\x9bM\xa6\xc6Kf \xe7\x9f\xdb\xc5|/\
\xe2\xa5\xdd\xee\xd4\xb6;\x1eh\x06\x00\xe8}\xca\x0d\x8e\
\xc5A\xb1\xd8\xfa\xcb\xbb\xdd\xa9w{\xb4!r^\xf0\
\xc6\xdb~\xa7\xf3k\xe6\xda\x0bxo16\xbf\xe2\x84\
\xc2'e!\x1bE\xf5\x8f\xc37\x8a\x064\xe6\xee,\
\xf6\xb3\xcdu{\xb8\xe7\x82\xba\xbd\xdcs\xc1S\xff\x00\
\xa3\x8ex)\xaf\xef7\xff\x00\xa8;[ZVe\x1a\
]\x8c~\x0c[\xd0\xa3B\x03cN&\xf1~\x90\xba\
L\xd7+\xaa\xf3\xf0\xf5\xb6\x94\x96e\x5c\xe5]\xbe\xed\
.\xefv\xbe\x17\xf1S\xdf\xdc\xf3M\xbb\xbb\xf8\xbc\xeb\
\xbf62\xfb\xbb\xeb\x87\x5c\x90g\xc1G\xcf\xe7\xe6w\
\xeeA*f\xfde\xfdT\xbb\xbd\xda\x97w\xbbR\xee\
\xf7h\x0c[\xa4\x9e\xc5\x10\xf9m=x\xbb\xab\xdbd\
m\x1a\xe21\xbf\xebj\x0dU\xda]\x9dt\x8f\xc5\x14\
\x96Z]\xd7\x1b\xeb\xbeg\x8b\xd5\xe4\xfa\x16\xf9\xf9\xed\
\x1fr)I9\xfdT\x1b\x1d\x8f\xae\x10\x8c\xdc\xf9\xe9\
\xaai|Cw\xbb\xe2\x9b3\x80\xc2\xef\xff\x009\xa4\
\xef\xa9\xedH\x99X5w\xad\xa1\x04\xc9:\x9b\xd4\x1b\
\x1d\x8f\xa4\x1b\x1d\x8a \xd0\x06[\x8495/R\x8b\
\xb2\xeb\xc0\xfe\xa9\xf7t\xd5\xd7\xe7\x18\xbc%\xd0\xc2\x9e\
\xae\x91\xe9\xc6\xb1\xcd\x00YD\xef\x9cG\xf7\x86/5\
4\x86yop\xea\xfb\x1fU\x9d\x03\xa1\x1fo\x14\xc2\
\x9d\x14\xf6\xaf\xee<\xd6\xb2\xd7\xdd\xa4s\xc1^\xa0\x88\
U\xa4m\xae\xdf\xcc\xa1\xca\xbdU\xf7(\x04@\x18\xc0\
\x1b\xedM\x86\xee]y)\xb6\xbb\xa6\xaf4\xd8n\xe5\
\xd7\x92\xa2!K-\x94\xd6\xbf\xb8\xf3R\xee\xf7k\xfb\
\x8f4\xaaI]\x8b'f\xd4\x1e\x07\xa06\xf0\xed@\
D\x14b\x03\x8f\x07\xc5\xa1L)\xd1\x8cc\x14`\x14\
l\xbcx(\xe48\x9b\x0c=\x13O\x19\x02\xcb\xdc\xc7\
cq\x8di%*\xed*\xed\xbdA\xb1\xd8\xa9w{\
\xbfX6;\x1fk\x83c\xb54\xc2\x960\xf3A\x83\
\x1d$\x9b\xf1\xbe\xc6\x22\xa7jux\xb6z\x1a\xf7X\
\x96EM\x95\x8b\xc6\x9e\x9c\xfa\xdd\x19e\xbd\x1ek\x9d\
\xf9\xab\xef\xa1\x8b\x10\x0bmwM^iW,\xf5\xbf\
\xbd`t}\xff\x00\xc2n\x0d%\xa4Z\x84\xb4\x09\x17\
\x08\xd0\xfd\xf3>\xb4\x8eU9Wn49\xeaM\xaa\
;\xbd\xdf\x1fYw{\xb5\x1f\x91\xfb_\xc2\xfe*\xd8\
Ax\xb5\x9b|\x98\xf2\xd6\xdc\xe6\xdd\xff\x001\x9ds\
\xa5!\xca\xbdU\xf7(\x03\x05\x1d\xe5\x9e\xf1S\xf8\x1e\
\xd4\x977\xea\xaf\xb9J\xb9W\xaa\xb5\x06\xc7b\xb0:\
>\xff\x00\xe1\xd2&.A\xb6b\xda\x06\xbe\xb7\x8eG\
\x7f\xce}v\xf7\xafP\x06\x5c\xe63\xf3{\xcd\x0eD\
\xd8\xcczg\xb6\xee\xb5t\xcd\xf3\x9b\xed\xbf\xd1\xa0\xc2\
\x960\xa6\xb5\x1e\xae\xf3\xe6\x92\xcc\xab\x9c\xab\xb5A\xb1\
\xd8\xfbH\x93\x0ct\xb6\xc4\x11\xe9\x8b\xe5\xbb0\x8eW\
\xba^o\x85\xf2\xbb\xb5\xcc\xfccC\xdb\xd3-%\x99\
W9Wm\xeb\xe6_;\xd4\xf7\xf7<\xd5\x81\x8e\xad\
\xfd\xfa\xdf\xb6\xd3.\xefw\xe8\x01\x804\xff\x00\x0a\x87\
['\xc7w\xbd\x18\x82\xd0d\xcd\xbd\xf6\x87\xa6s\xca\
\xe0\xd5\xc5\x8f\x9a\xeb\x1aQ9e\xd9\xee1|\xee\xdb\
\xd2+_\xaf\xea\xa0\xd8\xecSa\xbb\x97^J\x97+\
\xcf?3\xa9\x9b2\x81\x1c\xc3s7\xd4\xde\xac\x88\xb6\
1m\xf6\xfbH%\xc5\xb4\xb6\xd7\xb6H\xd6\xf38J\
\xbc\x12y\xc4io\x1cZJS7\xeb\x0f\xbb\x5c=\
\xd3}\xb4\xdf\xf1nhv\x80po\xd3KY5\xa5\
d\x1c7\x0f\x9c\xeam$\x81-mOv\xa7\xbb\xbb\
\xe2\xa0\xd8\xec\x7f\x89\xcd&\xb1f\xd1\xefo\x90\xd3\xc4\
8D_vM\xe3\xe3s,,d.v\xce\xf3\xef\
Q\x80\x1dm,\x11\xf8\x9c\xea\xde\x22\x93\x99:zg\
\xae\x89kW\xc2\xfe+z\xf7s\xeb\xdbG\x92\x05\x1d\
\xe0\xd1\xcd\xbeN\x9a\xfa37\xc6o\x1b\xf6\xe7\xd6\x80\
,\x0e\xdb\xea\xfbi\xa5|-\xe6\xbe\x16\xf3\xf6u\x09\
\xc4\x09\xe8\x1ab}I\xf5\xbcLA\xe8\xfd\x1b\xe6\xfd\
oI\x09\x5ctnv\xa3o\xb16.\xf6\xe8j\xdb\
,\xa8[;\x16\x8cz\xf5\xc7T*\x0d\x8e\xc7\xd1\xac\
J\xb6r\xf3\xfe\x18\x0c\x01@\x18#\xa5\xb1\x8cmV\
\xccZ\xee:\x95xXZ\xc5\xb5\xa9&A`!|\
oe:\xc1\xf9\xa03 \xe7 \xedVL\xb3\x05\xcb\
:k\x9a;\x0eV\x08\x87\x1ac\x9b\x11|\xeaA]\
d\x90\x5c\x11\xa4\xe7\xad\xa6\xa1\xa1\x8chL_\xde\xb9\
\xd4\x0bfA\xba\xe8\x7f\xd3\x9fz\xf8_\xc5K\xbb\xdd\
\xfb*;\x82&\x09\x89\x82[\xc3\xd6\xda\xf3K\x99L\
\xe5x\xfaA\xb1\xd8\xa86;\x15\xc4qn9t\xbf\
\xfc\xb5\x0c\xc4:B\x80\x88\x03\x18:\xd3I\x85,a\
Mk\x03\xa3\xef\xfe\x19w{\xb5t\xcd\xf3\x9b\xed\xbd\
\x02\x1b\x184\xe6\x80\x14\xa8\xe5\xach\xf6&\xad\x8b\x10\
I,H\x11bLfx\x18\xd4\x01\x17\x03H\x9b\x1c\
\xb6\xa1 L\xa0\xab-\xd3\x1d\xe24\xb54 \xa2\xc6\
RJ\x10\xc1g@\xb2\xacs\xbf\x1cLL\xc5+\xb8\
0\xdf?\xa7s\x9b\xd4\x00\xb6\xe4\xad\xedm\xcd=s\
\xae\x96\x97^\xd0.m\xdf\x07\xee\xc8\xd2PVe3\
{O\xec\xd7\xac\xd4~\x03\xec\xaeJ\x0d\x86\xe4\xc4\xd9\
#\xe4\xbf\xa5_l\x7f}~q\x05Gm\x00\x22\x00\
\xc6\x00\xdfj\x97w\xbb\x5c\xdf\x98\xf9\xa6}l\xcda\
@7F\xa6\x93\xae\xd5\x11\x22\xe6\x8e\xe5\xe37\xefX\
=\x0fz\xc0\xe8\xfb\xff\x00\x86\xd9\x8bX\xc5\xb5\xad~\
\xbf\xaa%\xaci\xa1\xcd4\x88\xa1\x05\x85\x0cm\x8a=\
,\xcc\xe53\xef\xd3]\x17@EU\x0b\x12\xac\xb0c\
\xaet\xe3Z\x85\x95Ys.\xa6\x9b\xdbLNw0\
\xca\x9c\xad\xacE\x9d\xec\xc3\xae\xb5\xa2\x12\x8d\x1b\x97m\
?1\x14\x81v \xfd~c\x8fj\xdc\xc5\xac\xae\xe6\
\xf9\xc7\xed\x8a\xbb\xc8.L\xafl\xaf\x062\xfeh\x0c\
\x00\x88\x88\xb61\xda\xa5\xdd\xee\xfd\x95\xd2\xc4\xc9y\x96\
}s\xa1\xa6h-cI\x83;\xcc;\x7fY\x88\xfc\
\x0fz \xd8\x0bhF\x8e\xd5\x80F0\xa5\x1f{\x1a\
\xbf\x8f\xf98\xb4\x96\x0d\x8f\xc6\xaf\xa68\x9d\xe2\x12b\
Ur\xafUi\x07 \xf5\x06\xb0:>\xff\x00\xe1L\
\xe5\xd1\x9d!j\xc3\xd2\x9a}?t\xd2\xc5.\xe1\x8d\
8\xa0L#8]&;S\xea\x89\xe7n\xdb_W\
^R\x0aT\xc4\xbc\xfc\xf7\xa2e\xce\xee0\x06\x22p\
q~i\xd0\xac\xc9d\x1dG\xaep%\xb7h\xd1&\
t\xb1\x22\xd0\x0c.\x8c\xe9\x11@1\x1e\x81\xb6\xdd\x0e\
\xd4G\x1d\x8f*\x83c\xb1R\xee\xf7~\xcaD \xd8\
\xc86\x93\xf5[s;\x1a=<g%\x9a6Q\xd2\
\x09\xc6\xd1\x9b\x93\xa6s5~\x02\xee\x08\xe46\xbck\
\xa3\xcd~\x82\xce\xd3khZ\x84\x90IL\x07\xa5\xe9\
\x16e\x1e\xb3t\xf2~x\x87\xc4\x8aC2\xecc\x89\
\x0f\xcf[\x12[\x99:qq\x9bo\xc6\xa40{>\
j{;>hW\x11\xd1x\xfc/\xe0\xebS\xfc\x9f\
\x14HL\x12M\x9cM\xea\xc1&`\x9be\x17\xd6\xba\
=\xbc\xab\xa3\xdb\xca\xba=\xbc\xa9L\x87[\x87Z\x1d\
\xc8%\x94\xb6\x0bt)\x5c\xb7U\xc1\xbf\x05M.\xac\
\x8c\xb3\xb6u-l\x1a\xdbP`\x12\x13\x0ahO\xb3\
\xe3REs\xba\xc6\xab\xe4X#E\x8d&\x88%\x09\
\x80\xa6\x93\x97]-\xd0nR[1\x5c\x09\xc22\x1b\
\x15\x8c\xbaG\x0d)\xb1\x83\xc1\xc6\xc1\xd2\xd6\xcd\x7fq\
\xe6\xa5\xdd\xee\xd4\x1b\x1d\x8a\x83c\xb1\xf6Y\x08\xccf\
\xf2al^z\xc0\xe9\xbd]B\x1dSns9n\
\xb6\x8d\xa9\x9eS\xd5v\x0f`\xa4\xc6\xf3\x18\x9eq\x9f\
\xce=u<\x83\x8c\x86D\xb7p\xbf\xfd\xa3Tt\x13\
c\xf71\x1a= 1\x17\x09\x88N-g\xac\x7f\xda\
\xb5\x97\x82aGw\x1b\xf5/\xb5\x07Z&\xf2\xcb\x89\
\xb6\xb8}\x1b\x05\xe9\x0d\x06\xb6\x0cm\xe8w\x99\xcd\xab\
\xe5\x8a\x5c\x0c\x05\xdaFa\x9b^\xfbF\x9c\xd7\xc2\xfe\
jb\x10\xde\xc0\x9cfs\xa4\xfaF\xb5\x1f\xc3Q\xfc\
5\x1f\xc3QTq\xa3 \xed{\xef\x9f\xde\xb4\xb70\
\xf5\x07\xdd\xa9q\xf8\xad\xf1\xcd\xb9\xfdZ\xcej\xdf.\
3y9\xeb\x1e\x81v\xb6q6\xc4\xcfk\xdbh\x8b\
RDM\x99I\xf7\xf3\xf9b\xa76\x1d\x01\xed\xaf\x5c\
y\xb2\x22\xd8\xc5\xb7\xda\xa0\xd8\xec}\xa5\x92\x83\x08T\
\x15\xb2\xcfoZvG\xf3\xf9\xce\xdd\xf8\xa1#7c\
*\x1b\x0e\x8d\xc5\xccZ\xfc=\xe7U\x9b\x9b8\x1dc\
\xafK\xb7\x8c\xe4\xa0\xf81g\xbf\xf6\x82\xc0\x1d?\xeb\
\x83\xb5\x07\x80t\xfeP\x18\x07I\xe3\x8e>K]\x17\
O\xd677\xf5\xaf\x85\xbc\xd7A\xbe\x0c\xef\x9a[\x98\
z\x87\x9aZ\xc8a\x02q\xce\xb2\xfeh\x08%%\xb8\
\xdb\xdb\x9bW\x0b\xf1\xd2\xb8_\x8e\x95\xc2\xfct\xac\x91\
\x13cn\xd3\xebQ\xdb\xb3\xc2\x91\xc93\xb818\xd3\
6\xc5\xb3V\xd8G\x1d\x19w\x89\xd3\x88\x99h\x0cp\
[\xa7\x1cu\xb4Y\x99\x00\x80\x06\xc0\x04DGX\x0b\
c\x5c\xda\x9b_\xcf\xfd\x8f\xd4p\x04\x81\x85:)Z\
}?\x7fj\xc0\x07o\x99\xb6\xfe_ \xf5\x12=R\
g\xf0O\x15\x22J3r#V\xdcG\xa4\xcbz)\
\x04\xa0J\xc1\x82\x00\x8c\x84O2D\x05(\x96\xc5\x14\
\xcc[\x11\xf8\xfc\xd4\xf7w|W_\xe7\xfeT\xf7w\
|W\xf6\x1aG\x1c\x14\xd2aL\xe1x\xa9w{\xbf\
H6;\x15!\x10F\xd0F\x9az\x15\xfc\xd7\x1f\x9b\
/\x9bu\xa8\xfc\x0fz\x8e\xbd\x81\xe6\xa3k>\x1d\xb5\
\xfcz\xd8\xc4\x98\xd0\x8d3\xcc\x05\xc9\x947\xbf\xf0\xf8\
q\xc7\xcb\xc8H\x05\xa0\x8bZ\xd6\xb1\xc1\xdb\xac\xa3\x12\
\xd8\xc4@`4:c<\xcbD\xbd\x8dt8\xa2\xd8\
\xb7K{PL)\xd1|W\xc2\xfe)W*\xf5W\
\xdf\xedP\x18\x02\xb4\x03\xa8_\xbe\xfb\xeb@D\x04D\
@\xb69\xe0\xf95\x05\xc6\xfb\xdb\xcd\x02*6H\x22\
4\xe7\xf3\xc5\xe3\xf9\xdf\x1a|\x96\xbf\x9dIZe\xd2\
2\xdb\xe1_\xce\xa1l[\xa5\xbd\xaa]\xde\xedK\xbb\
\xdd\xaf\x85\xfcT\xbb\xbd\xda\xf8_\xc5|/\xe2\xa1\xbb\
\xb9\xe6\xa1\xbb\xb9\xe6\x9cE\xbb\x1b|\xd2#\xbd|/\
\xe2\xa0\xd8\xecQl[\xa5\xa8<\x03\xa7\xf2\xa5\xdd\xee\
\xd4\xbb\xbd\xdf\xb87\xcd\xfa\xde\xa5\xdd\xee\xfd?\x98\xf1\
\xff\x00\x89w{\xbfIw{\xbfX6;\x15\x06\xc7\
b\x9aL1\x9c[o\xfdA\xb1\xd8\xfb\xd4\x1b\x1d\x8a\
\x83c\xb1Plv*\x0d\x8e\xc5k\xf5\xfd}\xf0\x17\
\x1e=\xfe\xbb\xf4\xb7r\xa0\xd8\xecT\x1b\x1d\x8a\xf8[\
\xcdA\xb1\xd8\xa0\x0c\x01\xd0\x0fo\xf4)w{\xbfy\
\x83c\xb1Plv*\x0d\x8e\xc5A\xb1\xd8\xa86;\
\x15\x06\xc7b\xa0\xd8\xecT\x1b\x1d\x8a\x83c\xb1\xff\x00\
\xec\xbf\xff\xc4\x00-\x11\x01\x00\x02\x01\x03\x03\x04\x02\x02\
\x02\x03\x01\x01\x01\x00\x00\x01\x11!1\x00AQaq\
\x91\x81\xb1\xd1\xf0\xa1\xc1P\xe1\x10\xf1 0`@\x80\
\x90\xff\xda\x00\x08\x01\x02\x01\x01?\x10\xff\x00\xf1o\xd2\
\xfe5\xd1\xa7b;\xe6~\xe3X\xa5\xc9\xd7xN9\
\xdfn\xc6\x847\x89nn\x0a\xfe\xb9\xd3f\x15MM\
m\x8e3\x8b\xe9m\xff\x00?\x07\x07\x83W\xc9\x22\x22\
I\x8e\xd3\xdb\x8e\xf5\xa0Q8\xee\x9a\xde\x18\xce\xd9\x8d\
T\x02I1)\x8b\x98\xfd\x95\xe9\xac_X?\xf0\x08\
\x0cR\x86R\xd2\xef\xa6\xd1\x1c\x19\xd1\xc2\x8b)@\x83\
\x11\x12T\xf4\x88\x8d\x1e\x92\x05\x82^\xe8\xe8\x17\xd5\x8b\
\xd0\x18\xa1\x13\x08\xa5\x09\x83fs\xa6\xe6r\xee\xf0h\
\xc1\xd8\xfe}\x19\x15\x0b\x15j\x04\x04A\x1d\xf9\xbd\x0a\
\xac\xa0\xf4\xd4[\x98oy\xcew\xd4\x00\xb5A*\xb4\
\x98\xe9P\x1b\x9d\xa3J\xec\x15\x85\x08\x8e\x0eT=t\
\x05\x00\xb9m\xfc\xfd?\xf0\x04*\xc4\x89\x5cR\xef`\
?\xaaM\x05\x13l\x96vM\x09\xed\xbc\xdb\x88B1\
8\x86*\xbdI\xa3a\xdbJDl\x03|\x10\xf7\xde\
#\xb5\x91\xa2\x08\x0d%Imf\xdb\xff\x00\xc0\x10 \
X\x89[\x02\xd9D\x81;\xf6\xd4\x03:Ba\x88\x08\
\xde\xf8\xb8\xe0\x83Fp\x93j\xf1\x89w\xab\x8c\xbc\xe9\
J\xc1r$\xbd\xce\xff\x00\x9f]\x82 @l0m\
\xb66>\xcf\xfe\x02\x86\x89\xa0^\x12D\xfd\x81\xe4\xd3\
\xb3\xe62\x11\x1b\xd2\xc7\xe2\x8d\x18\x85'\x13 M?\
\xbe\xfaRf\xe6\x18o\xdf\xd3H\xe6\xfb\xde\xfdg\xf1\
\xe1\xb8\xfe|8\x0d\x92\x98\x87\xd3\xd3K\xe8r\x93\x89\
^\xfcT\xef\x8d;2\xe8\x93m\x86~\x87\x5c\xe9\xa2\
*\xa3,`\xdb\x1ai7\x11;\xf6\xf9\x7f\xf0\x0e\x99\
g\xbd\xc7\xdf\xb9\xa7\xc9\x1c\xc7\x5c\xf1\x9el\xde#M\
iT\x92\x96Lq\x8d*\xb2Y\xe6o\xd1\xdbB\xd8\
$7\x17\x1b\xdf\x8f\xe7:\x9e\xdf:\x8c\xb9\xf7\xda%\
\xf6\xe9\xd5\xf6\xf8\xd5\x81\xf4\xe2\xa7\xdd\xf1\xe3R\xa4O\
-\xf2rN~\x9b\xb6Jh\xe6\xcc\xaf\xae\x9e\xa6#\
\x80\x1d\xa1X\xdc\xd0\xb0\x8fH\x9b\xf4\xcd\xd7N\xf3\x81\
c\x87\x17u\xb6w\x8e\xff\x00\xe3\xe9\x7f\x1a\xfa_\xc6\
\xbe\x97\xf1\xff\x00\x0f\xa5\xfcj\x1c\xbc\x9f?\xc8}/\
\xe3P\xe5\xe4\xf9\xd7\x7f\xc9\xf3\xa0\x90!)\x92X\x03\
8\x87*\xe7\xb6\xb2\x87\xb9P\xe2&s\x06\xfb\xe9Y\
\x92\xfa\x1d3[1\x8f\xce\xa9\x03\x85\x14\xfa\xc1\xc1\x7f\
\xdajmuX',\x95;\xdeR\xea\xf4\xa0\x99\xc0\
S<\x07w\x1d\xf6\xea\xea\x1c}\x07\xdf\x1e\x99\xd9g\
x\xda=k\x8c\xed\x9dA[S\xbcm\xcdG\xc7_\
\xf1i\xf2\xf2\xfcj\x5c\x1e\x0f\x9dK\x83\xc1\xf3\xa9y\
|\xba\x97\x97\xcb\xa9y|\xba\xfaW\xce\x88#8\xeb\
\xfdh\xa08\xfe9$B\x98\xc2\x9c\xf1\xa9y|\xbf\
\xe2\x06JE\x22G\x18\x89j\x0c~\xb5<#\x12L\
\x17\x93pn\xcb\xe8]\xea\x1e\x17\x0aA#T1D\
\xf6\xf0\xe8\xabL\x5c\xb0\xc7\x7f\xbd\xd9\xfdF]?\xd9\
\x1cV\xfa\x92:mFp)\x88\x988\xd8\xef\xaa\xae\
\xc94\xf1*\x8e\xff\x00\x89\xdd\xa5\xe5\xbb\xe3\xe1\xb4\xd6\
=.\x16\xdfv\x92I\xf4bO\xc3\x97H%\x05R\
\xb0\x0d\xe2sQu\xd7@F5\xe5f\x5c\xa2\x08\x9e\
\x0e\x93 2E+A2\xd8\x83y\xf0d\xb4\x85\xe8\
\xe9RM\x90F1\xcc\xcbe+\xe8\xb5\x19\xed\xd3>\
\x9b!\x91\x5cV\xff\x00\x17\xce48P\xe91\xda~\
\xfabe\xe5\xf2\xeah\xe5\xbe\xfcj\x0e\x0f\x07\xf1\xe9\
\xe5\xc1\xbb\xcf\xf8\xb13\xc4\x83{g\xf5\xeb\xbb\xa2\xf7\
4ON\xac\x01\xde\xb6\x9d\xde\x11)\xe8f\xcdI\xd7\
z\xef\x01\x8e\x09\x13\xe9I\xd3\x8e\xfcS,\xaa7\xc6\
+\xef\x19\xd0\xa4\xf2\x1b;Q>\x95\xf8\xe9\x08\x160\
\xde\xc4ALm\x0f3\xa7Ak\x8cN\xc4b\xb1\x05\
qy\xd2\xe1I\xc0\xc5\xed\xf5\xd7m\x10\x13$\x19\xcb\
_\xb8\xfchvw\xc0\xa3?y\xd6t\x13p\xb1\x13\
\x0cF\xd1\xc7C\xd0LJ\xe5\xeb6\xf9\x82\xe9g:\
\x9f\x07\xa6\x08\x94b\x2217\xb3\xb1Z\x22B\x81\xb2\
!\x89\xa1\x9b\x9d\xef1\xc6\x94\x01b%$b1\xd2\
\x89\x01\xe3:\xeb\x1a\xddq\xdesD\xc4\xe2Bq\xaf\
\xbf\xd4\xe93\x98\x84\x9c\xff\x00\x1d//\x97M\xb8\x5c\
\xa6^H4\xf9O\xab7\xb5\xd8=\xbea\xd0\xde\x84\
\x18\xae\x9c\xcf\xe6\xb4B\xb0&\x85\xdeS2\xc1\xbc\xf4\
\xd0\xa3@\xb9\x80\xf4\x9e`\x8e\xdd\x0d\x12\x8eD\xd4\xc7\
l\xfc~\x80q@\x0a\x0d\xc6I\x1bP\xda\xbb\xe8\x80\
\xa5\xb1\x95\xc2\x082\x05ow\x966\x0e\xaaa\x0c\xd8\
\x1d\xf3\xd6\x8f\xc1\xc3eG0\xac\x0d+[\xd1\x17\xb5\
j\xbd!\x15*\x8e\xe9\xa8?<\xe9\xf4\xa2bR\xd0\
\x0d\xf8\x08\xf5\xe7FS\xe0\xca\xb3\x15\x1b\xe3j\x88\x92\
5RA\xdaPq\x0d\xd47\x17\xcf\xa6\xa0U\xe2\xf0\
\xdb\x89\x0e\x9c\xe3}\x0fi\x08\xa5\x9e\x1eb7\xd81\
\xa4%E\xd8bh\xc8\xbb~\x04\x9d\x0d\xcaJ\x08\x0c\
\xca\x1esS\x98t\x05M\xe9\x81W\x9f1\x93\xe7B\
\xd0E\x1d7\xd6\xce\xe7\xbb\xa4\xb3*\xe7*\xf1\xfcu\
\x81Rl\xa7&\xf9\xd5P\xd0\x95-\xe2\xbf\x04\xb8\xa6\
\xf9\x08\x221\x11Z\x93;\xd1\xd1\xdd\xb7Gd\xaa\x1b\
\x0c[\xd1\x8a\x09\x92t\xa0\xca\x83\xd89\x02+\x87\x97\
\x8dC\x07\xc91\x17\x19\x96\xe3\xa7=\xb5\x02\x93\x89\x84\
\xbb.I\x82\xef\xa6oH\x024n\xa6\xa9\xef\x07\xbe\
\xba\x07\x8c&\x221\x1b{W\x1aGj0\xc9k\xb9\
\xd3@\x11GJ\xf6\xd0\x18S\xb2\xfey\xd0L\x84\xf4\
]\x91\xfd<w\xd2(X\xe1N\xc1\xcf\x01\xa00\x07\
`\xd6P;)\xd7Re>\xae\x9b\xc8\xee\x0e\xf3\xef\
\xa6\x865I\x223\x0a1>\xbd\xdd:[YP1\
9\xc6~\xf6\x05\x0aPa\x08\xbb#\x03\x7f\xa8\xd6\xdd\
\x9bH\xdb|\xcf\xefD\xba7\xd8\xe9\xac\xf2S\xbb\xce\
\x99\xbas\x13/\x1f:\x83\x83\xc1\xab\x80\x0e\x0f@\xb8\
\x9e6\x99\xcf.\x9d\x94\x91\xdd\xe6=\xb5//\x97\xf8\
\x87.\xef{\xb3u\x8d\xb5$\xcaJ\xa1\xc2G'\xf3\
\xef\xa1\x04\x00\x08\x82\x12r\xe2f59F\xb8;|\
\xcd\xed\x94\xc6\x83\x13`\x89\x8a#\x8c\xc6\xc4cQ\xb0\
\x0a\xd9&&'\x0f.\xfc\xc6\x88\xc1\x22\x1c6\x8b\xeb\
\x89\xbe\xda\x08! \x22\x02J\x8a\xf0u\xbet\x04E\
U\x83\xa7\xc1\xf6t#\xdc(\xe8\x11\xe3Ppx?\
\xe8B\x91\xcf\xac\x14N\xc9\xbe&x\xd2\xd5\x06\xd6\xc2\
\x19\xdc\xdf\xa7M2\xc81\x9a\xceF69\xed\xea\xc4\
@\x22ci\xe8z\xc4\xf2O\x1af\x14\xab\x05\xf6\x8e\
&x\x8fg@d\x02N4\x03\x08\xec\x87\xb3\xaf\xf6\
\x07\xce\x93\x91\xa3\x9b\xc3\x1b\xf4\xd0l\xc4~?\xa2w\
\xf5\xc6\xa3\xa2\x1c\xbc\x9f:\x87/'\xce\x92\xcc\xab\x9c\
\xab\xc7?\xc2\xb5\x05t&js\xf6\xc6\x9d<\xa9#\
\x91m8\xa9\xbf\x117\xa1mh\xa9\xc5\x15\xf8\xeb\x11\
\xa9\x80.\xa8\xc8\xc7\x8e\xf3\x5ch\x0a\xb6&\x01B\x07\
\x9a\x1d\x0a\x05m]\x03A\x81\x1d\xab\x9aqs\xcc=\
\x98\x91\x94#\xb2\xfct>\xce\x80\xd2\x03\xc3\xcfLm\
\xa2xL\xdb[\xde\x7f\xe9\x07\x05\xdb\xae\xa1@Kh\
\xafl\xc7GC\x5c\xb5\x06)3\xd0\xa6[n:\xe9\
\xb6\x96\x09]\x95\x8d\xfdvy\xd1\xe7\x22d\x12\x1cK\
U\xdeY\xe6q\xa8C\x81\xb1\x98'\xfd\xeb\xac\xf9\xd3\
\xe9z\xc2\x06\xa7\x9c\xe7\xed\xc6\xf3\xb0AC{\x86\xce\
\x81\x09\xbe\xf7\xcf\xc7\xf8\x83\x83\xc1\xa2\xb1]\xab\xdb\xf8\
TH\x15]\x17\xd4\xe7igW\xeeL\x9c!\xe9\xb0\
\xfe\xf5X\x03\x90\x0d\x80\xcc\xce\xdaS`p|}\xef\
\xcc \x09r\x10\xd6\xf3s\xdc\xfdk\xfb\xe3\xfdm\x99\
\xceV2\xcf\xdf\xc7\xe07k-\xa4\xf9y~4\xbe\
U\xdd_s[\x7f\xe9\x22\x02v\xb2^\xae\xd9v\xcf\
]d\x01\xea\x82\xf3#\xf9\xd1\xe1,\x95\x89\x9d\xe5\xdd\
\x8cC\xed\xad\xe0h\x89\x0e\x8c\xdf\xafm\xabFT\x5c\
\xc4\x06\xf2v\xc6\xdc\x9a\x8a\x00\xa12\xf5\x80w\x8f\xce\
\xda\x80b\xd1h<OM\xa7\x8d\xb4\xa6\x05\x19\x02L\
o\x5cs\xb5\xf3\xac\xb9\xeb\xc9\xe91\x1f\xebM\xc2\xf8\
\xdf\xd6\x1f1|\xde\x82a\x8e\xd5\xecj\x5c\x1e\x0f\x9d\
K\x83\xc1\xf3\xa4.\x7f\x07\xcf\xf0r\xf2\xf9u\x8aV\
\xce|q\xeb\xdf\xb6\xa7\x84\x93t\x9e?ky\xf5\xd6\
\xf5\xe9X\x08\xaa9\xd0\xa9F\x02+c\x8eo\x1b\xfe\
A\xe6fV`\x88/+\x22m\x88\xc6\x9a\xcc\x06,\
\xca\xd1\x8d\xaf\xacbWy\xac\xc3f\xec1[t1\
2Ff\x1b\xe8\x10|\xc7\x89\xbbcF\xd79-\x88\
\xe99'm\xfd\x0de\xb6\x94\x1c\xdc~\xc7\xa2j\x0e\
\x14\x09\x84p_8\x0e\xacL\xea|\xbc\xbf\x1a\x9f/\
/\xc6\xa7\xcb\xcb\xf1\xff\x00$\x96NM1\x81\xa8\xe4\
\x0c\x01/B\xee\xef\x16\xb7.t\xb7K,Y9\x8b\
\xba\xf4\xeb\xc3\xa5\x95\xf8*3\xc0\xa4gM\xccd\x9b\
\xdc:9\x8ce\x8ao\x91\x02H\x83F\xc9\xe5\xf8\x98\
\x8c\x86\x0e\x03#\xa9\x9ev\x99\xfc\xac\xe9\x81\x12\xc9@\
\xa8-\x8d\xab\xa5^\x87)P\x83\x10<L\xf5\xef\xcc\
\x88\x85\x9c\xa1V\x1b\xc7'[\x82'Q\x92\x93\x08\xc1\
\xcc\x86&\xe2='}oz\xa3lF#\x93\xbf]\
\xe7\xd7\xcb\xe7@(\xdc\xe2l\xdf\x1f\xe2^_/\xff\
\x00rH\x851\x859\xe3IfU\xceU\xe3\x9f\xf3\
\x5cV\x15U\xc6\xb9M\x12\xd3{\x0f[\x8f\xce\x94m\
 ,\xad\x897\xccK7\xdbD\xe0\x99Lu\x0dH\
&R\x0bUA\xc5$t\xfe\xf4\xf0\x02o\x99\x99\x0f\
\xdc\xbd\xb4J\x0c\x1b\xe60&\xf8\xeas\xa0\xf0\x8fW\
\x7ff\xafG\x07\x5c\xc8,\xf3\x98\xf3\xbd\xe8i\x1aH\
\x90\xd6\x7f\xbc\xf7\xad\x0c`v\x11\x15~\xd3\xd3\xd7R\
\xf2\xf9u//\x97R\xf2\xf9u\x07\x07\x83\xfe8=\
\xdfs@\xaa2m\xd5\xd0\x04\x0a\x05\x80\xa1\xb7\xc1\xa4\
\xb9j3w\x10\xb7};%\xdb\xf2<~\xd0\xbd0\
\x80\x16H\x0c\xcdE\xce\x98v$\x17n9l\xd4\xcc\
\x1e\x91\xa0\x0dQ\x8d\xc9\xb0I1\xf9\xf4\x9d\x07B\xa5\
\xb0,!\xde\xeb\xbdmz\x8cJh\x88r2\x12\xdd\
vgE\x19\xae\x89\x81|%\x8d\xb3\xbf]f0\x00\
 \x95\x94v\xf3\x8d\xb5%\x88\xc6$\x9f\x1dq\xda\xf3\
\xa00R\x82\x9d\xe4\x22*;\x972\xef\xa1 \xcb`\
\xe5\xdf\xff\x00\xbfo\xa7\xef[\xfd\x7f_\xe7\xe9\xe3N\
\x16W+\x12\xe2-\x9fH\xae\x19\xd1\x1e\x01\xda\xa69\
\x8dG\x93'f\x19\xf3S\xfa\xc0\xd3\x82Z\xf6:\x11\
\xdfH\x01\x0e\xe8Y\x12\xccV\xd78bcT\xb7\xee\
\xcf\xbe+\xf1#\xc0\x02RS\x14V+\xfb\xd4|\xa2\
\x93(\xbae\x8c\x9d\xf8\xce\x86\x11q\x13\x9d\x9e\x9bo\
\xb5u\xd0\x84P-\x14a\xb7\xfd(9\x07\xb9>\xfa\
\x14\xc3\x1d\xab\xdbY\x0b\xb8\xe5\xcfS\xd3oJt\xb2\
\xc9\x92\x1c\x18\xe9\x1e}\xad\xbe\x80\x13g\x04\xed\x1f\x9d\
\x0aT\x08\x83\x0411E}\x9d\xa2\xa5\xa4\xd4\xb2\xc4\
\xc3\xc7\xa3\xef\xa2\x8e0\xaa\x08\xb2l\xc4\xdc\xce\xa3\x1b\
\x08\x09.\x0b'r(\xd0'Wb\x0fTD\xccb\
v\xbd\x0ae\xce\x9d:3S\xc4\xe3\xb0\x8c\xc2\x9e\xb8\
B\xc7\x1e\x90r\xc1v\xe8[\xb6\xe3\xaa'\xd3\xd7S\
0Xv$'\xc0:j\xcb,-\xb7\xb9\x9f\xfe\xfd\
\xbe\x9f\xbdo\xf5\xfd\x7f\x9f\xd9\xfa\xd49\x22^\xf12\
\xc7v\xb5\x05;\x9f\xc4m\x9cw\xbd_'\x91\x13Y\
/\xd21\x8b\x8d\x0c%R\x0d\xfe9\xae\xfa\x1e\x1e\x1a\
\xd9P\x96\xa0#\xa0hK,\xe5\x9d\xe3\xf4i.S\
\xdb\xb5\xd1\xc4O\xb6\x81\x11\xb1\xbbq\x8cF|\xf4\xd4\
l\xf0\xdaW\x8e\xb7\x11\xeb8\xce\x99\x0aU[n\xff\
\x00\xf4\x81\x99\x079\x07\x8etB`\x8bq[\x9ch\
\x8d\x8f\x07\x8e\xf5\x17\x0dl\xc4\x81\x16\xe6\xb7fy\xd2\
\x8c+\x02\x05\xb2@n\xbf\xd7MB%\x84\xcc\xe0X\
RJ\xec\xf1\xc6\xa0\x9b \xceJ+\xd2\x0eqz\x0e\
\xe7^\x96\xa3\xf0_Rt@\x19Q\x14\xdb\x19{\x89\
\xcc\xf3\xbca1$\x14K\x1cD}\xdd\xd3\xa0)3\
\x0a\x8eq=\xa5\xdb.\x9b\x82$Q\x9d\x99\xef\x1b\xfc\
\xea\x1c\xcd9\x96g\xdf\x8a\xeb\x15\xa4\xcf\xb3c\x8e\xfa\
\x02\x01\x1c\x0a<\x15\xff\x00\xdf\xb7\xd3\xf7\xad\xfe\xbf\xaf\
\xf3\xfb?Z$jP\xe5\xe7H\x010\xd0\xc5\xf6'\
~\xa5\xb6\x95+E5\xa9n\x9crm\x068\xd2Q\
(\x18Tcf\x0e\x0c\x9c\x0eu\x8d\xbe\x06\x22\x02v\
\xf4\x98\x9b\xce\x86\x84{\x84\xf3\xdf\xef]l\xd0\xf2\xd9\
\xc7N\x9a\x8c\x87\x0c\x03\xd9\xbfl\xd0\xd6P\x0a\x09\x82\
H\xafM\xbc\xf5\xd6\xdfO\xdf\xfd1\x12\x0fgo\x8d\
`\xf7}\xcd\x01\xc9?_\x83\xc1\xa02\x02\x16\x04\x90\
\xb3J\x89DHB1\x03\x11S\x1bDMV\xa3\xf9\
\x98\xc9\x17\x89c\xb4\xfee\xd3\xa0\xe8\xb8\x9cT\xc7c\
\xaf,\xe9\x82\x8e\x1bF\x05Dz\xf7\xd4\x14\x08\xb96\
\x87\x03}\xf8\xce\x9d\x8a\xae\xec\x011-\x90I\xe3K\
!\xed\xcf\x9bf{3<\xf3\xa5\xf2\xfd\xd7N\x9d\x0d\
%\x14\xecM\xbb\x1b\x9d7\xf2L\xac\x10\xc1.P\xc5\
L\xc6\xfd\xf6\xfe\x01\x07 \xf7\x07\xdf@\x18\x03\xb0\x1e\
\xdf\xe2\x0e\x0f\x06\xb9\xcc\x9aR\xeb\xa7CUJ\xc8`\
\xf1[v\xce\xfc\x1aD-\x88W\x11\xd3\x15\xdb\xa1\xab\
pn\x18\xd6/\x1d\xb8\xbc\xe8\xe2$@XP\x05`\
\x9f\x8egQ\x80\x87)\x0b\x8c\xca\xef\xe3\xb6\x8eM\x9b\
\x92d\x02\x0e0t\xb9\x8dc\xd1\xda\x18\x9f\xb7\xd3\x9a\
\xa9\x0a\xc3\xb7\x1d\xd7\x86\x82\x80{P\xb3\xdc\xdd\x8eO\
.\xacP\x032w\x13\x7f\xbe\xbaTI\x08\xb5t\x07\
\xae\xde/\x9d)\x86}\xd3\x98jY\xde\xa3\x8e\xae\xa3\
\xa53\x8a<\xb7;<{h\xa6=2O\xf42\xde\
7\xd4\x1c\x1e\x0d\x7f\xac>5\xf4\xaf\x9d!\x84c\x15\
\xed\xdf\xed\xc5\x94\x87D.\x0e^\x071\xe9\x9a\xd9\x95\
\x96K\x9e\x11\xdb\xf3\xcdZ)\xc4Vc\xd3w\xeeY\
\xe6]\xe5\xef\xa1d\x91&gSz\x1c\x88C\x10X\
\x06\xd8\xea\xb8n\xe1\xd5\xc3\x1b\x04C\xc4\x0do\xd3\xa7\
\x09\xc96f\xc2\xd1\xa7\xae\xfcjD\xc8r\xa1I,\
\x96\xe1\x82k\x05\xf1\xa7\xadX\xd0\x01C\xb4ozA\
\xc8=\xc1\xf7\xd7\xfa\xc3\xe3F v\x0e\x9f\x06\xa0\xc0\
z\xbf:\x83\x83\xc1\xa88<\x1f\xc1A\xc1\xe0\xd2\xa1\
\x1d\x05\x8a\x03\x13\xcf\x83\xd6\x1b\xb9o\x92\x04\x1dc\x83\
\xbf\x90\xa5\xacKKp}\xf3\xdcq\xbd@Wj\xcb\
>N\x9dcK\xc1\x14\x01\xd9\xb4\xd7\xd9\x8d\xb12p\
\x9b\xc4o\x8a\xef\x06\x87(@\xb0\xc8`\xe1<\xb3\x1c\
:\x0e\x097A\xc1\x1dX\xed\x91'PY1\x11f\
H\xf8\xf7\xc4\xd4\x94\xb1*\xcb\xb4\xdc\x98.\xab\xd2R\
\x8e\x19\xdd;\x9e\x97\xe2\xba\xc6\xa7u\x0b\x92\xa3\xbbn\
\xdc\xe7J\x8e\x9ebj)\xcfRdz\xba\x8b\x10@\
\x90\x96\x09\x09\x85s\x89^\xfa\x00+H$\xa3\x9d\x93\
\xeb\xf6d\x00Z\x89\x96IJaf\xb6\xeb\xc3\xac\x94\
\xf1\xbc\x9bQ9\xb6\xb1:s%\xde}\xb4}\xa3\xbc\
[\x8b\xcd~c\xae\x83\x07\xe7~\xa7\xb3\xf4$\x02\x1d\
\x11\x81\xc6og7~5wC\x86*\xad\x8f\xde\x8e\
4H\x90\xabRO\x97\xfa\x1d!M\x08\x15%\x84\x8f\
\xd31\xbb\xbb\xa7\x18\x02B\xa3~\x89M\xfd\xb9\x90 \
\x15\xed\x92\x18\x9d\xef\xfb\xce\x95\xc8{\x83\xfa\xd0&\x01\
\x9c\x01\xc7\xf10\x19\x84Q\xb2\xb2\xc3@Nx\x8cj\
`K\x11,\xc5&fb\xaf\xech2\xc5\x87\x17\x83\
\xb7\xeb\x0f]E1`\xaa\x98\x9czDU\xd6\x94\x0f\
\x8cpb\xd3)\xd5\x18\xba\xa8\x14\x94:\xca\xbcc\x8c\
\x1f\x8e\x0d&J\xf5]\xbb\xe3or\xee\x12\xcc\xab\xdc\
\xfd\xd8\xf1\xa4\x98S\xb5i\xb5\x8a\x88\x98q\x99\xa9\x03\
\xfb\xe0\xc4\x8fh\xe9\xf1\xf8= \x16\x99\x17\x9a\x87\xbe\
\xc9\xda: `\xa8D<53\x19i\x84\xe8\xe7Q\
P)\xd9l'\xb4~\x0dF\xaab\x058\x04\xf6\x93\
\x99\xdbmm\x85\xae0F)f\x08\xef\xa9\xd3\x0d\xb6\
6\x0f\x83\xf3\xa8q\xfc}c\xec\xba\x81\x9b \xc5\xad\
e\xed\x9eU\xe1u\xfe\x8c\xf9\xe9\xef\xcb\xa2\x0b\x06\xec\
W\x1f\x9b+\x12q\xa2\x84\x87\x96\xf6\xaa\xcb\xe3M\x00\
\x00\xc1k0o\xc7\xf7=\x15\x13\x92\xf9\xdfl@\xfa\
\xf1\xa5\xc8\xae\xf2\xf1\xcf\xa7\xe3\xa6\xa2\x93G'\xa4;\
\xdd<\xf0o\xac\xa2\xb7\xb5\xf9\xfc4o\x98\xd4v\xc1\
0\x06\xcec\xa0x\xfe%\x9c\xe0\x12\xf5)c\x10\xcd\
\xfe5z\xe4;\x87\xf5\xf9\xce\xa8,\xa6\x5c\x1dk\x04\
\xe2+\x1aj\xe8\xacn9X\xb691\xbc\xea\x0e-\
\xa4\xd01\x89\xe9\xbcv\xe7\x1c\xe6%\x18\xc3\xc0\xc5\xef\
\x88\xe7S\x80%\xa2\xca\xe3\x9f\xbe\xbaI\x94%\x0d\x92\
\xe7\xae4\xcf!\xee\x1c\x8f\xe8\xd2\x14\x08\xed\xdf\x15\xbf\
=3\x11\xa9t\xfchx#\xb2\x9e`\xd4\xa5\x0av\
\xacG\x1a\xc6\x15\xb8F\x04o\xc8\xfc\xeaQ\xc0n6\
\x9f\xd1=\xb7\x97X\xd3\xc7\x80p\xf4\x0b\xcd\xf4\xd0x\
\x0e\xdd\x9c=\x0f\x07\x1a\xeb\x1d\x95\xe3\x97\xbc\xcf\xed\x9e\
3\xeb\xa6\x8e{\x19\xa6\xb7\x8d\x10\x9c\x1fHu\x94}\
\xfe\x9biyy\xcc\xdd\xb7\xd8\xaa\xde\xe2(L\xa6W\
\x93\xf4>\xce\x82\x15\x99\x06\xe1\xday\xd7\xfa#\xa7\xc1\
\xa3\x18\xb0c\x88\x8d\xba\x1a\x8f\x00y+\xd3@\x82\x09\
\x9c\x9d>\xec\xbf\xc4\x8b\x0a\xd0)\xa1\xdb\x15\x19\x8ey\
\x9d\x10\x0a\x04@(,\xc4\xf6>\xad`\x0b\xa5\xb3\x06\
\xc9\xe7\x9dX\x90\x96\x09B\x12\x22q\xa7h\x15\xc6\xa6\
\xc5N\xc6I?\x1a\x8c\x827\x99\xc5\x1b\xf4k\xaf]\
\x12$kr\x1d\xce\x87\xef\x17\x9d\x00\x10\x88\x890v\
b\xa3\xa6\xfa\x1c\x1aH1\xdf\xd7X\x995pb\xb3\
X\xa1\xe6\x9et\x95\x85\xd4\x01\xc6P\x9cS\xd7\x9b\xd7\
\xfa\xc3\xe3B\xd4o\xb1\xd3@\x1a\xa3\x80N\xf7\x1b\xf6\
\xe7\xa4l\x0a\xec\xfd\x9a\x07\x00\xec\x1f:soc\x0f\
\x1bV\xde\xfe\x9fW\xfa\xd4\xa9\xa2y\xe8\x8f\xc5\xc7\xf5\
\xa2\x91;\x13\x1a\x89\x90\xc1\x833\x1c\xe6b\xf3\xa79\
6\xb0\xef\xfa\xd5\x92\xe4\x9a\x0e\x98\xae\x87^\xba\x08!\
@c\x83\xb7\xf8\x97\x97\xcb\xa97~~4\x0a1\x13\
o\xacP\xefq\xfcL\xa6\x18\xd5\xcao\xb1\xd3Y\x1d\
\xdfmg;\xf3\xbf\xab:\x82B\x09\x98\x8a\x9e\xdal\
\x86\xccC\xa8\xb0>\x8e\x8a\xee\xbd\xc7\xfb\xd4\xf7\x05\xe5\
\x0f\xd4\xfd\xc2\xdc\x09]\x8f1\xbf9\x8f~\xda\x18\x91\
\x07x\xed\xf0k\xa3\xe0h\xcf\x83\xb4\x18\x8e#\x8d\x0c\
\xb6\xc6\xd5\x7f\x9do/\xbb'\x97\x82\xdf\xb3\x0b\x9fS\
\x94\xeea\xaf\xce\x84\xc4b+\xa7\xaeW\xeeMC\x97\
\x93\xe7Ke\x9e\xe8\xfe\xff\x00\xe5//\x97Ppx\
5.%\x8e'P\x18\x03\xf8\x988<\x1a+\x15\xda\
\xbd\xb4)\x85\x22\xf3\xa2\x18C\xb0=\xb493\xde\xfe\
\xf3\xb9Xe\x0f\xf1\x07\x07\x83Ppx4B\x04\xf8\
\x9e\xf3\xb3\xc4{\xebjX\xee\xf0Ol\x18\xed{K\
V \x8b\x99\x9a\xe2\xbas\xb0\x5c\x9dA\x83\x11u\xcc\
[\x9e\x98\xdf[Q=\x12\xc1\xbc\xc6\xda\x00\xc0\x13\x98\
\x0b\xd3)\x0a\xf9\xd5\x94Q\xe3~\x9e\xaf}u^{\
y)\xe3RR\xafvz$K\x18\xdb\xc4Hv\xfe\
?\xbd}/\xe3\xfcA\xc1\xe0\xfeB^_.\xa5\xe5\
\xf2\xeb\xfdg[\x8e\xcf\x13\x1bN\xd3\xd1\x1f\xd7zu\
\xe8j^_.\xbd#\xc7\xe9u\x0c)a&8\xc0\
\xc3\x94\xbe\x99\xadF\xda\xad\xf9\x8f\xe8\xa1\x8a7t)\
\x05\xd8V}=4\x98#\xb2\x9b\x8f\x86\xb2W\x87J\
$\x93\x85\x93k\xccP\x19\xd7o\xe3\xfb\xd4\xbc\xbe]\
E\x851\x85\x9f\x9fX\x97\x18\x9d\x7f\xbc|\xe8\xfe<\
\xc6\xe6\xdfb\xb5//\x97\xf9Iy|\xba\x14\xc3\x1d\
\xab\x18\xc6\x95\xa5<\x5c\xfb\xf8\x8f\xdeQ\xcdTK\x88\
\x80\xf63\xeb\x1b\xcf\xe8{j\xdf\xb8\xe9\xa5\xe6j\xea\
c{\xb7i\xe3\x8d\x0c\xc5v\x03\xd9\xd7i\xe0\xf9\xd0\
\x18\xae\xd0{:\x0b\x15\xd8\x0f\xde\xbe\x97\xf1\xa8r\xf9\
~4\xdeo\xbd\xff\x00\x80\x0c\x01\xd8\x0fmK\xcb\xe5\
\xfeR\x0e\x0f\x06\xa0\xe0\xf0hf\x00\xec\x07\xefA\xe0\
=\x0e\xdf\xadA\xc1\xe0\xd0\xa6\x14\xec\xa7\xb6\xba\x8f.\
\xa5\xe5\xf2\xea^_.\xa5\xe5\xf2\xea^_.\xa0\xe0\
\xf0j\x0e\x0f\x06\xa0\xe0\xf0j\x0e\x0f\x06\xa0\xe0\xf0j\
\x0e\x0f\x07\xff\x00\xd9\x1f\xff\xc4\x00-\x10\x01\x00\x02\x01\
\x04\x01\x03\x04\x03\x01\x01\x01\x01\x01\x01\x01\x01\x11!1\
\x00AQaq\x81\x91\xa1\xb1\xc1\xd1\xf0\x10`\xe1\xf1\
 @0P\xa0\x90\xff\xda\x00\x08\x01\x01\x00\x01?\x10\
\xff\x00\xfe+\xc9\xc9\xeek\xbb\xe0\xfck\xfe\x01\xf8\xd4\
$\xb33\xb1\xdf\x06\xa3\xc3\xf1\xf9\xd4x{\x1a\xdc\xbd\
\xa3\x13\x9b\xfd\xe2u\xfb\x0f\xc3R\xef\xd8\xd32\xcf\x80\
\xf8`\x1d%\xbd\x9c\x1du\xa4\xa5\xf3\xf8\xfe\xfb\xdd\xf0\
~5\x16\xc3\x13b1>1x\xf4\x8a\xd7\x0e\x89\x8b\
\x9f-\xb7\xe2\x9cV\x97r\xbe<\xf1\xe9\xed\x9dyi\
N\xce\x13\x99qY_.\x90\x9cf\xae\xb7\xf1U\x9f\
|\xd6\x95\xa6\xe1T\xf9I\xcb\x1b\xd8\xc4\x9a\xb1\x5cn\
\xf7\xde\xb3|}\xcdb\xf9\xfb\x1f\xde\xda\x15\xcf\xe7X\
&\xe6~\xfci\xa5=\x5c\xfam\xf63\xdc\xb1\x12\xc7\
\xef\xc7X\xd4\xc8\x97\x0e\xf7a\x1b\xe0\x9f\x8e\xb5\xea8\
O\xd9\xaa\xa3\xb4y5\x03\x05\xdf\xea\x7f\xce\xf3\x18t\
\xfdw\xa0 \x01\x90\xe0\x8eg\xbf\xb2h\x93\xeb\xe0\x0f\
h\x06\xaf}\x81\xd6\xefO\xbe\xb3|}\xcdb\xf9\xfb\
\x1f\xde\xdb\x06n~\xe9\xa3\x06\xf0\xda\xed\xce \xe7\xed\
\xab\x19\x5c}8\xd2\xdazK\xff\x00g\xf1\xeb\xa80\
t\x94\x97\x99\xe7\x9e\xbb\xf4\xa0>L?[\xf4\x8e5\
\x19\x127\x9a\xe7\xb5\xfd\xda\xcd\x0fv\xc0n\xbc\x1e\x9a\
\x8e\x90\xbe\x11\xebB|d\xba\xd1\x88\xb3\x90\xbae\x7f\
?\x15\xad\xde\x9f}f\xf8\xfb\x9a\xc5\xf3\xf6?\xbb\xe1\
F\x22=\x7fk\xce\x81(f5\x96tQY\x9b\xa6\
#\xa9\x9f\x8dQ_c\xeb\xdf\xa5ja[r\xf7\xde\
\x94C\xef!\x07\xb8u\xff\x00X\xd1f\x01R1\x92\
Qp\xdbfu\x92].=\xcb\xce}\x98\xd65\xf0\
R.&C|\xb2\x91\xe1G@\xae0\xce0c\xa8\
\xe69\xd6\x11Hd\x9b\xa8\x17\xc6\x1d\xb5\xc0\xe6\xc9\x83\
\x00\xc5\xea\x07p\xba\x11A\xb1$\xfbL4\xecx\xe1\
n\xcb\x85\xf1\xef\xbf>(\xd6o\x8f\xb9\xa6b\x5c\xcc\
\xe3\xbf\xc6\xa3\xc3\xf1\xf9\xd0%\x0c\xc7\xf7Y:\xbc\x92\
.9\x9e?:\x0c[~\xfe\xdc\xce\xa1)\x18\x833\
\xc4\xf9\xc7\xd6\xb4\x0b\x93\xcb\xd1\x15\xcds\xd6\x8ch\x10\
\x0a\xc6p\xfeC\xf1\xa5A\xe0\xbe\xc9\xec\xff\x00\x88\xe7\
Ik\x0c\xb2y\xca}k\xce\x83jh)\x8ag,\
\x92\xcb\xb8\xe9\x8a\xd6\x0cxr\x8ee\xdb\xce\xa0K\x19\
\x18`\xc4\xfb\x9bD;\xd2\xca\x1d!\x80\x8dVO\xdf\
4^\xab\xd1\x1aE\x8c\x90\x02\xf8I\x8a\xd4\x00\x16\x95\
y,J\xd8\xc18\x11\x01DT0\xa334\x11\xd0\
\x04\xf3\xa6eh\x1c\xee\xef\xac\xc3>\x87|\x1d\x1a8\
T~\xef\xfc\x00\x98\xef\x9e\xbf\xba\xaa9-\xa9\xfa\x06\
\x977\xc3\x7f\xa7Y\x9d.\xcc'\xf7lz\xe8Y\x00\
\xe2G\xeb1\xa8 \xb2K\x22O\x13\x15!Y\x87\x98\
\xd2\xde3\x07\xaa\x91\xf5_M#\xb0\x01\x03\x132\xf7\
&f\x5c\xa9` \xdc\xf6\x00! @\x9a\x1bD\xef\
\xfe\xca\x82*\xe0\xbb\xcdF\x0d\xce\x98y\xbc6\x98\x8c\
\x16\x15\xac\xfa\xc4X\xad\xca\x1eM\xee\xafB\xfd\x83\xc2\
H\xb8\x05\xed\x08\x9d\xb4,\xc3[@\x88Hn*\xe8\
*q\x01\x16\x17\xa3\x05\x10\x80A\x005v\xf8\xfaL\
ko\xf2\xdf\xeb\xf6\xfe\xeaq\xa3im>\x89\xef\xfa\
\xf3\x03\xb1{\xf75\x1a\xda,l/\xc8\xe7\xe3~\xb2\
\x83\xea\xfdH\x9c\xed\xd7z\xc72\x87\x95*\xcf\xad\x1c\
h\xd9\xdf\x15\xce\x84\x7fw$\xd3\xe6\xd9\x84\xe6\xf0\x87\
\x00\x1d\xd1\x8d\x07O\xe0A\x8e&L\xb7\xbc\xcd\xc6\xa0\
YrQ\x8eC\x0bC C$+S\x96\xea\xc2\xb7\
\xceQ\xe9\x88\xe3I g\x04:D\xce\x88\x8e\x192\
+l0d\x054\x86Dn\x8e\xaf\x0d\xaa\x96\xd8\x18\
\x98\x18n\x0deMF\x15\xc6h\x0b\xe8\xd5q\xc3\xe7\
:\xdb\xfc\xb7\xfa\xfd\xbf\xba\xc0p\xca1\xbf-\xc7[\
\xfcCV\xc6\x93\x8a\xe2\xa3E\x97\xd4\x19\xf05\x11E\
Z=K_\x83\xc6t\xdb\xeb\x02\xdbA\x87\xb2\x1c\xcc\
C)\xb2\xf7\x93/\x22\xe9a\x02:$\x831\x16\xa2\
r\x97-\x1c\xc1:6\xfd\xa63\x82\x88\x89\xda<#\
BU@D\xea`\xbd\x86X\xb3\xa0\x1e$\x8a[\x04\
\x04I\xee\x0d\xf2\xea _\x0f\x0f}\xc2\xd8\xe5\x82\xd4\
\x03>U\xb2L\x17\xb6f\x1dR\x185[\x8a72\
\x8b\xdd\x1a\xc3\x1b\x82\xed7\x1a\xcfo\x8d]\xbe>\x93\
\x1a\xdb\xfc\xb7\xfa\xfd\xbf\xba\xb2J\xb8\x08\x01}\x04\xbb\
\x13a\xe5u \xa5\x06j\x029\xcf\x9d\x18\xd2\xe6\xe6\
b:\x99\xf8\xd3\x8d9\xe5\x06Ek\xa2{\x9a\xa7\x18\
(\xd7\x8d\xc8\x06\xc54A\x88`\x8b\x15+\x94'\x0e\
;\xe84\x90W\xa0\x94\xd1\x22$\x99+\xa8\xb3\xf8b\
L\xb2\x93\xce\xfe4\xb3\xf1E\x906=g8\x8f:\
\x8c\x94\x1d\x81|l\x86\xab\xdbF<\x94\x85Wb*\
\x1dF\xdc\x9a\x5cm\xc0\x10\x1bX\xceff0\xb3\xac\
\x1c\xe6\x02\x9a\xb8\x0d\xd5\x16`\x1a\x83V\xcf\x12\xd2\xa0\
\xb3\xda\xe1#Q\x0c\x15\xe6\x9f?_\x19\xd3\x14Er\
\xfd\xde\xdd`\x9b\x99\xfb\xf1\xa9\xf7\xee\xfc\xe9r\xae{\
\xeb\xc5g}\xb3_\xdd()\xbf\x09\x896\xc66\x8e\
s\xa9f\x927\xc4\xfa\x1fy\x80\xbcX\xf0\x93\xb5V\
C\x17\xed\xf5\x8d\x03\x993%\xe5\x8b\x1b\xcd\x91\x89\xdf\
@\xb8B\x0ba\x89\x91\xb4I\x96'\xd7Ht\xb8i\
0\xcb2\x15\x18\xa5w\xa8B=\x03t\x18\x1d\xf27\
Nu\x03\x03i\x948\xc9d\x87oB\xf5\x07\x92e\
*\xd7R\xa0]\xa0fc]A1A;\x93\x86\xbd\
b`9\xd5\x7fd\xe6\xbc\x12_X\xe3A\x1c\xd1\x11\
\x0d QwI\xe1:\x1ewR\x85\x08Q7\xc2\xaf\
\x19\x86\xc2\x16\xb0e\x97\xb5\xdf\xd64\xb3\xd4?]f\
\xf8\xfb\x9a\x00\xa3\x0b\x19\xfd\xdf\xfb\xbe/s\xcam\x8d\
\xdd,B(\xfe\xf3\xab\xb0/2\x9f\x04\x1d\xf9\xe5Z\
a\x08Z\x09>q\x8e\xb3\x19\x9a%\x84\x8e\x01\x16\xd4\
\x17\x97\x9f\x9dJD\xcf3\xb8\xe7\xcf\xc3\x0d\xda\xdet\
\x13O!\x1f\x0dt\xe3E\x06\xa5Fc\xfd\xe9\xe2\xfb\
p)\x95h.\x9foH\xd0\xa0\xe5\x0a\xc6]\xe4\xe5\
\xb5\xe0\xd1OZ\xb68\x8b\xa3\xbe\x13\x89]\x04\x914\
\xc2$E\x10\x8d\x8a\x1ea\xd2\xa4h\x83qc\xc0\x00\
\x06\x10\x113\x01\x00\x0dOd\xc2\x08\xb6\xd5\xb6\xb7z\
}\xf5\x9b\xe3\xeek\x17\xcf\xd8\xfe\xeeI$\x8f\x87\xee\
\xeb*\x8b8\x1b\xf5\x1d0\x05\x13\x11\x0179\x8az\
\xf6\xce\xa2\xc2\x9d&\xddq\xe6\xe7\xc3\xa5\x8c \x0cN\
q3!!\xc5\xfd\x14\x90\x91\xb7Da\xebT\x12I\
\xf8ma\xee\xf3\xce\xa0\xad\xc9\x0cHF\xe5\x93\x82\xe6\
\x96[\x86\xde\xec#\x15W\x17=\xce\xdao\xb4c\x91\
\xd5\x8f\xa4j}\x01(,!\x09\x8e#\xccN\x81J\
\x13\x15\x10\xd5$\x18\xa2%\x0e\x90\x1d\xe0\x90rP\x1b\
\xe2\x07\xce\x864\x89\x02&8\xa6}\xac\xfakw\xa7\
\xdfY\xbe>\xe6\xb1|\xfd\x8f\xee\xf6\xfb\x98>\x9f\xb7\
\xd5jA\x1dPM\xcd\xe7&\xce\xd3\x1b\x9av\x09f\
~\xfcf\xa3\x1b\xef\xa2 \x8d\x99\x1fr\x18\xf5\x97\xe7\
Jk\xe6b\x18&ev\xfa\x1eu.`\xac\xb2\x1a\
\xe8\x859\xeb\x9e\x1a\x84\xd8%&f\xd5Nf9\xc1\
\xa2L\x16Y\xf7\xfa\xbbb\xb1\x98>\x99\x08\x8a\xbb\xaa\
\x96<\xceu\xb2P\x11\xb3\x95\xf95\xdd\xea\xe5\xd1!\
AJ\x00<\xd8\xf8\xad\x12\xe5Q\x13Uc\x08\xc11\
\x19\x93N\x0c\xa5\x15\xc2YVb\x13\x17H\x9c~\x81\
/\xdc\xdbr\xfa\xdfw\xa7\xdfY\xbe>\xe6\xb1|\xfd\
\x8f\xee\xd2\xdeo\xfd\x8ds?\x1e\xd8\xc7\xc7-6+\
J\xd8\xfb;{\xe9\x01Aa\xeb\xbbg\xa2jd\xb2\
2\xe1\x98a<PK\xcd\x08\xe9\x0d\xf9\x83G\xa1\xd9\
\xa8\x18\xd8\xa2O2q\xcc\xbfi\x11`f\xa9\x867\
\xd9o\x87G\xc9f\x09\xb9\xdb\xdek~\xf4\x0dEp\
f\xbc\xc6\xd1F\xb3*\x09\x9d\xc7\x01Pyi`\xe1\
\x00\x94\xf4}\x88:\xd5\x03\xab\x11\x8d\x80\x86\xd3\xd00\
\xd5u\xcc4{\xd9\xb4\x1c2:#6\xdb\x05\xea\x02\
'\xf1\xde\xb7z}\xf5\x9b\xe3\xeek\x17\xcf\xd8\xfe\xed\
\x04DW\xeb\xa2\x22 \xf6\xdf\x92\xe1\xe1\x8c1\xe06\
o\xdf?\xe1\xa9\x10^>X8\xf6\x1c\xe9JK\x9a\
r\xc7\xab\xb2\xe4i<,T>6OQ\xd25'\
\x9e\x1c1e\xe5)w\x98\x9d\xf4\xe1j$g\x89$\
\xaa \x88\xdd\x0bQ|\x01Q\xea(q$O\x89\xd3\
%\xc0\x1d\xd4\x18.fI\x99\x09\xd2\xc8;\x5c\xd2\x19\
B\x1c\x12\x5cD)c5i\x19,\x0c\x0f\x01\xc4\x81\
GS\x0c\xe6\x86\xc0\xc4PtgEe\x0a:`\x8a\
\xccl\xb77i\x810\xba\xa6\xbc\xb7\xf8\xdc\xbdn\xf4\
\xfb\xeb7\xc7\xdc\xd6/\x9f\xb1\xfd\xdd\xb8\xb8\xff\x00'\
9\xd5H\x86w\xf8\xb9f/k\xf0:\x05B\xc9\x87\
\xdbl>\xba\xb1\xb6I9\xe1\xd7\xa4:\xdc\xeb\x22F\
L^\xc3{u\x09\xa0zn\xda;\xab\x98'=\xe2\
\x5cHrX\x0c\xc4\x92\x9b\x10D\x89zA\xfc\xbd\xd9\
90;\x10\xe0\xc3B?%'\x9e$\xcbqS:\
I6\xa4\xcd\xed\xf4\xcd1{b\x1bd\xef\xa5\xcfY\
p.\xe8\xc3@\x12\xec\xc8(\x97`KU\xbb\xb7z\
\xc5V\x88\x92ld!\x5cC\xf1<\xa4\xf7\x7fI\x88\
\xdf\x89\xackw\xa7\xdfY\xbe>\xe6\xb1|\xfd\x8f\xee\
\xec\x97\xc0\x87\xcc\x12W\xbfZ)\xc6\x98}\xf6\xc7\xc6\
\x81Qf\xc1\xef\x9e#\x15z0EG9\xef\x18\xeb\
}F\x05\xe8\x078\x14Q\xc2%\xc7u{\xa4\xa0\xca\
\xaa\xa9^E,e\x06\x92\xd8\xa0\x08\x0cJ\xaf\x89\x91\
\x95]N\xa7\x0e\xa8\xe3W\xdc'\xdc\x0blVk8\
\x82mP`\x10\x0d1\x9d \xe8`-O\xb6M\x16\
\xc5\x89\x12\xb0\xa6\x96J\xe0@\xd1\x94\x16@A*\xa0\
\x8f\xaf\xa6\x80\xe3\x8ef\xfe\x9d\xfd+:\xe9kw\xa7\
\xdfY\xbe>\xe6\xb1|\xfd\x8f\xee\xf9\xfc\xa3\xd9vi\
fn\xfb\xad;\xdc}{\xff\x008\xf8\x96\x11\x84\x9d\
\xf9g\xfe\xfeQ\xc4\xed\xd9\xa3d\x92f\x1e\xe0\x89\xea\
\x22\x18\x825}\xa7\x06\xc6D\x14B%^ZW\x12\
w!8\x80\xd0\xab\xec\xcc+R\xe3\xd4\x85\xa42\xbd\
\xcf,j\xc8\xe1\xc4\x81\xb4\xa1\xdc\x00\x9br\xfe!\xb2\
*\xb2\xa2\xed\xc5L\xc3Fu\x9fc(\x1d\x8a\xe7.\
\xe8k\xf6/\xe7RY\xd6K\xbc}\xbb\x9dN\x9b[\
\xde }=\x7f\xdd-\xc9\x9a\xf1\xec\xdb\xd7\xbe\x85\xd7\
\xc6\xd5\xed\x97\xf5\xce\x84a\xfak\xbb\xe0\xfci)|\
\xfe?\xba\xa7/\xc7{F\x85,\xd2\x0eO\xb7\xd3\xf8\
*\x08z\xfd\x93N\x0d\xbc\xef\x8b(t\xc2\xa8\x0a\x17\
&%o\x9c\xee7n\x92\xba\x15\x1eFF\xb0\x8f\xc3\
\x9eSK\x5c\xc4\x91\x87$\x07\x91j\xc4\xad\x04\x0b*\
\x1e\xe4\xa0\xf6\xe7\x91\x0cdL,\x04\xdcM\xd9\x99\x9c\
\xba\x9a+%\xd5\x09\xc6\xd6x\xcf\xb3\xa2\x01b\xb7M\
\x8d\xc8w\xd1\x956Kh\xeaa}\x1e\xf3\xa1\xa4T\
V\x0f\xdf\x5c\xe8i\x15\x15\x83\xf7\xd7?\xce/\x9f\xb1\
\xfd\xe5X\x85\x89`x\xe4t\xa0\xd1 \xf6\xf4y5\
\x01PeO\xc8H\x04\xa52T8X*M\x8c\xe1\
\xe2\xce\x88\x92=\x01\xd6\x180\xe8]\x96%X\x8fX\
\xd3o\xae!\xaa\xe5\x90\xee\x0f}\x0e\xee\x8cM3\x9d\
\xe4\xdeb%\x97\xbdN\xcaX\x81\xfa'\xa1\xde\xdb!\
#\x0fq\xb9Q&\xd1\x7f1\xa8\x0bp\xc3\xf4\x1e\xf9\
\xd6\x09\xb9\x9f\xbf\x1f\xf8\xc5\xf3\xf6?\xbc\x90\x11'\x12\
\xed\x1ckw\x07\x02n\x9db\x93~A`\xc0R\xcb\
h\x83\xd1\x13`\xd9a'\x99F\xd2\xbe\xe4^\xf4\xf2\
\x84\x05\x11m\xcas\x85u\xbd\x9f\x092\x8d\xa5\xae\xdd\
\xba\xd0\x04\xc3\xbaW\xea\xba2\xcd\xb0\xc3A\xbf\x19\x81\
\xcc^\xb0J;{\xb2\x1b\xfb\xead\x1c>W\xb6~\
&\xbc}\xef\xbf\xfe1|\xfd\x8f\xed\xb2r{\x9a\x93\
\x93\xdc\xd4\x9c\x9e\xe6\xa4\xe4\xf75\xff\x001\xf9\xd5\xfe\
\x09?'\xdb\xff\x00=\xdf\x0f\xe3U\xc3\xe3C&d\
\xdf\xf3;W\x9d\xf8\xd3E@h\x96\x976\xdc\x8eo\
\xce\xa3L\x8b\xc9\xe8c8\x02N\xba\x055JZ\xe4\
\xba\x03\x94G\xcd\xe9\xeb\x0a\xd2\x99Wc\x83N\xc7b\
:Q\xaa\xd2\xcc\xaf)\x9d\xe4\xd05\xa5\x94x\xe83\
\xc7\x1f:>h\x04 \xdb\xd2\xfdx\xd2\x0c\x1a\xbd\x8e\
\x1d]\x04g+6\xbe\xc6\xc8w\xa95R\x22\xa4\xde\
\xff\x00\x0f^\xda\x8f\x0f\xc7\xe7_\xba?\x1a\x9d\x81\xcc\
\xca?'\xa4\xfd5\x0b\x18\xf4%\xfbm\xf9\xce\xbfO\
\xf8\xd4\x9c\x9e\xe6\xa4\xe4\xf754'\xc2\x0e\x9cN?\
\xb1\xf7|\x1f\x8dw|\x1f\x8dw|\x1f\x8dw|\x1f\
\x8f\xfd0\xd3\xb7]\xeb\x181\xd7\xfb\xee5\xe9\xa5\xba\
z\x8d\x82\x19;\x95=g\x83\x22\x06-\xa3=X\xeb\
\xe7\xeb\x7fS}\xb1\x9d\xf4\xacK\xa5\x13Y\x9b~\x9e\
4\xc7\xa6\x1a\xef\xcf\xae:\xad3\xaa\xc2\x18\xf8\x8d\xea\
g\x17\x13\xa0ry`_F\x90\xc3\xe9C~Q\x8b\
|\xc5\xe9\x80\xf9\x1f\xb2\x22\xf7]i\xf5\xa5\xa3\xa5\xb8\
\x17\x0dJ\x13\xe3V\xa9\xadU\xde\x80z\xed.4\xa6\
\xd6\x19,\x18\x9c\xaan~\xf0^\x85;f\x1ao\x99\
\xcf\xbbO\x0d\x07E\x9c{\xdd\x85\x84,\xccqZE\
B\x12\xc3\x15\xbb'\xb1\xff\x00EA\x0d\xe7\xcb,\xa8\
\xfbp\xde\x92\xf17@\x90\xf5M\x1ce\xde\x8d\x06\xce\
Yd\x9d\xf6\x93\xb8C\xcaI\xa2E\xb7#\xdf\x93\xd3\
\xd2u!\x14\xad\xe3>\xa3_I\xdfB\x05\xf8\xe3\xe6\
\xa6HI\xday@x\xd0\xd6y;DU\xcf\x9e\xf1\
B\xeeP\xdc\xda8\xfb\xe3S\x8b/a\x8a\xda\xbe\x87\
z^o\xa4\x9eq\x8f\xd0\xa7H\xca\x82U\xf9\xdbo\
\xce\xdf\xfbhW?\x9dw|\x1f\x8d*%3;\x1d\
\xc6\x0f\xebD\x14o\xdfz\xc173\xf7\xe3S\xe4\xf9\
\xfck\xab\xe5\xfc\xff\x003\xe4\xf9\xfcj|\x9f?\x8f\
\xe0\x1a\x17!1\x9ek\xe3W\xf2m2O\xa8\xece\
\x1e\xba\xf2_!\xc7\x09\x8e=/J\xcd\xbf\x80\xdf\x80\
\xe3\xf1\x9d)2\xbb<\xb0\x90z\xcf[\xe8\xb2ko\
rA\x84\xee\xf8\xd11\x19e/8A\x9cDjN\
!7\x0f\xaa\xb3PA\xcd\xe9]\xf6\x05BM\x90\xdf\
}\x99\xe2\x17\x5c\x8a\x01|\x01\xa8\xc9\x1d\xed\xa7\xad\x94\
&-\xd4\x8c>\xa3mq\xf2\x88\x8f\x22\xdaw\xee\xf1\
\xa9VNA\x1e~>\xce\xc6\x90H\xb2\xdb\x9e\x88<\
\x10\x1c\xe9N\xd8\x0d\x11\xbc\xa9\x8f^\xf9M\xcf=\xfe\
\x89M\xe2rs\x1a\x8c\x8c\x94\x8d\xc5\xcf\xb7!\x8d\x1b\
\x92}\xc6\x92=\x99z\xd3\xbfv\x1a\x04\xec.\x9c\x0f\
\xc1\xa9\xc6w\x93\xeb\x1b]\x8f\xc6\x8b\x0a\xc0\xb8\x22#\
\xe2q9\x88\xd51\xd6c>\x8a6\xaa\xc4\x85\xcc\xa7\
\x13H\xca7\xe1\xfd\xc6\xa7\xc10\x88\x87\x11aM\xf0\
\x9bv\xe8P\xces\x15\x5cF.\xb1~5\xba\x13\x98\
\x92w\xe4\xbb\xc6\xa1b\x09\x95\x5cF%I6\xa9\xeb\
A\xd4\xdb\xc0\x1c\x98\x87\xd2i\x83\xbd5F\xd4\xbf\xfd\
 \xe7]_'\xe7AD\x11\x18\xb3\xf3\xfdi\x07:\
1\x08\x8e\xdf\xbb\xfc,\x0b\xc1:J_?\x8f\xe3\xbb\
\xe0\xfck\xbb\xe0\xfc\x7f\x0d)\x11\x18A\xe4\xdc\x5cj\
U\x18\xcb4\xb5\xca\x1c\xd8L^\xeci1\xb1\xda\xe2\
\x81:W\xf1\xaa\xc2\x02\x8f\xb0o\xb7\xe2\xff\x00w\xc1\
9\x99\x1db3qg\xee\x95\x95lL\x96\xf9?}\
B\x121q\xebfp\xc8|j\xff\x00\x96\x04\xa6\xc0\
\x04\xf0>\xda\xc9Ir\xf6 z\x0d;0%\x11\x9b\
\xfd\x07\xb6\x9f\xa9\xa4\xbe\xf3\x08\xc4^6\xad:\x04\xd3\
3\xc7)\x80\xccDo\x1a\x90\xb1\xe6\xbe\xe7l\xe6~\
\xba\xc2.L\xf6\x9fW\xaf\xb6\xa6G.\x88O\x17<\
q\x8e\x22\xb5\xf31\xec\xfb\xff\x00oG\x88tI\x07\
\x0c\x0d\xbe\xdd[K#(\xfd\x02\xfb(\x89t\xdc\xd6\
Bf\x0c@\x906\xb1\xce\x81uyU\x96 jp\
\x06\xdc:\xe8\xadl|\xa6g;\xc5\xf3\xab\x88\xba\xc2\
'\xb5\xbb;\xf1\x98\xd6TZJ{\xa0\xb9\xdf\xcfV\
&()FIA\xb6\x13\xe3\x5c\xa8\x22\x1e\xdc\xfdK\
\xa8'\x7f\xf7\x03\xef\xdf\xb4<\xd4\xe0\xf6@\xf1\xd7\xd3\
M\x02\x09<N\xeebk\xf6\xb5\xf0\xbf\xb2\xc0\xfd>\
\xbf\x97B0\xfd5\xdd\xf0~?\xf1\x15\x14\x89y\xa6\
c\xaf\xbe\x9b\xb9y\xd4\xda\x88\xf8\xe6\xf55\xab\xb1\xa7\
\xa5\xbd\xe7\xa8\x9d}\x86|\x0e+\xccQ\xe2\xdd\x12\x0e\
\x9c\xcbl#\xd5\x16o\x9d\x00\x1b\xb4\xa7\x88\x84Y\xc6\
\xd7%gHU\x19dFL$s\x14\xce\xf3:e\
~\xdav\x19A\xe27\xd0j;\xa6\x1d\x00#\xa0\xd1\
\xcc\xab}\x93@'q\x08]h\xc1\xb0\x5c\x8fT\x13\
\xc9\x1cU\x82\xf4L\xb6*\xc6\x22\xfbf\xb8f\x82\x86\
\xee\x18k\x80\xc4\xa6jc\x1b\x9dv.3\xed\x87=\
FNu!O7NwU;\xc6\xcf\x8dEa\xbe\
\xb4\xf1\xff\x004\x8eb \xa0\xe1\x99\xcb\xbd\xc4W:\
O;)Fg\x81\xc5\x8e/\x95\xd0Cv\x88I\xeb\
~\x96\x05l\x9fn~\xf8\xcd\xd6\xb6\x1e\xa3\x9f\x09\xcd\
TL\xf1\x96\xf2|\xeaS\xca\xc9\x9b\x88\xeb:\xe8\xee\
(1A\xcc\xfe\x9a\xd9\x93\x82grC\xd2*\xcb\xce\
\x9f\xa0\xab\xca-[\xe8qyu\x88z\x0ak\x98\xc4\
\xe3\x11\xf4\x8dpp\xe0/\x11#\x9bY\xeb\x1a2'\
\x9by\xcf\xe9\xf6\x09~\x17\xf0\x07\x00m\xbf\xeez\xfa\
\xff\x00\xe5\xa1\x5c\xfeu\xdd\xf0~4\xd5\x1bR\xff\x00\
\xaaKy\xbf\xf65\xdd\xf0~5\xdd\xf0~5\xdd\xf0\
~5\xdd\xf0~49>\x87\xcc>\xbci\xed\xb3S\
\xc7\xfc\xd0\xff\x00/\x13\xeb\x1f>ur\x10\xdb\x98\xf8\
\xb7\xaf|j<\xbe\xcd\x1b\x5c\xe7$\x1e\xc4\x13\xbcm\
\xde\xa1b\x06d/\xdc\xcf\x8c4\xcc\xd0\x1b^R\xfa\
\xc60\xc5s:,\x229\x01\x8c\xec!\xda\xfd\xe2W\
\xeb\xa1\x81\xb6\x22\x12v \xe5\x8d^\x9c\xe7\xb8b\x92\
5\x08\xcfCB\xc8\xf6\x14g0\xad1\xc3\xe3V\x8a\
\x12R\xf2\x0f\xb4\x88\x87\xd0\x88IRf\xf6\xa0s\x10\
T`t\x7f\x22\xe1\xea\xa4\xc1\x7fY\x17X\xa5S\xe4\
\x92x\xfbZ\xf5S\xaa{@\xdb\xb0\xea~\xdeh\xd9\
\xf7\xe6\xf8\x98kG\xde\xc1D=\xb9<\xf8\x9a\x14\x8f\
8.6\x88\x09\xf1\xb79\x0e\x1c\xcc\x04\x87\x13e\xe3\
+\xef\xa8\x88\x13\x84+\x1c\xc9\xdd\xde\xd3\xa6\xac\x8d\xe4\
\xe6s@I\xbe?\x1a\xe5\x1f\x03\x0f\xa20\xd7\xec3\
\x95\x1fH\xfa\x06\xa0\x08}\x09\xf6\x1f\x1a\x80\x22\xac\x82\
Gz\x07\xd9&4\x1d\x15A'\x0e\xc1\x1b5\xd5i\
}VS'\xac\x98\xf6gT\x8eW=\x98\x98>\x0f\
y\xd6\xdanE\x97\xc3?;\x05\xeb\x16\xa2Dy\xa3\
\xe7\x17\xb3\xb0c&\x81\x80FI.\xcc\x97\x0e\xd7\xa2\
\xac\x80\x02\x8a\xd5T2I\xb8H\xb5a\x8f\xbcDL\
\xc8\x22vU\xcau\xd5D\xaa\xb6\x83{\x80\xe1\x9a\xd4\
\xe7\xd4\x88'\x81NO\xd3D\xcd\x89\x85\xafd~\xec\
\xea\x1c'\x17\x7f\xbbm\xf4\x9c=\xea\xf5/\xf7\xd6u\
\xda8\x9f\x8f\xf65.\xfd\x8dT\x94v\xe2~)\xeb\
\xdb:\x97~\xc6\x99\xe6}\x8f\xe3\xe1\x7fY\x00P\xfa\
\x22\xf0\x19\xf6|D\xc6\xb3\x84_\xd6F^w%\xbc\
\xc0,\xc3\x92\xfe\x15\xbb\xba\xfb\x90#\x94\xf1\x01\xf4\x01\
{_\xb6\xbfJ\xd0\xd6\x91\xc1&\xcef\xf9\xa1\x9e\x0d\
Fl\x88n\xafaa\xcfk\xe8\xe8\xa9Y\x80\xcb\xdc\
\x03\x88G7\xa2\xe9\xce7f\x10\xed\x12\xc1\xdbQT\
\x1f\x06\xc4\x0f\xa0]\x92N\x97\x0e \x06[\x08K\xe0\
N4J\xaci\xaa\xb9\x09po\xf4t\x12\xb9\x01\x05\
\xb5\xb0X\xf5\x1f\x1aKms\x1ed\x89\x8d\xd0\xbdt\
\xe7\x81\xee_i>\x13S6f\xc2\xc4\x9c)\x978\
X4\xf8&\xa52O\xb8\xc5D\x9et2e\x18\x94\
G\x80\x00\xf4\xd4\xc0\xbc\x01C\x9eQ|lw\xa3\x12\
w\x98\x93>\xc6x\xec4\xca\xcb<\xe7p\xeb\xdb}\
U\x90\x98\xc5G8\xf73\xc9\x11\xa7M'#\x5cq\
5\x16\x99\xdbHJ\x97\xf7\x8f\xe4\xac/\x19\x7f:B\
H\x9b\x93_?\x8f\x97BJEEo\xac\x94\x10\xd4\
\x10\xe8,VB\x99\xf6\x88\x8e\xa3\xd6ni\xc1\x99\x8e\
\xc2\xcb\xc6\xde8u\x1c\x5c\x90\xf1o!\x1d\x0e\xb5\xbf\
\x8c''q0]\xf6\x8e\xf5!\x0e\x13-\x80\x96\x22\
\xa5\x07m\x99\x90II\x12\xf7\xa1\xd1\xe8\xe4Qe\x15\
\xe4Nn\xf9\x9b\xf2\x9a\xcf\xb4'\xbb\xcf\xca\xe4hd\
\xc1\xbaK\xa3\x0a\xda\x0eX\x19\xd5\xacD\x84Gjw\
\xc9\xb73\xab/\x1cX3\xc3=w\xd55ae\x93\
\xc9W\xa0\xeb\x16\xcc\xa7\xc7\xd8\xa5\xd0\xc9\x8c\xba\x1f\xa9\
\xa9\xf3\xf3\xfcj_\xaf\xcb\xf8\xf8_\xd6H\x130\xb8\
l\xf9\x1dqN\xdf]\xb3\x1b{y\xd2\x10$\xcd\xaf\
\xd1C\xb1\x09}u\xba\xbe\xc6>\xde\xfe\x95\xacm~\
\xd4L\xff\x00\xa4\xf9\xd3HO\xb3\xbfw\xefe\xdc\xca\
s-\xce\xbd\x08\xbfrh\x88d;\x0b$\xb3N\xe4\
\xadY\xba\xd0\xedP\x9b\xab\x92\xd6\xe4O\x0a\xae\xf20\
\x8996\xc4\xcd\x16\xaf \x1cL\xcc\xf4\xad\xe3\x98N\
o\xf8\xc1\x9cV\x90N\x0d\x17k,\xa6\xa2aU\xa8\
X.B\x8fP\xad9fdy\xd7\x19(#\x1c\x05\
q*\xefH\x19\xf4\xc2I'S\xbe#\xeb\xad\x99\xf5\
\xa7\xe6\xbb\xef\xc6wl\xe6_I\xfd\xc6t\xc4\xa5\xbc\
\xa4\x98\xaac\xbfL\x5c\xe9\x0f\x17e\xe7(\xea\x8co\
Jk*=G\xe1!:\xf8\xd6u2\xcd\xe6\x09\xaf\
\x08\x89\x82\x8d;\x07`\xc7\xdcg\xcb#e\xb3\xff\x00\
\x90ET\xd9\xdeg\xdb\x13\x04\xf9\xd2\x97\xe6\xcb\xe9\x8e\
\xe7\xd7\x15\xa0P\xc9\x8b\x97\xa8\xc7\xef\x98\xb9L\xfd\x8b\
\xf4\xc5\xb0)\xb3\x87GP\x10\x92\x0c\xf0\xd8\xc4a\x8f\
.'C;\xba\xa5C\x8aO\xcdl\xc9\xa7\x99\xb0\x8a\
.\xf2`.\xc8\x9c\x9c\xe9*\xe6\x8a\x89\xed}.u\
z\xfd|\x1c^A\xc4\x1c\xfak\x97\x19\xc3\x1fD4\
&\x8d \x88\xc9\x09[t+\x12\xcd\xe9\xd6\x899\xdb\
\x10\xe4\x89\xd1\xad\xb2\xc9D=\x99\xdf~\xf5\x12\x9e!\
\x18r\x10\x1bq\x8e\xc8\x15RH\xdaDG\xb7\xdb\x1d\
\x7f\x02X|\xbahW?\x9f\xe3\xe1\x7fY7\x18\xe6\
\x8bw\xdb\xad\xa5\xbdE\xab2\xce*\xbd9\xf7\x9c\xea\
\x86\x18H\xaf\xbf\x11\xf0\xce\x8c\xc2\xae_Nb<:\
,\xa2Ba\xf7\xdf\xe1\xa7}%\x02\xd1\x11\x9e(D\
m\x8d\xb0\xeba\x06\xaf(\x0f\xa3$\xe9\xd3\x90\x11E\
\x0c\x00\x1e\x80\xc3\xa2\xe2\x95\x86\x93\xcaH\x96\x0dc\x82\
\xe5\xfel\xc9\xf8\xd7\xc1\x1b\xde\x9e\x8fj\x11\xbceW\
\xef\xbch\x18\x5cV\xf2I\xf5s:dE\x10\x07\x08\
\x12g\x98\x99\x8dW\x1dJ\x5cWpu\xceu\xb8\xe6\
\x04\x9c9Ru\xb7Q\xa4\x12l\x11\xdf\x1bU\xff\x00\
\x912E\xb8\xc0\x0c1\xbd;\xc9+\xc3\xa0\x9c\xac\x02\
\xbe\x93\xf0\xcc\xe6\xaa\xb5\x22g\x82c\xd4X\x9e\x88\xf1\
\xa9z\xd5`\x9a\xe0@x\x88\x22'\x95\x82\x1eH\x0d\
G(\xce+\xa9\xce\x9a\xd6\x17\x05Y\xbd\xa9,B \
\xdd\x18\x93\xd1\xc9{m\xfe\x8c\xf7\xac\x91Q\x1fn\x7f\
\xf0\x1e\xde2A>\x0cy\xa3\xdfO\xa5\x14\xa7_\xf6\
\xf6J\xa7Y\xa0\xf2O\xd7\x1e\xb8\xf4\xd4\xca\xecE\xeb\
\x11\x18\xb8\xc3R\x86\x84\x81\x92\x16\x07=d\xae\xfcQ\
\xa5\x95(J\xfc\xcb\x11q\x5cG\x93\x0cl\x08\x03\xa8\
\x09\xe2G\xe7A\xc41.<\xc2\x1b\xe1\x8fX\x8d9\
#\x00\x97\x04eQ\xb5{h\x94\xfa\xc4Gs#\xf3\
\xe9\xa8y2\x5c\xa2\x8c\xc6\xe4\x8e\x8d\x1f\x91\x10\xee\xe0\
\x0c\x1c;1\xb5j\x9c\xe0\xf1<\xc5\xe8\xe9\xc6\xa7\x9e\
\xf0\x17\x9d\xe8\xf3\xa8@,\xc28\xab\xeb\xc3\xc7q\xfc\
\x08\xa1\xf84\xcb)\xef\xfe\xea:\xfb\xff\x00\xba\x00\x00\
\xa0\xc7\xf5\x90\x8b\xf6o%\x9b\xfa\xce\xb9\xddzq\xed\
\xf1}ix\xb8g.\xd8J\xef=S\xa7\x08\xf1\x11\
\xea\xfeg\x9d\x5c\x07\x028\xe4\xb8\xf2[\x13L\xe6)\
3\xc9\x0b\x07=\x8e4\x1f\x5c\x9a\xe6M\x91\xc1\x91\xf3\
\xa7\xbb\x81\x1b\xbe&9\xdajy4\x99K\xa2H\xcc\
\xc9}\xa8\xacA\x1a\x95\x87\x08\x9f4\x98x\x00\xeb:\
8\xdb\xc2\xc5\xcd\x049r&\xdbi\xd5\xf0\x01\xb7r\
\xf1\xb2O\xae\xbe\x0c!\xbc\xb9\x18\x9f\x8a\xb9\xd2\xb9\xa1\
Jb\xe6\x0cbj+\xb9\xd4m\xca\x12\x83\x1eOJ\
\xa1U\xa00\xe4IF\x1ab\x14&vq\xd6\xa5\x80\
\xce\x0b\x5cN\xeczU\x92\x0d\x02;2|\x97\xe9\x1d\
L\xe8\xfc\xaf\x04\xbfTK\xfb\x92g\x83\x08\x89\x9d\xfe\
\xabX@\xbd\x09\x90\xe1\x90X\xf7\xbcD\x99\x9d\xe0\xd3\
\xbd\xb3c\xc3d\x82\xcd\xa5.\xe9h\xc4\xf0\xb0\xf0\xa0\
\x1a\xda\x1d\xb6\xd2\xcd\x22\xcf\xee\xcf\xfe\x01d\xcb\x10\x5c\
\x1e\xc4\x1er\xbb\xbaZ\x04\x973\x82\xf6\xc6\xbaNh\
\x09\xff\x008~\x93\xaae<\x97\xec\xcc\xfb\xde\xa3\xeb\
\x83\x0a\xf7-Ht\xb3\xe3)vUBN%\x18o\
\xe6pBi\xd9\xcb\xdf\xd2\xfd\xb8\xfb\xc1x\xf9\x1ev\
\x89\x9c\xdeo\x9d4\xc6\xc8$\xe0Y\x11\xccM\xed\xb9\
\xac\xe5p\x94q\x0b\xd5\x91\xbf\x1a!!\x02C\xd8\x0c\
\xda;\xe8\xccI\xbd\xddD\x87\x02!\xd8\x80h\x87\xdc\
(_p_U>\x15\xed2\x0e\xb0\x05\x1e\x14\x22\xa2\
i\x9c\xad\x09\x8e%\xc6C\x9e\xe6W\x04\x93\x9c\xca=\
\x16\xa4\x95\xc6l5\xfbG\xf9\xaf\xda?\xcf\xe0\x18?\
\xbc\xff\x00\xe6NOs\xfa|\x11\x11_\xae\xa7\xc9\xf3\
\xf8\xd4\xf9>\x7f\x1aa\xa7n\xbb\xd1\x0a\xdd\xc7n\xb5\
\xc3\xf2I\xde\xed\xe6\xbe\xbay\x14N(\xef\xd0q\xbe\
\xfa}k\x97\x8b\xcfA\x9f\xf6\x86Ut\x22^\xe5\x0a\
\xe1\x13\xa9\xd5\xf7J\x95\xfd\x11\x80\x00\x12\x8bi\xdcK\
zX\xcc\x83\xe9\x9cC\xacW$\xd1.\xc0\x10\xc6S\
\x1bgO\xae\xa4\x1d\xdb$g\xb1k\xa85\xe3Iv\
`\xb5\xc8\xa20\xc1&\xa1\xcc\x22$b\x14\xe4\x99I\
T\x9c\xc5\xbb\xc9\x09U-\xc3\xecBl1\xa0\xce\xda\
\x09\x8e\xc4\x92\xbd*\xf5:M\xddD\xb4f`xs\
8\xc4\xe9W#*\x04\xa9\xa8\x08:<kdL\x09\
\xe2\x88Ep\xe3k\x851\x94V\xbe\x0c\xde\xe4\x9e\xd7\
\xa6\xa4\xb9\xe4]5;cHI\x19\x16/q\x839\
\x03\xde\xf4,*t\x06{\x03\x0f\xa6\x9c\x96\xb9\xb7\xbd\
\x8f?liVqG>\xa3'\xa2G\xa6\x9c/!\
\x89\xf2\x10|kpz\x7f\xb9\xf9\xd1\x06\xc5\xdf\x1fH\
\xfe;\xdd;\xdd\x17)}G\xd24\x87\x22\xc7O\xe7\
^\x17\xcf\xd6x\xd1\x90\xc9\xc4\xa7\xd14\x84\xc9so\
\xac\xea\x9dy\xe1\xf8!\xe6\xaf}\x01d\xe9u\x93\xcc\
?\x9e\xf5B\xa0\xf7\xfa\xce\x9d\xcbn\xf3)\xed\x8b\xf1\
\xa6\x09\x09\x92\xe2\x82\xbdg\xeb\x08j\xc9)\xc2\x1e[\
\x15x\xbdQ*\x95G\xccV\x10\xc36\xb3\xa0q\x1d\
g\x05\x06;v\x90j(Lp\xd0\x22\x91\x0c\x10`\
\xa3:\x9b\xc1\xe2K\xc8\x12$r\x95L\xc6\x80M!\
\x9e%\xc6onw\xebS\xc3F\x10=h<}z\
\xd1\xc9\x84w\x0b\x8c\xed^\xb3\xd6\xf0\xc9\xb2v\xa9\x1e\
\x91\x7f3\xeb\xa43\x9f@\xe2,<\xed\xeb\xaa\x92\x8e\
\xdcO\xc5={gLa\x88\xe8\xdf\x9aC\xad\xef\xdb\
\xa1\xa1l\x13\x9a\x1f\xb3\xa6\xcc\xb7\xd4}\xf5\xdd\xf0~\
5\xb5^\xa7\xea\xaf\xc7\xe7I\x99|\xc0O\xb0_Y\
\xeb\xff\x00M\x0a\xe7\xf3\xae\xef\x83\xf1\xae\xef\x83\xf1\xa4\
\xa5\xf3\xf8\xfe\x8b\x99\xe3\xee\xeb\xf0:\xfc\xfa\xe91\x9a\
\x9c).\xe5$b\xa3\x9d\xb5\x81L\xd8X\x89\xc8\xd6\
GgoL{G\x98\xabR\xcd\xdfs\xce\xa2S\x0b\
\xc9T\x0aN\x0c<\xda\x03\xfc\x9f*NF$\x88\x15\
\xb6$\xd0Hg8\x89p\xef\x1a\x22\xee\xca\xdf \x18\
\xc9g\x14S%\xc1\x11\xcet\xadOH\xf3\xd5\x1eb\
\xbd\x8dG\xd1\xcc\xbd\x18b\x8a\x88`\xd3T\xa1#\xb6\
H\x14\xace\x9d\xa6t=T\xad$\x8f0\x91\xe6\xcf\
}e\xc5\x88C\xd2I]\xc4}\xe0V\xdbr\x01\x9e\
\x1d\xb6\xf1\xd3z\x96\xda\x10[q\x09\xfao\xa3M\x8b\
 \xd72\xe2\xe1\xf4jr\x9c\x19\x16Y\xa2/\xe0/\
\xdfO$9\x15fv\xb9\x03\xd23\xa2`\xf1\xdf8\
\xc6\xdadI\xc38#\x886\xd4\xbd{\x1f\x8dK\xd7\
\xb1\xf8\xfe;\xbe\x0f\xc6\xb0\xe0\x00:\x7f\x8e\xef\x83\xf1\
\xae\xef\x83\xf1\xae\xef\x83\xf1\xae\xef\x83\xf1\xfc\xf7|\x1f\
\x8dw|\x1f\x8dw|\x1f\x8dw|\x1f\x8f\xe1\xa3\xd9\
\xb3I\xe7\x92\xfa\x00C\xa1'}\x0a\x10\xc4\x98\x85\xe0\
\x9d\xf7\x01\xf4\xb4\x0b\xd4\x146\x08\xb6\xe0\x94\xa9\xb3\x06\
\xe3\x12N\xd2\x99\xaeH.5\x17\xa7\x0f\x81\xa3'\xa8\
8WR\x04\x88d\x93\x90^\xa2Xv5\x88.\x06\
_\xd1\xcc\xbdM\x1a=\x91\xac\xce\xf7\x0b\xfa\xc7\xaag\
2x\x03\xe0/\xe3bt\x02\x83\x11\x16\xf2\x9a]\xc7\
\xa4}\x03D0\x96\x1c\xcd\xfbLo{iL\xaf\xdf\
]!\xbd\x9c\xf4\xefG\x14\xee\xe3\xbe\xf6\xe7\xe0\x9d`\
\x0b\x99\x95\xc7L\xf8\x981\xd4\xea\x1cPz#\xea\x8c\
w\xc6\x84\xc3oj{\x05W\xce\xd8\xb0$\x11\x19\x89\
\xff\x00u''\xb9\xa99=\xcdI\xc9\xeejNO\
s\xf8A\xce\xa7\xc9\xf3\xf8\xd4\xf9>\x7f\x1a\x00\xc7\xf4\
\x5c\xcf\x1fw_cIt\x94S-H.\xf7\xeb:\
\xcb\xfe\xe8\xf3B!\x1b\x8c\xea\xce6hm\xad\x0f%\
9\xd4l@\xd17\xd4\x10\xd1H]\x10ib\xb9\x9e\
c\x85\xb6\xd2\x5c\xd6v\xd4\x13Y\xcfL @\xa6 \
\x8a\xa3\x803.W\xe0\x80\xf1\x938\xe6\xd0\x94(\xc1\
^\x95\x8cF\xce4Tl4\x1a30)\xe6M\x19\
^x\x930$\xf9v\xac\xeb\x05B\xba7i\x13\xcc\
\x8a\xf9\xd2H\xd9\x00Jb\xf2\x14\xe0\x8d\xdc$\x82\x91\
\xdc\x8f\x88\x10\x8a\xd8/j\xb6\xc2_*\xa8\xf5\xda\xa6\
bgx&\x0c\xa4\xf2\xff\x001\xf1\xa8H\x0d\xb0_\
\xb8\xc3\xb7\x8cgA\xe0\x1e\xae\x80\xc1?\x1fH\xd6\xf1\
|\xd7\xd2c^>\xcf\xf3^>\xcf\xf3^>\xcf\xf3\
^>\xcf\xf3@D\x19U\xb7$\xc7\xff\x00\xab2-\
\x9b\x98\xcf\xefz\x11g\x09\x8a%^\x10m3<r\
j\xf3\xb0\x90\x9e\xd2\x8bn\xf3%_(\x01\x11\x0c\xf6\
\x13\x14\x8d\x97Qm\x9f\x14\x092\x8c\xc9\x85\xb8*&\
\xac9;\xd1\x96\x14w\xb4\x97.\xda\x8f\xa4F\xe1\xc8\
\x84\xf9\x92\xb2gE0e\x00\xf8 {\x06\x93\x1b1\
@\x06\xfb\x01C\xf6\xda\xa2\xa3\xd5\xe3\xb3}\xbex\xa2\
6v!\xc34\xef\xfb\xc6\x8f\x8f\xac\xfa\xe6\xfcS\x8a\
\xd1\x11\x0aWc\xf7\xfd\xadq\xd6\xc5\xb2\xe5\xda1\x1d\
z\xeb7\xc7\xdc\xd4\x8d\xaco\xf9<\xf7\xf8z\x96\x0e\
\xb6\xae\x86\xfc\xfcV\x96E\xf7`\xfa>\xb9\x8fmT\
D\xc7\x9a\xee\xfa\xc3\xec\xe8\xcb\xf4{\xf9\xff\x00\xc6\x09\
\xb9\x9f\xbf\x1f\xd2\xb3<}\xdd}\x8d\x22\x1c\x82\xd6!\
7\x10\xf5\xec\xdfB\xaf\x9e&Tr\xa4\x86S:\xb3\
**f$\x095\x82m\x95\xa2IEdq\x11\x07\
0\x032\x13\xa8\xc8\xa3\x909\xbc\x8e\x99*5F\xb4\
CP\xa6X|\xc9\xdd\x8a\xd1\xb2\x1e\x80\xab8\x8a\xa9\
\xf3\xce\x96\x0b\x04\xa1Yl$F\xa6\x83\x11\x06t;\
\xbe\x85z\x9fW\x1a\xcexH\x9f\xa2\xe1\xd0.\xcb\x1a\
\xca\x22\xed\x1ex \x92\xf3\xbe\x9c\x84\x05e\x9eXb\
\xf1\x8f\xa6\x89\xd8\x88\x88\x8d\xfcs<\xb1\xce\xa0tA\
\x22K\xc6\xeb\xbd\xf8\xf8\xef{5+\x01\xe85ws\
\x0f\xecj;\xfb\xff\x00\xba\x02\xdf\x1f\x8d\x22\xdb\xb7]\
j|\x9f?\x8dO\x93\xe7\xf1\xa9\xf2|\xfe5>O\
\x9f\xc6\x8e\x15\x1f\xbb\xff\x00\xfa\x92\x8d\x02<gl>\
\xa6\xa6\x94)\xc8Zm\x88\xe2%\xdf:5\xa1H*\
w\x16V<\x01Q\xde\x82\x0d\xc0X=\xc1\xb8\xdb\x84\
jlT`\x1c\xe4\x83\xb9\x99vF\x87\xd8\xa9I\x96\
\x05\x04\xc1\x9b\x8e\xdd4~\xa4$\xed\xac\x96b\x1d\x1a\
\x989\xcb`\xe0C.7:\x93\xfb\xa8)\xdfq\xe0\
\xf5\xb8\x8ch-\xb8\x84;z\x1b\xc9N\xaf\x13f@\
\xfa\x10\x1b`\x19\xe7\x1ayJ3\xdf\x11I5\xe5\x1e\
\xa3J}\xf8\x061\xb7\xa9\xccFt\xcb\xe2 q\xf7\
^w\x9e\xe65\xc0\x99\xf2~\xfc\xba\x0e\xceF\x81\x19\
\xc8\x98\xcd\xcb\xc9T\x8bS\xcct\xe6fY\x99\xf6\xd4\
\xee\xcaeO~\x19\xf4\xad@\xe5\x0e \x8b\x0cO\x87\
\xcbU,\x81r\xb5{\xf1\xd1\xb1WZ\xee\xf8?\x1a\
\xee\xf8?\x1a\xee\xf8?\x1aA\xa7\x03\x18\xfd\xdf]\xdf\
\x0f\xe3]\xdf\x0f\xe3\xfa\x0fw\xc1\xf8\xd7w\xc1\xf8\xd7\
w\xc1\xf8\xd7w\xc1\xf8\xd7w\xc1\xf8\xd4\xb7\x9b\xff\x00\
cYO\x06\xfb}\x9c\xe6>\x81\xec\xaf\xa9w\x89\xf4\
\xfaY\x0e('\xbf\x5c{F\xa9\xe0i\x1e1\x96\x12\
F\x15\xa9o\x08?\xefI]\xd2\xb1\xa4j\x99\x22+\
,ur0\x8a\x1bk4\x81\xca\x08\xc9\xc9\x17\x11\xaa\
\xed\x00\x8b\x96F\x07\x84\x03a\xa5\xc5\x5c\x88\x09\xdb\x02\
\x0d\xf0\x18y\xd0\xf9\xb0@\x83\xf2\x16\xfbk\x9d@b\
.XK\x22\xfc\x93Sy\x9dV\x10\xd3\xc8\x02\x5c\xf3\
3\xdd:C|\x19+\xb4\x97\xeb\x9f1\xab\xa1\x18M\
\x0c\xc4\x06\x1eU\x1b\xddjm\x1e\x0aS\xc8\x18\xf5\x92\
+R\xfeL\xfa\xa6_r\x87\xdfIA\x87\xc5\xfd\x1d\
\xab\x83\xd5\xd7\x7f\xe3\xf1\xa5Y\xf6C\xe9\xf0\xd7\xe8\x0d\
\x00\xe1\xf6\x1af\xf8\xfb\x9a\xfd\x87\xe1\xaf\xd8~\x1a\xfd\
\x87\xe1\xaf\xd8~\x1f\xfe\xc0\x819\x0b'\xd4\x87\xd9\xd4\
\x81\xe0$\xcb\xd1\x00\xfc\xcf\x87\xee\xa7*=\xc8b\xf3\
8\x9ej@\x08\xcc\x11\xb7\x84O\x8d\xd7X\x9b\xca9\
\xeeE>e\xef:K\xf0\xc8\x1d\xebn\xd2\xcd(\x9c\
\xc0\x9bD\x89<\x22\x1d\xc54R\xfc\xb8\xe0\x02\x0b1\
\x94\xb2\xa4kU\x88Ei\xe3$\xcb\x8c\x13\x10\xd1\x98\
\xcc\x0a\xacO[\xbd\xc4\xdfzG\xa0\x11fJ\xedW\
\xbbt\xab\x01oW5\xca0\x1f\xa4\x91y\xf7\x00\xab\
\xb6'\xcd\x19\xdd\xd1\xd2DQo\x95s\xdf\xfa\xe8\xfd\
^\x0e<\x04O>\xed\x01\x91\xa9I\x5c\x14\xa6\x22\x19\
\x81\xa8/A\x99\xbf\xb1\xe0\x99\x9e\x16\xb1ZT\xdb\xa4\
'\x1b@=\x224\xeb\x91\x84Z$\xd4\xc0\x82\x07?\
\xe6\x81\x19\x92\x19\xa2\xab\xbf\x5c\xe9\xe6\xba\x9f\xdf\xdd\xb8\
\xf2\xfbh\xe2\xba\x9f\xdf\xdd\xb9\xcd\xf1\xf7?\x80K7\
\xef\xaf\xe8\xc1\xe4\xa6xb\x19\xe6u\xb61]\xa1\xf4\
\xc1\xe9\xb6\xda);Q6G\x89\x92\xf3\xb4\xce\xd37\
\xab)pL\xcb\xc8=;\xdbKd\x95\x8eR7\x05\
>P\xdc\x18\x81]\x0a\x83\xe8\x00\xf6\x84n \xd1\x82\
U\x7f- C\x0eD.Dhx1\x17\x0a\xe5\x5c\
\xd9\xb3\x04\x97V`\x00\x08\x0d\x92a\x01s+\xb9V\
\xab\xccv\xaf\xa8\xe9\xdf=\xa0b\x1e\x01\xf7\xd0xG\
\x88}\x1d0\x8b\xfa\x97\xc6\x90\x0a\xc1\xa3\x03\xc4O\xac\
\xea\x131|\xe7\xf7\xed\x04`\xd1D13\x1f\xeeu\
\xc1_?Y\xd2\xad\xba\xc173\xf7\xe3\xff\x00\x000\
}\x7f\xf8\xca\xff\x00o\xeb:\xa4@\x13;q?\xbe\
\xfc\xba\x06\x07\xca\xfdWIH\x0cLJbvH\xdb\
J\xea\xb9\xac\x83a\x11'\x12_y\x82\xad\xf0\x04\xe8\
a\xe8\x01Y\x8d\x1b\x16hq\xdb\x843*!\xd8\xe3\
G\xcb\x1a\x0f\x94N\x83\x0c\xe2[C\xbc\x0aS\xa1\x00\
6A;\x13J\x82A\xb0\x91y\xc8\x0e6\xe3MR\
\xf36\xb4\x9f@\x10\xda\x1dX\x87'\x8dr\x00\x94R\
9\x96\xa2\xa2\xdbD\xbe\x22F\xfb+\xb8\x9e\xa01\x9e\
\x86_\x1fQ\xd1X\x04\x22\xdc\xa6\x16\x0d\xdc\xb9V4\
\xf1\x98\x13\xb4\x97\x09\x95\x98\xdd\x9d\x12\xbc\xab\x01\xe5\x9d\
\x11!\x8ct\x97\x22W\x13\xec\xf3I\xa0\x0a\x03\xeb\xec\
\xed\x7f\xb09\x05u\x07|\xc6\xdafQ\xab\x85\xfc\xfc\
\xdf\xce\x8f\x08\xf9\xdew\x1d\x00\xc1\xf5\xfe\x001\xfd\x16\
\xacS\x87W\x1f\xb3\xac\xd9\xea\x19\x08\xe2co\x1e\xfa\
\xb6a\x9f\xde\xe3B\x8cN\xcf<\xfe\xee\xe9\x15\xe8@\
\xa0x\xbc\xa4\xe6\x09\xaci\xd0\xd4z=\xf4\x91+/\
n\xd4+\x95\x5c\xf130\xfc\x9e\x9a\xfa\xfdD\x00\x5c\
\xee#Q\xd6\xaek\xb0\x87\x86\x1e3\x9e\xf5\x83\x17@\
n{\xce\x0cNn\xb4\xa5\x96\xde\x7f\x7f^\x9a\xf1\xd2\
\x1d\xfb\xb5\xfd+\xf3\xa9\x82W'\xc3\xf4\xf8\xc5\xff\x00\
\xe3\xab\xe5\xfc\xe8\xe1Q\xfb\xbf\xfe2ED}\xb9\xff\
\x00\xe48T~\xef\xfc}\xef\xbe\xa1]\x0c\x1e\x85\x84\
mhtu\x98\xcb\x0d\x8e$\xa3I\x8e\x03KW\x15\
\x05\x9e\xb9i\x82\xd7\x9cF\x8eQH\x09\xde\xa7\xb8.\
$6\xd4\xb7\x808\xc6\xdc\x06\x180\xee@\xb0\x80\x9a\
\x03\xa0\xb5\x05I\xb9\x1bRi4t\x05\xa6\xce|\xaf\
\xdb;\xc8b=\x88\x08\xcc\x10\x5cC\x1ad!\x19\x8b\
\xee@\xf4g\x1ea=\xe4\x85\x956\xcbWs\x1fM\
d\xc6*Z\xf2\x06bX\xbdZ\x89\x81<*a\x1b\
\xa9\x96\x9d\xa2\xd6\xe1\x84\xceJm\xb0te\x15@\xf2\
Q\xb0\x13\x98o\x1bi\x12\x94\xe6R<\xc3\x1d\xfab\
4\x1c#xd\xdf\x956\xfdk@`}~\xae\x97\
3\xd0\xd4}\xba\xd4\xd6\x0f\xb7\xec\x97\xd7\xeb\x1d}\xff\
\x00\xddI\xc9\xeejNOsRr{\x9aJ_?\
\x8f\xe8M\x88\xd9\x97{\xfe\xc6\x88\xc0\x82\xf7o\x1e;\
\xfb\xc5\xc5\x05U\xf2\xf0p\xe8\xc1\xb2 \x89\x9d\xe4\x9a\
\x99\x15\xe2x\x84Gf\x7f#/B&t}\xca*\
D\x18\x5c\x99\x1b\xf2\xb1:z\xf9l\x8a\xd8@\x0d\x0a\
\x842\x18\xd0\x0a\xa2Rz\x15Z\xf7\x5c\xce\xf3\x18\x19\
S\x1d.b\xa6\xe5'n\xa3c\x18\x17]\xcfS\xbb\
\xb6\x8f\x00\x83\x89~\xab'\xbb\x15\x99\xd7\xed\x1f\xe6\xbf\
K\xfck\xf4\xbf\xc6\xae\x868\x5cbm\x7fq?\xc7\
w\xc1\xf8\xff\x00\xdb\x94\xdc\xfe\xed\xff\x00\xc7-\xe6\xff\
\x00\xd8\xd7\xb9\xcf\xbb\xc6u\x82ng\xef\xc6\x8e\x15\x1f\
\xbb\xe9\x86==M\xf2s\x9e(\xa8\x89D\x15\x81\xc0\
 \xc3\x89\x19\x8c\xa7R\xb8\xd4\x83\x1b\x87&\xb3/>\
\xa7\xac\x05\x80\x88\xb8#Sm\xcaZ\x0c\x0e+\x10\x81\
j|\xa1c\xaa%B\xac\x12\xe8Q\x06\x11\x02\xc8*\
4\x81\x0d'\x8d\x84+<\xe7\x86\xb5y\x0bdK\xdf\
\xe3\xbe\xa6\x87t\xdd\xa1\xe2>\x1fsR\xb7\xd9\x85k\
M}\x99\xc6\xee\x89f\xc8d\xa9Is\x03\x0er2\
\xb1\x19\xc7\x034H\xc7\xa25\xe9\xa0\xaa\x10\x0e\xa6\x93\
'\x80g\x05(\xd2`NIxe\xd9'\x18\xbaE\
\xc7\xe4\xd4J|\xe1\xe2I\xabtb\x13l\xb5\x98\x8b\
\xc5\xf3\xe7\x04\xeb\xfe\x81\xf8\xd08\xc1\x1b\xab\xd7N\xec\
y\x0d\xa81qU\x9f\x1b\xcf\x93\xd8\xfc\xe9\xd9Or\
\xbdc\xec\xedz\xfd\xa3\xfc\xd4D\xc3\xb6\xe4\xfe\x1e\xbd\
\xb3\xac_?c\xfa\x1b3\xfe|q\xf3\xeb\xabR\x83\
\x80\x0a*l\x84\xa3\x05\xf4\xd2\xeb\x9a\x10\x1fZq\xb7\
\xd3S\xbb<!\xb1\xd0F\x02\x07!\xa6\x99e\xe1\x0c\
]\xa0%\x00\xc0\xa0\xa3:3\xf5\x0am\x98\x15\x90 \
\xa9\x8c\xb4^w`\xc1\xed\x98\xef\xdf\x9d\x10\x01\x16W\
\xb6s\xbe1\xa9\xa8\x89\xc1\x92\xb9\x18\xd55\xf9\xde\x9f\
\x8f\xb5gL\xcc\xfbc\xd3\xfdv\xadO\x83\xdd\xaf\xd2\
\xbf:\xcc\xcf\xad\xdd\x91\xf7}f5>>\xe7\xfe\x18\
&\xe6~\xfc\x7f\xf3\xcb\x115\xfa\xeaZO\xec\xc7\xd3\
_{\xef\xa4[v\xeb\xadI)\x80\x95\xc2Z(\xf8\
H\x9e\xac\x84\x09\x82];\x1a0\xc0D\xd4o8\x82\
\xa6\x9b\x9a\x908\x04\x1b\xb4p\x02\x99\x12g\x82v\xfc\
\xe8\xbb\x18n\x19R\xac\x92\x95@X\x82(\x9e\xcad\
\xae\x103\x03uH\xb0RW\xd8\x22OH\xd2\x06\xa1\
\xc4\xe5*c\x15!\xe2\xb63\x9dX\x8a0\xa4%\xbf\
\xe7\x11U\xbc\xfdY\xc8\x0d\xd9\x08 l\x99\xefCx\
Jz\xd9C\x82\xaaV\x10\x8b\xb0\xa33\xd8\x0dt\x92\
\xe1k\xa96\xd0\x0e%\x95\x01\x92X\xc3\xa5'`\x04\
Q\x18\x22\xab$\xa4\xefh\x13\x14\x0a\x12\x07 \x0b\xe1\
\xd4\x1f|\x0d\x13\x11\xbd\xd4K\xe9\x9d3\x18ma?\
\x0fo\xc9\xac\x83\xf5\xfd\xbb\x9d\xd3SZ\xc7\xb8\x98$\
\xfa\x12\xecG\x9eu\xbd\x07\xa1\xb4\xed\x7f\xdd\x04\x9c\x0c\
\xda\x87\xa9\x97\xb1\xef4\x04\xe7\x9d\xfd)\x88\xf7\xc6n\
\xb5\xbd\xbb\x9fc\xdb;i\xb2f\xe7\xee\x1f\xd0{\xdd\
\x00\x83a\x8a+=}u\xc3v\xd8\xf8#m\xf8\xbd\
\x06Ux\xd3\xe4\x16\xf7/\xa6\x8b,\xb9\x8a\xb1\x14\x83\
}\x8a'P\x09L\xa5-\xf5\x03\xabn\x19h\xc4(\
I\xa7|\xc0\xc2\x18\x10t\xdc\xdd\x16\x1dfxaB\
\x06\x9a\x80!\x96~)\xe3\x8d\x9d\xb5\x10\xf1\xc1\x5c\xcb\
\xbb\xb1\xbb\x8b\xd2@0\x88%\xe3c\x16\xe4\xbc\x8e\x99\
\x12Vn\x03\x13\x14\x01\xf1\xa6vo\xb1\xdfZ\xee\xf8\
?\x1f\xc6\xe18\x02\xfe?o;~\x88\xfck\xf4\x06\
\xbb\xde\xc7\xe7]\xdf\x07\xe3_{\xef\xafc\x8fg\x9c\
\x7f\xf3u|\xbf\x9dA\x11\x15\xfa\xeb\xef}\xf5\x9b\xe3\
\xeej%A\xc0\xed\x88\xe1\xbf3\xeb\x1a\x94b\xbfq\
6\xb2N)e\xb4\xe9\x11\x89\xe9\x1e\x11-o\xcc\xee\
1\xac?X\x84\x1c\xc3\x1d$'y%\xd1\x08\xd2&\
RH\xb2\x82K\x06\xe0\xe8 \x5c-\x94\x02\x88\x05\xb6\
\x09\xb32J\xd7\xc2\x80O#j\xcc\xe2w\xd5\x8e\x04\
\x8a\x0f\xa0\xe9N\xc3\xd1\x95vI\x872D\x1c\x13@\
h\x88\x80^\xf2p\xe1\x80hg;\xf8g2\xa6p\
\x05\xe3@\xbb\x00\x03\xcd\xb0\xe3\x1ccN\x1cg(\xb1\
Ga\xb5\x142\x87\x10\xa9\xd8\xa2\xd2 \xf4!\x9c\x96\
\x98\xcf\x11\x8e\xc9`\xc4x\x87\x11\xa6T\xb2`E\xdb\
6\x15\x02\xb2\x93\x9b\xd4\x03\x86\xa5BO\x13^\x99\xba\
\xce\x81\x00#\x0c^\xf0y|w\x8d\xd8\xd9\x8a\xc1t\
\xb0\xf4\x09\xcbz\x84\xd0,\xc5j\xc9\xfa\x127\xc4j\
\xde\x1c\x11\xcd\xea@\x84\xd9p#V\x11P\x01\xe1(\
\xa4\xd3-\x9b\xb9\xd4\x7f\xe2\xdf\x8c\x10&?\xedj\xe0\
\xb0\xcc\x9e\xfe\xbbk\xbb\xe0\xfck\xbb\xe0\xfck\xbb\xe0\
\xfck\xbb\xe0\xfc\x7f\xfd\xde\xef\x83\xf1\xac\x03\xe5\xdd{\
\xd3]Q\xb5~\xef\x1c\xb9j\xd7\x8dG,\x03\xe2\xc3\
\xc4\xa4o\xa9p#\x00\xa7p'\x0c\x1e3\xa2i\x00\
\x00\xd6\xd3\xbb\xc3\xf4\xd6l\x01\x16\xe6Q\x11\xb4\xe5L\
ibg\x90\x15\xae\xd2\x93\xe6\xb3\x0b\xacA6\xa9\x02\
\xa3g\x9f\x1dq\xa8\x01\xcf \xf5\xb8L}\xa3]\x97\
\xc8\xc4\xf7=\xe1\xfa\xba\xfb\xdf}R\x0c\x8b\x0f\xaf\xb6\
\xff\x00\xcaa\x1e\x01\xc4fG\xf7\xce\xba\xde\xfaA\xa0\
\xfd\xa3\xfc\xd4z\xf6~4\xcb\x1b\xbb\x83\xf7}_f\
y\xf2\x9f\x19\xd2-\xbbu\xd7\xff\x00?\xde\xfb\xe8\x98\
\x9339\xef\xf1\xa8\xe1\xe2s\x11\x1bY\x9a\x14M\xcc\
h\x94\xf3t\x96\x0e\xa9\xf3\x98\xc6oSnJ39\
\xe6$xDn3\xacum\xe2m3\x03+\x03\xdc\
\xe9\x1fmi\x5c\x97r;\xd0\x8c\x99\xc1\xb2\x003\x03\
%\x09|\xc9\xdaq/\xc5)ObJ\x8e\x80\x19d\
b4\xd7K\xb5\x0c |c\x96v\xb2]\x05|\x12\
\x1e%Ku9\xac\xf2\x0b\xc9L\x93\xca\x1a\xb9$)\
\x8fys$\xdc\x13\xd0O\x85\xb1&\xa42\x16\x85\xcc\
\xa8\x8b`@\xd9\xa3\x12\xd2P_\x00\x93\x1d%\xc8j\
<\x82F\xc6L\xa6r[\x95\xa1[<\x12\x01\xba\x81\
\x8b!\xdatK\xd0\xddW#\xb1~k\xd24\xc1\x0a\
\x13j\xe6m\xba\xfcx\xd1I#\xd6\xd9\xc4Q\x87l\
{j|\x98\x9aj\xa2\xc4\x1d\xb6\xe9\x1c\xe9\x88W)\
1\x1e\xb1\x8c\xcf\xb6\x1e\xf8\xc1\x8c\xdb\xe8\x99a6d\
\x1a?\x01\x81\x94\xcb\x17.\xcc\xec\xc6\x1b%ETR\
\xfa\x04\x1b\x9b\x1al\xd6Q\x83\xfa\x13b6e\xde\xff\
\x00\xb1\xaa\xf0\x89\xc5c\xeb?8\x80\xd4\xe2^\xc3r\
8Ho9\xeb\x1a\x94\x11\xc0\xb2\xe7F\x04\xe6o\x96\
\xf6\x062\x13\x22*n\x22\xd46\x1aP0zs\xc3\
#\x83\x0a\x8c\xa2B4?\x0ea\x97\xe5)Y=u\
\x1c\x0d\xb3\xd4\xc4F'|\xe6\xa7W\x10\x87\x13\xf4\x80\
\x90\x8b\x9f\xba\xe2\x0f\xce\xd3\xbfz\xfb\xdf}\x14C\x1c\
~\xdf\xf3\x15*\xf0\xd7\xee?\xddV\x94\xdfb\x7f\x07\
~\xd9\xd7g\xc7\xe5\xaf\xd2\xbf:\x02\x05\x13R\xde8\
\xf5\x8f\x99\xd7w\xc1\xf8\xd0\x0c\x1f_\xfes\x85G\xee\
\xfa\xfb\xdf}Q\x187/&\xd3\x1aY\x8a+\x9d\x93\
\x9f\xa1u\xaa\xef\x18E\x19\xf0\x8c\x99\x9d\x87}\x1f\xca\
\xb3\xce\x12[<\x041,\x8e\x80\xdc2\x1c2\x15\x8e\
$t\xd6\x82\x0b\xfeXLg\x16\xa9\x09\x88n\x87\x99\
1g\xe8lN2\xf5\x86b+B_06\xde8\
\x87B\xd8\xaaP>`\xfcsY\xd44O\x9dp\xdd\
'\x92\x15YR\xe5x\x0e\xc4\xf9\x84\x04\x18\x03\x9d+\
u\x09\xb5\xc6\xd4\x91\xeb\xd3P\x00\xec\x0d\x99\xcc\xbcg\
k\xeed>.H-\x81?\xbbV\x8b\xbd\xe4\x98\xe6\
&Q;l\xdeoS\xcc\xc9\x13G$\x1bED\xe3\
mK\x90\xe2,b\xc8\xef3\xeb\xa9*y\xf3\xc51\
'\xb6\xf5\x8d/\x0dAQ\x08b\xbe\x89\x915:b\
'8\x03\xf7=\xe1\xe4\xd0q\xb3\x08\x8d\xe6&2\xa9\
\x04\xa5%\xa1\xf2\x10o\xc0\x0b\xe5\x9eN4\xec%)\
\xf3\x1c3\x01\xe9G\x8d\x5c\xce\xf3>\xbf\xd0\xf6h\x98\
\xed1\x1e\x1a\xbc\xed>\xba\x10\xe4\x13'`W\x91\x8b\
Y\x22EN\xc1\xcbPDa>u~\xdb\xa0\xe5W\
-\xb1\x06\x09\x1a\x95\xd0\xbf\xa4\x0e[\xddRn\xe3M\
\x8eJ\xb7\xde\x9d\xa7\x0ds\xa7L\xcf\x88\xaa\x89\xda}\
%n\xaau\xf4\x1a\x1c*?w\xff\x00\xc0\x04\x02\x9c\
7\x17\x19^qz\x9a\x82o\xcc|\xd9\xdf\xbe5;\
l\xfe\xd6\xd4q\xde\xa9B|\xdf\xc2\x1f\xae\xfa\xe8\xf7\
i\x16\x0bv*'\x16m\xd8\xd7\xb7\xff\x00W\xde\xfb\
\xe9B\xa2\xcelY\x9f\x1bKF&\xe4\xa4\x13?L\
\xcdz\xae\x9e\x07\xf1[\x04m\xb7\x10Q\xe6\x12\x90\xb2\
D\xaf\x93\xde~\x9bc\xb4s\x198h\x94ln\xcc\
\x83\x9et\x03\x80\x96t\xc2G3@\x06\xca\x89\xee\x10\
\xa1\x91\x11P\xea\x85n\x08|H\xa5\xdcM\xd4\x9d>\
\xec\x11\x01\xe0\xc8\xe6\xb9\xd0\xae&D\xe4\x80^\xc9w\
\x16tx\xbb\x12y\xf7\x8f|m\xa6\xaf\x0c\x86gy\
\x82\x10\xdd\xf1\xac\x00\x1aA\xe0\x04FH\x8eF\xf4,\
#\xf5K\xf7\x1aW\x13\x1a\xcf\xebQ\xf0m\xe7[\xd2\
\x92\x06\xe4\xc3sq37\x1cjy\xa0\xc4\x897\x96\
^\xb8\xefFX\x5c_4\xfe\xb9\xdf:\x8b\x01\x84\xdc\
\xcc+<o0i\xc6\x87\x10rOv\xce,\x95\xbe\
B\x92\x92\x04&\x00\xc6d\x85#\x93\x99\x9c\xf0@\xb9\
\x97\xca\x9f,\xfb\xe8Z\xea*o\xb1TC\xd4\x0cf\
I\xd7\xee\xf4\xfe\x86\xd2\xe0D\x81\xdb\xc4w\xe7\xdbX\
\x8e\xca7\xcc'\x1by\xe6\xbb:\xa0\xf13\x87\xb3*\
\x84\x05\x86!{\xf1u\x04\xde\xcfz\x88\x19\x91\x09\xb2\
\xe6\x17q\x10M\x09\xd2\xe50\xab\x03\xbd\xf9\xa8\xfai\
\xab\x99&\xd4\xfa\x12>\x99\x9d0\x1b\xb2\x15\xc8b\x14\
c\x0c\xb7\xa9%\xdcHC^\x08\xe38\xbc\xeb\xf0.\
'6\xfe\xed:\x98\x886\xdd\x8f\xcb\xd7\xbe50m\
\xe4\xfa\x07\xa4{\xbb_\xe0\x5cNm\xfd\xdatU\xd4\
\xdc6q\x82\xde?\xe6\x92\x9b|,\xf9\x85\x07\x88\xc6\
F\xf5\xecS9\xda\xebIu\xe4$\xce$\x1d\xb6y\
\xebRhr+\xca\xa6vU\xc9\x11\xa20\xa8<\x13\
A<\xed\xe2'@Z\xc5\xb7\xd1\xf3\x99\xf1\xa8t\x8c\
!^\xa6I\xe6x\x9d\xf5\xd3\x9c\xd7\xd7\xef\x18\xf3\xa3\
\xd3\x8b\x93n\xe3\xf5\xff\x00\xe68T~\xef\xa63a\
\xcd\x0c\xb7\x89\xb2\xb3\x11\xd6\xe0'L\xc9\xb5[\x02g\
\xd2#\x15\x9a\x06\x02x\x8d\xb7\xb4L\x05}\xf4'\x0c\
],t\x97\xc1\x17\xe8V*\xc1\x19\xf0\x886\xdb\x9d\
_k\xa3\xca\xc8\x97\x94fa\x22\x09\xc1\xd6\xb7MB\
\xdd\x5c\xa2\xf2\xed\xac\xdf\x01\x1b\x5c\x11\xe0\x8a\xc8\x1aj\
\x18\xb0\x114\xa0\xc8p\x9e\xf73_\x04\x05\x1f\x0d\x07\
Ce\xbc\xe8\xc3j)\xe2\x99\x99;\xee\xbb\xd0D\x0a\
\x18\x04\xf4\xf1\x1c\xab-\xe9\xe2\x9cV\xfc\xe6|\xf7Z\
0\xe2\xce\xddW\x86c\xde49p`\x0f\xc0\xcf\xee\
4<u\xaa2\xf2O\x06`\xe4\x9a\x8b\x17\xdc\xcc\xc7\
0\x91\xb9\xceq\xb6\x98\x84\xa9\x092\x90\x97\xb2=+\
I\xcf\xeesi`\xa3\x18#bm\xa1\xb2\xcaUL\
\xbf\x8aL\xd2V\x94)YrLA.*(\x00\xe9\
#\x00\xabS\x80'\x1c\xa3\xa1\xa42\xb7\x14\x07\x11\x82\
\xf9K\xdc^\x99\x10q\x10\xb9\xea\xeepz\xba\x8f\x0f\
\xc7\xe7\xfa\x0f\xb9\xcf\xbb\xc6t\xe2n\x22v\xbf\x9f]\
\x190v\x99\x0fM\xdf\x1f\x13\xa4\xe0;\x12\xc3\x86\xf3\
\x1e\x9dh\x97\x19i@x\x0a\xde\xd8\x1a\xa6\xb4\xe5\x03\
\x19\x81\xd9q\x09N\xc4\xef\x1c7\x0ap\xb8 \x89\xc9\
\x1du\xc91\x05\x82QFsK\x8c^+\x0e\x83\xe6\
0,\xb50\xb1\xe6G\xb8\xd0\x00`\x06&\xcd\xc4\x97\
\xaa\xefR\xd2\x8f\x95\xf9=x\xbciH\x91^O\xa3\
\xac7\x96H\x91\xc5\xfc\xb3\x1a\xe6~%\xeao\xb5\xf7\
\xa9b\x0d\x8az\xc9\x08\xe2\xeb\xe0\xd1\x08&\xc8\x9c\xfa\
\x84\x16\xe2.[\x9d\x0b?\x14\x85o\x07\xc9\x5c\x92h\
\x09\xd9I\x86\xcb\x00\xbc\xdb\x96q0\xec\xa90\x1c\x83\
\x1c\x09\x01\x13\x14M\xa8\xc8\x103\x0d\xf11b\xdc\x12\
5\x97]{#\x9a\x07\xd66a\x83\xb4\xe5w_>\
\xc7\x1a\x9f\x94\x0b&Ly\xa1q\x11NIur\x09\
)\x12O\xd0\xb8(w\x9b\xea\xf9\x7f:\xea\xf9\x7f:\
\xea\xf9\x7f:\xea\xf9\x7f?\xfe\xfd\xdf\x07\xe3V\x933\
\x9fS\xd3\xf9~\x12\x8a`\xcben\x19\xc5\xe2\xb5\xcb\
\x04\x18\x82\xcf\x01\xb7W.\xa1@2\xa0X\xee\xc0\xec\
\x8elZ\xd0\xe8\xd5\x92\x00I\x99\x03|\x9e\xbaZ\xa6\
\x10\x9ej{h\xacVtJ&!\xa3\x84R\xb6\xe3\
5h\xd1\xc6\xd9\x14\xe5\xf8$f\xf9bj\x09T\x93\
8\x92\xcd\x0f-gS\xd5\xa4\x86\x5c*\xa6\xf0\xc7k\
:\x14B\x0ar\xc2N\x00\x03`\xd1\x94\xe3\x22\xa1\xc6\
R\xfb\xf4j\x18c\x90\x83\xc3\x01\xbc%\x17\x8ci\x11\
Gv\xc3\x1e\xc4\xfaK\x10F\x83jffR '\
j\xe3\xce\x94,\xb3\x09z\x94w.w\xcd\xba\xa4\xc6\
(%\xd5\xa4\xef\xe7\x1c\xc2\x83:\x92<\x89\xcf\xec\xd4\
\x08\xfb\xa0\x8cD/\x98\x9e\xca\x99\xddR4-;\x85\
\x9b\x98\x89\xd4\xe8\x862r\xe02f\x9f<\xe8\x8e\x14\
%\x82\xb3\x0a\x98iGPW1\xa1\x11\x81\x16\x907\
\xcdL\xc1\xabj\x83&\x5c\xd755B\x1c\x1a\xbd\xf8\
\xf1\xc1\xb7N\xa0\xef\xdd\xfc\xeb\x04\xdc\xcf\xdf\x8d\x12\x89\
*^u\xd5\xf2\xfe\x7f\xfe\xf5@\xad\x9d\x5c}9\xd2\
 \x92\xea\x03e\xda\xf3\xa0\x00ha\xff\x001\xf1\xaa\
\xe6\xcc\xe2\xe7\x86\xb6G\x93\x9dZ\x12-\x0c\x06\xf1\x16\
\xcf7\x11Za\x14\xa0\xd9E\xcc\xf3\xbb?}K \
(+\xd8\xfc\x9ff\x90\xcap\x1b\x1f~\xf3\x9d\x0eQ\
\x04\xa3\x1e\xbd\xfa\xb1\xbe\x8fe\x1d5\x9b\xef3k5\
\x894\xa2\xc3\xc4\xcf\x8c\x9f+\xa5-\x9fG\xcf]\x1e\
'I\xbcP\x8b\x5cd+\x92\x13\x8da\x067Q\xeb\
\x96\xfe>\xf8;1\x0b\xbe*\x82P\xb0\xdbK\xab~\
\x15\xc1\xdc\xdf\xe3@C(\xc9\xbb8\xa8\xf8\xc6\x08T\
\x14\xa0\x09Npg4\x14\xe3\x1at\x06\xa9\x19V\x17\
%\xef\xbe\xa5aY\x06\x9d\xaeU\xb5\xcb\xcb\x9d?\x03\
\x91\x1fq\x1d\xaf\xdf\x92$(g\xd7m\xedH\xf9\xf8\
\xd1\xc2\x9d\xca\x90\xea3N\xe30h\xe0\x16\x17\xa3\xdc\
\xf6\x16\xe8\xf3\xff\x00\xc5\xd5\xf2\xfet\xd7,& \xcc\
\x9b\xe7\xf8\xde^\xce\xbfA\x9d>A\x05,F=<\
L\xdc:~Fa-\x18\xde\xebc\x87c\x91\x13\x9c\
\x01\x18\xec\x05*\xe6q\x9d\x1b\x9d\x82\x0a~\x0e3\x0e\
oF\x09\x22\xae\x0f\xb8\xd8ci\xd4}\x80\xd053\
\xd3x\x00\x9d\xa6u1\xc4\x0cX\x8f\x14\xe2H\xa8\xad\
'S\xb4\xcd\xee\xb1\xb3\x9f]\x10\xd2\xdaU\xe6\x07z\
\x8f\x0d\x13\xc6\x13\x12\xc53\xe8N\x0e5K\xab\x1b<\
\x16\xbbBN\xd7\xb6\x9b\xe7 D\x1a\x86W9\x97\xbe\
4\xb0;\x0e\x83\x9b\x91\xef>\x9a\x94\xa0\xa5/$>\
\xfc\xec\xe8K]\xa3\x17\x82\x1dD|kp\xaf\xb8\xbb\
\xde~e\x0c:'\x03\x11\x03\xc4\x01\xea\x90\x19\x98c\
H\xcd\xd1<\xa2\x07\xcc\x80\xc3J^\x9c\x9f&\xfeR\
F3\x08\x0cb\x02\x94\x10a\x8e8\xa5\xddk\x10p\
\x05\xe6Ys\x99\xbd\xda\x99\x82\xd2\xa0&\xf9+{\x0a\
\xd1\xc2AR \xedv\x8fQ\xe3{\xd0\x18 \xe2\xdf\
\xac\xbb\x7f\x1f{\xef\xaf\x85\xff\x00\xf7\xf3-\x9d\x8d\x97\
\xad;NeH.\xa1\xb0\xaf&5\xb5_3\xfb\xf4\
\xc5\xe8*s\x817\x18\xb2\xbc}4\x7fbd\xf3\x12\
\x95;+\x81\xa3\x90\x83\x18Y\x8b\x80n\xcc\x09\x9d\xe2\
\x0b\x15Cn\x81\xeb.\xd3\x9dL\xe4\xdf\x0c\xc5dT\
\xb80\xcc9\x9d\x04\x87mDC12\xab\x84C\xd5\
\xac\xd4\xc2\xf5\x02`!\xb7/&\xf6\x12\xc3\xf6\x16\x9b\
\x8d\xd0cQ\xeb\xc6,\xd9\xcb\x89\x9d\x82\xf5\x89uQ\
0\xdb7\x8c_\xa6\xda#\x90SE\xf9.3;i\
eo\x0a'{A\x13\xb9\xd5j\x84\xfa9\xec\x22\xfe\
\xd8\xe08F\x18X\xf7@\xbc2\xed\x0c\x9a\xb8\xbb\x1d\
\xb2\xa8\xf7\x83\xdd\xe9y\x10h5\xce\x1f\x15\xd6\x8eE\
\x8a\xed3\x9b|\xa4\xaag\x1a\x9e<\x80,\xf8[=\
\x13\x8dB\xa6L\xdby\xef\xe9\xa8%\x95\xb7\x1c\xbf2\
\xde\xa1!\xdcj;\x19\x0cU\x7f\xf1\xe0\x9b\x99\xfb\xf1\
\xa0\x18>\xbf\xc1\x94V\xee\xf3\xf9q\xa8\x0c\xc2p\x07\
5\x0cW\xc7\xa4N\x8e(\xb0\xc4{\x05;U\xdf\xad\
B\xc1q\x12\xc7\xc3\xcfq\xbe4T\x11p\x84\xf5~\
\xb5\x83\xce\xad\xa4iH\xa4*&\xf0t\x80\xb9\x11\xb8\
%\xb4\x81\x91\xec\xcc#\xa5P\xd4\xc6\xb5\xb0\x81\xe8\x06\
\xb6Ce|rW\xf9\xa1\xb3\x96?\x04\xa6\x1eR\x1c\
^\x8a\xd5\xec\xde\xf1\x1c\x06*>u>\x06)\x08f\
\xe47\xace\x064\x04\xd2pQ\x8aPuy\xbat\
\xbck\x94\xab\x8e\x1c\xca\xe0\xc3\x9c:1\xba\x8d2\xdf\
\x08\x9bE\x04\x102F\xad\xb4X\x92\x9c\xe4\x0cc\x88\
\x8c\x1a +(E\x0f^zA\xae\xb5\xb35~]\
\x89\x9e\xcb\xa8\x9d\x02\xde\xa8\x063\x91\xd9\x86N\xb5\x1f\
K\x85\xee\x19Tw\x06\xd1`\x9f\x01\xec\x14\xa2\x91\x91\
\xfa\xe8/\xdaWm\xa5+\xca\xb3\xce\xa6K\xb4\x1f\x00\
\x16\xc8\xd6\xfay/&f\xbf\x1e\xf2\xcb\xa4\xcawg\
'\xc7A\xfak\xef}\xf5\xf0\xbf\xfe\xfe\x01\xf2\xee\xbd\
\xeb\x84]g\xf7\x9b\xdbS\x03\x1b\xbc6\xf8\xcc\xef\xb6\
\xa7\xf6A\x0ca\x90Ok\xfe(\x15$Qg\xee\xe7\
\x11\x15\xf5\xd1\x04\x0a\x87\xca\x96.%\xf1D\xd28K\
t\xc9\xbb\x133\xbc\xe7\xb2\x98\x22\xc9z\xb7|\xf7\xff\
\x00&5\x05\x03H\xa3\xe5\xf3\xe3:t\xfb\x89\x040\
\x94_)\x97s\xa0\xe4kp\x0c\x85\x96\x99\xc3\xfc0\
\x9b\x92\xd3~\xaa\x83y\xe6u`\x09\x99\x1f@\x0d\xbd\
2\x1aTod)\x07\xa8'\xe3\xadC\xc4\xde\x07\x85\
\x80\xfaDr\xce\xa0=X/\x8c\x9f]A\x13d\x87\
\xf1\x11\x1e\x9f\x8dZ\x94\x22\x90\x10u\x1b\xed\xdc\xd6\xda\
\x94\x1d\xad6\x8bk\x9d\xf7\xb3\xc6\xa1P\xa2\x8a\xf02\
\xa9\xbe\xd3:\xcb\xfe\xd1X\x9a\x88\xc7\x05Ft\xaa~\
\xc8'}\x91\xefm+\x02V\xf1\xb1\x881S\xe9\xeb\
\xa0\x8b\xc24\x9d\xcd\xab\xcc\xaf_\xc7Y\xa7Y\xff\x00\
\xc0\xfb\xdf\x7f\xe5\xfa^\x19\xf7\xf5\xd3f2\x19!\xda\
\x02\x03}\xa3\xd6\xb4%6\x0f\xfbo\x5c\xe7\x89Jj\
\x031\x02/77\xed\xed\xab\xa8\xc4\xee\xad\xb5\x9a\x86\
\xbcLh\xeb\xc9\x848$H\xa9\xc8\xdd\x9d\x13af\
+\xd3@\x8a\xa2\x0e\xcet{\xec\x8ac{dk\x95\
\xc7+\x18\xec2%\xc6r`\xe6!\xf6\xd1\x9f\x10V\
%\x9bV8\xb1W\xde\xad\x8b'<\xad\xea\xc2mQ\
\x12D$X\x98\x88\xb8\xcc\xa56\x85\xdc\xc4\xe85p\
p\x87z\x00#h\x03J\x90\xc6e\xee\x96\xe3\xc31\
v\xde\xa0\xc7q\x9a\xbe`d\xc3\x9dL\x17%\x09\xe7\
\x01\xed:_\xcc\x84\xa2v\x80\xf0\x84tN\xbf\xda\xc6\
\xec4\x8b\x95\xf1\xa0-\xd4\xbb'\x12U\xf5\x1cl\xea\
\x1c\x98\xa8\xf8\xc9\x95o/\xc1\xa5\x1e\x1c\x08W21\
\xfa\xe7\xb5\x5c\xe9\x09\x11\xb5c\xc8u\xa2h2Z\xdd\
\x18ns\x1e,\xc5\xea\x22Q\xdb\x0aD,\x12\x0c\xd1\
\x1d\x9a\x93\x18\xca#s\xb8\x5cVc\x7f\x1a\xfb\xdf}\
|/\xff\x00\xb7\xd5\xf2\xfeu>O\x9f\xc6\xa7\xc9\xf3\
\xf8\xd4\xf9>\x7f\x1aZ\x22\x89\x96o~>\x9aRD\
\xbc\xcb\xc5\xf5~\x18\xe3m,\x90\x8a\xe7\x1e\x7f\xdf\xcb\
\xe40b\x89\xc4\x03\xf2YR'I\xf0\xc5G\x05@\
\x88-F\xf3\x13\xa7\x19\x81P\xaa\x09O)p\xb44\
\x81a\x9c\x8f\xc2\xfc\xc7\xfb\xee\x16C\xd6/\x7fn\xf5\
2\xc1\x84\xefpf\xe6\xd4\xcc\x84\xe8\xfe\xf9's\xc5\
\x89\x8c\x04\x11P'G\x15aC3L\x94j\x96\xef\
5\x0f\x1c\xc2K\x19\x80\x9e\xc7\xbc\xe9\x80}\xac\xee\xdd\
Tl\x95q8si\x94\xd4\xfa\x96zU\xe8\xb5\x8e\
g\xb4q\xb6\xcc\x9f\x15\xeb7O\x92\xd9\xda\xc3\xce\xb2\
6\x13,mLH\xe6\xf8\x9d\xa3T\xd1\xc9{30\
\xc2\x02L]@V\x9c@\xc9\x12b`\x1cq\x17\xbd\
\xce\xa4\xa3\xb7\xbe\x883?\x8d\x1d\x19\xc6\xcf\x91\x838\
\xb8\xf2j\x91\x1c\xa6>&\x0e1/\xd0XY+c\
\xb9\xdb\xf1\xa2,J\xca';\x08m\xb6\xfe\xee`#\
\x0a~\xf8q1\xf7\xd4t\xce\x00\xd7\xb2\xdf?\xe6\xb3\
\x9e\x9b9\x8e^\x9f:\xdc}@\xb9\xf0\x8a\xbb\xd2\xf8\
J\xc4\x87;~\xed\xaeg\x9c\x8a\xf8\xe7B\xde\xe6\x82\
>\x9f>u\x95=\x8e\xf7\x88\xda\x7fS@N\x5c\xf5\
\x11\xd9\xf9~\x92\xdc\x97n%\xfb~\xde\xbfg\xfa\xd4\
8\xfc~u\xdd\xf0~5\xde\xff\x00\xe4p\xa8\xfd\xdf\
\xf9\xe6z\x05\xfcW\xa6\x9b;\x80D\xab5d7\x13\
\x9d\xb7\xd2\x80\xba*\xaf\xb8X&\x1d\xba4\x84\xf2\xe9\
'\x8e\xbf\xe4\xba$5-A\xdeB\x98\x228\x9a\xd4\
\xc4\x8b\x99\xc2\xd4\x11,\xb7\xd6qQ\x1a\xd8\xb9\x10D\
>O\xde\xf4-\xcd0V\xc3\xe0\xf1\xb4\x96\x1a\x19T\
Rhk\x94\xa7\x86I\xa4t\x85\xf2r9\x94Tf\
\x10\xa9\xdfY\x9c\x06\x03\x18\x99\x1fV^k]\x99\x90\
\xa7\x19\x01B@\x08\xa8\xce\xa08\x12\x14yR\xdfm\
oc\x03^k\x1b\x80\xabVR[\x133Z\x08\xc7\
3bw \xc15<t0\xadR\xda$\xcb_q\
\xb65\xd5\x81\x12\x9d\x13n\xf8b+@ \xce@m\
\xb5A\xe9\x1f\x17\x977\x9c\xdf\xce\xb0jq\x85\xec#\
\xd3\xfe\x05Rr \xcf\xab/\xb3\xf3\xa2\xa3\xe4>\x86\
>4s\xe0\xe2\xe8\xf2_\x8b\xd4\x0b\x8b\xc1\xb3\xa1j\
sQ\xe3L\xed\x8fwP\xeb\xdd\xd0\xf0B<\xfd\xcd\
\x00\x00Pc\xff\x00\xef\xb4Q\xb3\x1e\xc7\xe7T\x22'\
\x10<\x8d\xa4\xfes\x9cD@\xcc\xe3\xf3\x0f7\xe1\x8d\
c;\x05\xc9\x1e\x07\xc3\x850\xb0\xd4\x85.\xc2I\xe0\
3\x90rT\xae\x1a;\x8a\x02k\x13=\x82\xf2\x8aW\
\xe64\xa5\x1fe\x0b\x8c\x06\xf7\xa4H\x5c\xc9g\xeb\x1d\
\xed\xbf\x89T\x04\xf1\x9d\xa6D\xa8g6\xddiUA\
\x95Q\xc51\xec\xd4\xe0oU\x99\x9f\x22\xf3\x87\xcd\xf5\
\xa8Jo\x02\x07\xd7\xeb\xfb\x1d]\x17&\xd1\x8d\xbe\x95\
\xa0J\xd1\xb9\xab\xbd\xeeH\xc8\xef'\x14r\xb8\x88\xf4\
\xd0\x1f\xe6\xda\x9b\xcc\xa2N#\x9b_V*\x8eF\x95\
\xc7%\x1e\x80\xf1g\xaeu\xc9\xaf\xd6\xe5\x9e}\xf7\x9d\
}U\xdf\xbfx\xff\x00\xb14\x0d\x9b\x9aC\x02o\x8f\
\x9951\x85\xb1nx\x16\x1c\xef}\x91afTs\
\xe8\x08Mzg\x9c\xc7\x95\xe2\xecNm?=\xea\x90\
*\xd9\xfa\xbd\xd9$o\x13\xac+|\xbf.\xcf\xbb\xa4\
\xa6\xe2!\x1d\x9c\xdc\xc5\xf9\x9fp\x92\x0a\xecY\xe3j\
\x86a\xde&ue\x0dm'\xdeOi\xfah\x0b^\
\xc9\xea\xf2\x8f\xd25\x9b\xe0PU\xdb\x11\xfb\x9e\x19s\
\xd0\xfd\x15^\xf1~\x92b\x8f\x0f\xf3\x8d\xea\x8c\xc9\xa7\
\xcfp;3\x18\x83\xeb\xb5jJ\xd9\xef\x8f\x9f\x8e.\
\xc1\xff\x00\x9d\xfe\xea\xd7\xf4\xcf\xd1\x08\xcd\xfb6$\xb3\
\xd0W5\xbf\xeck\xbb\xe0\xfc\x7f\xe7\xdc\xe7\xdd\xe3?\
\xc7w\xc1\xf8\xd0\x16\xf8\xfci\x93T\xcd\x89\x9fB\x9c\
\xe3\xd25\x11m8\xfd\x93\xfem\xaf\x1aRb=a\
\xfd\x98\xd2Q;\xd1?_\x19\xd3\x5c\x00D\x8e13\
\xc7\xaf\x8b\xd5|\x8d1&\xa70\x88\xde#;cF\
\x00!\xc7_\x93\xd5\x1e\xd1\xfe)\xa6+i\xca\xcd]\
\x1b\xe7S\x88N\x96n\x10\xa5\x5c\xc1\xbc\xec\xc9P2\
\x0c\xccr\x9e\x91\x19p\xce\x9a\x99\x05\xaa\xdae\xa3\xc4\
n\xe9U.I\xf9\xe1\xd0\xbaY\x22\x92*b#\x9c\
\x95\xbb\x95B\xe1c6\x88\x16B@\x81\xa54\x9c\x00\
Y(3\xe3\x1f\x1aA\xc9\xf9\xf7\xd4O\xfdO\xa7\xf1\
\x11\xff\x00W\xeb\xa8\xb9\xbfv=\xb1\xfc$\xf3\xee\x9f\
MBf\xe7\xcb\xf9\x8f\xe8\x7f\xbb\xc6\x97\x87:o3\
v\xcb\xec\x22c~\xbcN\x83\x8d\x88\x81\xe8K\x5c\xdc\
h\xeca \x96\xe1 \x8f$VWm\xd1\x14\x1d\x0c\
\x8f&\xcd\xe5\xe8\x1a\x92\xe4P\xde\xae\xf7\x88=W;\
\x86m#=\xef\xcbS\xdci\x04\xc6 \x85f\xa3\xfd\
c}\x0d\x90\xe1'\xd2$\xc3\x88\xef1\xa8\xcb\xa1)\
\x87m\x8arQ\xe7C\x86!\x11Q\x13\x8f>\xb8\xa9\
\xd2\xb4\x8d\x14\x02Nh\xee\xe2\x1a\xc6\xa7\xf0\x9a\x86W\
\x83w\x8e\xb8#\x81|\x9aD>\xb3/\xbf\xa6\xe7\xca\
B-Bl\x82\x06\x08L\xac1\xa8F\xdcY\x1b\xa0\
@\x1789\xdbS![\xe3;\xd4\xd3sn\x8c\xe8\
\x8d\x99\xa6G\xab2dv\xda@w\x87\x0cY\xe6R\
\xdd\x97\xb3L\x068\x16\xfc\xcf\xe3<\xd6\x88\x10\x91\x11\
\xb5\x1d\xcb?5\xac\xe2O\xed\xf2\xde+:5\xb2\xe8\
\xbf\x1e\x09\x93k\xd4\xbfA)\xba}\xe7s\xab\xad\xc9\
\xb2\xcd\xd4\x0f\x84\xe7\x8d:\xf1)\x88\x9f\x8czF\x1f\
\x1aD\xb3\x06#\x1e\x08\x09\xfc\xcd\xea\x15\xb9\xdag\xd6\
\x11\x18-\xdcjK\x09\xe7!XX\x22\xe06\xd0x\
\xfe0.\x16\xeeA\xccD\x0c6\xe0~\xa9~\x1ch\
\xb2+Q|\xa8\x06\xff\x00`N\x9b-\xbd\xd8\xfcx\
\xf4\x9d\x07O\xc9\xf8c\xdbQ\xd2'\xd3\xe0?\xcd\xb7\
\xd5\x82=\xcb\xd7q\xf3\xc5Y?\xf9\xdb\x87\x1e\x91\xe7\
\x1f\xc7W\xcb\xf9\xd0\x0c\x1f]R\x8f\xa9O\x93#\x1e\
\xb7\xa9+\xd3\xbc\xc8\xf5\x0a9\xc6\x0dE\xc1\xd8\x94\xda\
32U\xab!S\xa7\xa2\x0bi\x13q\xcf\xfc\xebH\
\xcf0\x8d\x97\x9f\x05\xeb\x8c\xe8\xba\x13,\x03\xd0\x0f\xac\
\xeb2\xab\x92\xf6 U\xfc\xe4\xd3P\xb1(\x06'\x92\
\x8c\xc4\xf5\xa4\x06F'E\xce w\xc9:\xc4\xdd\x98\
\xfb\x04\x8c\xc8\xb8\x82,\xe7\xbdK\x1f\x00b\xa4\xc8\x06\
\xdd?:\xa2\x0dH)6\x9c\x05\xe0\x03\x1aU\xfal\
\x05g\x15;H\xb5\x19\x94\x18\x86\x1b^P\x8b\x1b\xa6\
=\xc7\x94\x13.m\xd8\xa3\xd0?\xa5\xfe\xef\x1a1\x22\
\xf9\x97l9\x8f\xb6\xf6h<\x19'\x04[\xf1\xb7w\
\x9c\xe9\xa3\xd7\x85\x93\xc8o\x90\xba\xd4\xe6p,\xa0\x97\
6#n<4\x10\x92 \x84\xfc\x89\x85\x0a\xf9\x1dK\
8\xf9\xa7\x80\x19\xc0!7\x12\xd6\x99\xb7q\x82\xe7\x82\
\x12y\xcf\x8c\x1f2\xb9WI\xdf\x0f\x1e\xd36|\xc1\
\x80C\x14Ug\x04\x8c\xe65\x94\x01\xb4\x17\xde\x17\xf1\
\xb9z\x22\xcaLV\x1e\xbf\x15\xf3\x10\x8dJ]\x10r\
-F\xf9\xc9\x17\x985Q&-o\x16\xcb\xe7\xad\xf0\
jv\x1b\x12a\xca\x10\xcb\x18\x9c\xea\xb8 \x05\xcaX\
\x81s\x15\xb1\xc5\x003y5\xfc99zj\xcb\x1c\
\x04;\xd4Q\x9b)F\xfbK\x99\xc2ck{\x00\xf7\
\xf4\x98\xd2\x91\xdd\x0a\x0eC\x19\xd0\xd4NB\xaf\xa0\xc7\
\x98\xda\x5c\xce\xac\xa2y\x9f3\x8af\xf5\x83\x0fC\xcf\
#\xce\x82!0\x94!\xf0\x99j\xa7\xce\x89Td\xb4\
\xc4bW\x9e\x861&\xb1@\xac\x07\xd06\xcc\xce\xd1\
\xa1)kN\x1e\x88bs\x0dV\x80D\xa1.w\xbf\
4)!\x0a\x16+\x91\x11\xe4\xa2m~&\x1d8H\
d\x17+\x86\x1ec\xc5\xe9\xef\xa6\xe2,\x93\x818\xb4\
'\x0d\xe7Pp+\x8e\xd9\x8aO\x93\xae\xb4\x8c\x9c\x88\
\x87\xd4\x1f\x13^\xba\x854\xdc\xfaR\x0f\xb5\xeabh\
\x91\x01\xf4\xb5=\xc2\xf4l\x1fA}\xa7\xf7:\x0aA\
'nL\x5c\xc7\xefF\xa9N\x02\x96\xbb\xb5\xfa\xff\x00\
\xe6<?\x1f\x9f\xfc\x08\x83\x81$\x8f \x83{>/\
I\xa7%1\x7fvW\xa9y\xdbSpp\x00|v\
L\x80\xa2\xe7Y\xfe\xd8\xb1\xb6b\xe6\xc6\xb6\xd2\x09\x98\
\x9am\xb9;8\xc6\x18\x90t\x83j\xd1\x8e\x13v\xf9\
Ww\x1a/\x8e\xa4\x06\x1f\x1c\xd9\x02\xe2t\xdbc\x10\
\xa7\xd8\x8d\xf6\x0f\xa6\xab,\x8cS\x02\x94\x18\xe0{\xd2\
\xd2|\xcf\xc5S\x0f\x00K\x05\xd6'\x07,\xe0>B\
'.\xb0\x10\xc2\xa3\x1e\x1f\x83\xe7R\x1c\x03'\x826\
{Lw\xa50\x81 \x01\x18\xba}\x88\x8e\xf3\xa5\xba\
\x90$\x08\xe3\x077|\xf1\x1f\xd2\xfd\xd1\xf8\xd1a\xef\
&\xa7\x11\x1c_\xdfm\x12\x86Y\xac{R\x91\x9b\xc9\
5\x18\xed\x12\xfa\x92\x17\x98\xae\xf4\xeegJ\x93q@\
\xe4\x04p`\xd1\xe1\x91\xa4\xbe\x09&y\x98\xac:\x0a\
J&~\xba(\xef6\x22\xda\x9b\x99L\xab(\x94\xa1\
\xac\xc4f*u\xdc4EG\xd6c\xeeL\xce\x8d$\
\x14\x05\x0fV#\xdbw\x11n\xa0\xa8\x09\xbb\x09l\xb5\
\x87p\xdf\x8dT;\x98\xb1fg\xf7z\xd0\x93\xb0\xcb\
gj\x09\xbf;\xed\xa6tpUg0\xa5\xc6\xfe:\
\xd4C\x82\x11$;\x19gq\xf6\xd2\xcf\x81\x8ef\x98\
Dx\x22\xfb\x87K\xad\x7f\xec\x8e?]\x0a\xcba\xf6\
8p\xca=\x13\xa8\xbb\x5c\x04yg\x05\xceI]\xb5\
\x81\xa5R\x8f=W\xc7\x82\xf2}\xc0\x03\xb9_d\x19\
\x1d\xe5Si\xc6\xcb\xd0\xf7\x8fMl\xff\x00\x01$z\
\xdd\xf4\xdau@\xe3\x09o\xd1d\xf3\xed\xa6\xc2[\x09\
9d\xe1\x15\xdf{\xde\x89t@\xc02\x16(\xda!\
\x9b\x1f\x04\x22\xb2J\x19p\xa1\xc6Y\xdeb\xe78\xe4\
\x18y\x90v\xdd\xa7\xa4\xda\xc4\xfb\x9a\xe4\xc6q\xa9\x82\
9\xa9.\x04\xcc\xce\xea\xb7tt0\xc4\x19\xde\x92\xcd\
B1\xb2cA\x09\xb8!\xb4\xe7\xfb\xafD\xa5\xc2h\
\xcec\xc8\xe5\x98\x97ND\xf3\x88)\x9d\x85\xc5G\xd6\
4\x10Y_\x09\x04m\x00k9\xc6\x84\xbe\x88\xfdw\
\xa1n\xe1I\xc30+$\xe6q\xa9\x06\xc7\x094\xf0\
\x8e\xddq;O\xe0\x5cNm\xfd\xda\x7f\x9e\xf7L\x05\
}\x08\xe3s\xf5\xd0\xd3\xbao1\x1dL\xfci\xf3f\
\xfa\xcc\xce\xc6#\x1a\xf4\x1c\x99\xf69\xfa\xfch\xe92\
\x1d\x11\xf3`\xe5\x08w\xe1d\xb0\x91A\xe8\xe4\xf9\x1b\
\xad%\x09^a\x9d\xa4\x5cV]EL\x84\xf6Rw\
s\x8a\xe5cxu}c\x8b8\x90\x0d\xc9\x11\xd9c\
Eq\x90\x02c\x12\x86\xf3\x00\x11&]\x0f\x1aT>\
wk\xb0\xeeu.\x12\xec\xb2\x82\xb3c\xce\xa9\xf2q\
\xb3P'g\x03j\xd0\xc6\x03DW\x82\xeaV@\x1b\
.a\xb9\x9b\x18PY\x10\x11\xd6\xa0\x8e\xae\x0d\x99\x07\
\x90\x00\xd8n\xe9\xb5 \x88v\x85%$K\xdes\xa8\
\x91\x84\x81\x0f`\xfc\xb2cL\x92\xce8\xdc\xeb\xfa_\
\xb3\xfc\x1a?Y3\xed\xe1\xe7\xf1\xa9\x16\xc3\x11\x5c\xf7\
\xe979\x5c\x8aD\x09(L\xc3b%q\x94\xefI\
\xd4\xf3E\xbe\x16b\x10f\x94\xd1^<\x14WRm\
\xf2Y\xdfO\xa2\xc7\xe4\x90\x1f\xe5\xc0\xc8\xcdD7\xda\
\x9cTpG7idg\xd5E1\xe3\xa95B\xfa\
r_\x99\x99\xcd\xea\xeb\xe8\x1a6\xc4_\x8f\xf3\xd7\x05\
[l\x88\xf3\x9e\x1dS\xb4\xdb\x8e\xe4(\xbd`\x81\xf3\
<\x1e\xf2\x9fgLu'2\xa1'emK\x8a\xd6\
\xd8\x1c\x8e{x\xf8\x0dQ\xc1m\x9b\xf0\x8f$n\xde\
\x9f\x93\xd8\x12\xcbt\x1e\xe4nF\xea\xfe\xfeP\x91\xda\
\xf9\xcb\xdc\x98\x8dpI\x81\x1e\xa6\xde\x1c\xe2\xb4\xf1\x02\
\x06\xc5\xeb\xbd\xf3\xe3\x8da\x8cq&\xd9\xc4\xcbdv\
\xefzL\xd2\x9d>n<\xed\xe7Tb`\x89\x16w\
m\xee\xbcLhp\x5cI\xb8\xecD\xf4\x8d\x1c(\xc5\
\x9fS;\xf7\xb7\xb00\xf6\x08\xbc\xf0\xc9\xd4\x04\xde\xe0\
\x13\xd7!*S\xcd\x8b\xed\x16\xf7:\x09\xd7s}\x82\
s\xb7ZhrG\x80\x00\x15\x99\xad\xd8\x92\xb4\xa7\xb7\
\x98\xd4\xc4\xaa=\x5c\xc6\xdaJ\x8bv#\xc0\xc2g\x15\
\x83P\x93\xec\x98\xdb>F\xdaes\x80\xf1\x13Na\
\x1c\xe7QEa\x0c\x8b\xa92;\xfb*e\xc0\x88[\
\xee\x86\xe4\x09\xb638\xc4&\xf1\x9c\xf6\x86n\xe0d\
\xd6\xd5\xe5\x8c\xf0\x02\xdb\x13\x91\x8dNI\x1bJ9\xfb\
\xba'\xdd\x9d\xc7\x84\xb1b\xbf^+\x1f\xc68\xe1\xe7\
\x14\xaf@\xeey\x22\xb5\x04#f\xba\x9e\xbfMM\xe3\
\xd8: \x13\x92\x81\xbf\xf9-\xd2\xb6%s\xc4\xdd\xec\
\xd7\xce\x8b\x88\xe0\x5cN-\x1f8\xf3\x18\xa2\xe2\xd7\x84\
\xfdm\x9d>\xc1\xb88\x0cO\xdc\xd2\xaa\xa6UI/\
\x12_\xcd\x912h\xbcX\xa3[\xd4l\xbc\x94E\xe8\
\xb7\xd5\xd4\xde\x9f&F{\xdbV\xc6\x11\x9b\x09\x0b|\
Qq\x1bh\x82!\x83\x1f21\xb1\x1f\x84Q\x15;\
\xe8\xa5\x17\xaf\x0e4V\xfd\x1cd\xca\x9d\xe5#\x01!\
\x91\x1e\xc4\xc8\xc8\x84\x0c\xddz\xb3\xa4R\x9aQG\x00\
\x88\x97r\x13#\xbe\x96\xc3\xa0\xf3\x09\x17\xc9g\x964\
\xa4\x09\x12\x14\xcc6\xdc\xdb\x9a\xf3\xce\x1932\xfa\x81\
]F0\xc17\x12\x99\xfa!\xbf_\xd2\xdbs\xbe}\
\xe3\xe8h\xf3GL&\xfc\xd1\xd7=.\xa2\xac\xa5\xd4\
\xbfhH\xb3?\xe4\xcaN\xe4 \x9d\xb0\x11\xdcDT\
\x0ch\xff\x00\x18N4L\xc0\x04\xc5\xa8\x0eI\x87S\
\xc9]\x0b9\xc08\x97\xbac\x0bm\x8a\x94\x0cVQ\
i\xd9\x9b5\xa7\xf4\x96=\x8d\x0d\xdcW\x0d\x99V\x00\
\x943-2\xce\xcc\x98\xa8\xc8R\xd8$1\xc3^\xf8\
\x9f}\x1ec\x83\xa9\x9bfOH\xf5\x9d\x14,\x09\x01\
\xb0\x16\xc3\x17=N\x96\xb1rZ%&\x12\xc3\xd7\x19\
\xce\xa7\x98\x9b,\x0e\x08^B:d\xd1\xc9Tf]\
\x04N\xd0\xd6\x08\xd2\xcb2\x1e{\xa0\x17\x801\xeb\xa0\
9\x12bH:K\xe4\x96\xae\x01\xb2\x83\x0cd\x16\xbd\
`\xcc^\x98 0\x0a`\xcd\xee\xab\xaa\x9e\xc12\xc0\
\x9a\xef\x16\x93\xc6S\xbd\xc1\xccf\x0c\x9e8\xe2\xba\x93\
8\xd6TB\xf0\xe6 \x8f;\xcdi\x14,\xb3q\xca\
\xe0\x22\xa1\xf9\xc5\xeaV\x8eW\x9ed\xc6\xf5\x1f\x1f\xc2\
\x96{d\x9fo\xb6\x8e\x13\x18 O\xb2|jJ\xd9\
\x0fn\xd4#\xf3z\xacD`\x83\xe8_WX@\x0c\
\xa1M\xcc\xbc\xb3\xcd\xcb\xad\xc7c\xb3b <\x82\x1b\
\xd4\xf6\xe2\x00\x97\x142\x19\x98\x0e;\xd5\xa6\xf8\x06Q\
\x14\x8d^\xca\xf3l\xba\xcc\xb69\x86\xc0\xa4\xec\xff\x00\
wG\xd1\x04\xb6\x80\xc9\xe5V/@Q\x15\xd0\xa8\xc5\
\x08\xae\x0b\x97kI\x87\x94\xb0\xda\x19\xcc~\xcdjq\
\xbc\x8b{@\xcf\xb3\x1b\x9av\x87\xd5q1\xecx\xce\
\x8c\x80\x1dx\xf6\x9c\xef\x1bV\xa4#Fp\xc73'\
\xd2\xb4\xa3\x96\x22'\x073\xfb\x9a\xd0I\x01'\xdc\xe2\
7\xcf\x99\xd1\xd9b\x1f\xd26<m\xaca\xd13\xcc\
\xc8U\xb8\x92\xb4\x8aR\xad+]UnX\xc6y5\
0\x07\x80\xfc\xc5\x95h,1\xb2\xce\x8d\xef\x9b,x\
<{\xe8t2\xc0;&^mo\x1dlz\xd8\x02\
\xb3\x11}\xce\x95\xb1\xff\x00\xce<\xa0\xce1\x8e\xb2\x9b\
\xd7-\xdd!\x90S\xb1\x06\xf3cGg\x80\x1e\xc9\xf1\
\xf3\x9b2\x04_7R\xacVU\xed\x93T\xff\x00\x8b\
Q\x98\x88.\xb0\x82\xeb\x9c_\xa47\xcc\x03\x1b\x06k\
q\xabL\xe2\xb7P\x03\xd881![\x89\xde\xd2X\
\xf9e\xdeMN\xa6;\x07y\xfd\xf3\xbe\xa79S\x8a\
\xc7<\xb7\xb4\xf9\xa9\xd2\x0c\xb39\xa3\xae\xbf\xa5\xd6=\
\xb1\xf0\xfd]\x1f\xdaJ\x0e36g\x8b{\xe7M\x1a\
\x99)\x9fR\xff\x00\xe6\xae\x1d\xad.\xeey\xa6bs\
\x080\xed\x0c\x94>\xb4\xb2\xe1\x87+\xa5\xf4\x1c\x14\xa5\
K\x04\xa1\x04\x0c\x14\xad\xa1\xdc\x1e\xf3g\xa4}\xdb\xd1\
\xaf`\xdf%\x04\xda\x12w\x96\xb5EJ\xd2\xd3zc\
d\x11\x1d[\xa5dk\xf7\x90D\xba\x90\xe4MQ\xe0\
nI-\x82\xf7U\x88\xbe\x11.K\x03\xc1\x99\xe7\xa7\
\x8c\x89\x10\x80y\xd0\xbe\x11\xc7\x10\x0f\xc8\x84\x94\xcba\
#\xe1\x18C\x0e\xaaJbY\xd0\x19T\xd4\x85\xa9m\
\x1da\xb1E\x88\xa896\xb6\x8c\xd9\xa0\x93\xcd\xb52\
\xcc\x8f\xa17\xf44\x90\x11+\xe1\x226\xa0!\x9d,\
\x7f#3\xed\x88\x82(\xba\xbd\x08\x8c)\xc15\xbd\xb1\
\xcb'\x0e\x9d\x01yZ\xe31\xf7\xa8\xf1\xa9h\xd8\xfd\
*\xaf\x11\x00\x17\x19\xd4\xe4\x10\xc3\x85{\x9e\xeeL\xd4\
\xa3\xf4\xd2\xce\xf3\x87\xe9\x1b.\x0dg\xd7\xd9\xf4\xe3\x93\
\xad/T\xc9\xc6\xc7\xa6\xd3\x09\xedz\xef\xfb\x7f\x9a\xcd\
\x9cD\xab\x8c\xe1co\x8c\xc6\x84\x0c\xc0S\x18\xc2\x8a\
\xfa\xff\x00\x9ano+\x07\xd8\x00\xae\x97J\x09k\x0c\
\xbd\x0d\xcb>\x1c\xc9\xa0\x80\xb8\xa5\xbcl%Y\x953\
x\xd2\x81\x04\xd1\x1d\xb2\x1b\x9b\xed\x8b\xd3\x94x\xd18\
\xa7\x1c:y99\xbf1\x8bk\xb58\x9f\x12\xbbW\
if\xbb'?\xb3\x1b\x04\xa0x<\xa9\xe2s\xe7m\
l\x03\x88\xa3y{y\xf4\xd7\x84\xd5\x80\xfa\xb9\xf5\xde\
84\x94\xb6\x00(\xe6S,\xc0\x8fq\xad\xfb^\xbe\
\xfb\xd71\xbc\xc5\xba\x1cy\xc1\x1e\xf0\xab\xc7\x8d\xa4\x05\
s\x91`\xe0\x061TNJ\xd4EN\x95\xbc\xc4\xdb\
\xa7\x96as\xa12U\x96\x85\xe9\x8fG\x1d\x1a\x11\xf2\
3\x16}\x0e'\x061\xa1\x5c\x0bI\xde\x91x\xaf\xce\
\x89\xc3\xce\xff\x00\x0c1\xb6\xf1\xe1\xc6\xb7?\xb9A\xf0\
\x076=\xc6tQsO#\xad\xd4z\xbd\x1aA\xf0\
Q\x8f\x11Z1\x08\x9ew\xd4A\xd5fO\x08\x10!\
\x18BH!\xac\x9a`\x94\xba'p\xe0\xe7:i;\
\x99\x05\xe3\x90*\x05\x0f.\xa4}\xfc\xeb\xb9>IL\
\xce\x85\xe5\xb8\xb6;@\xb8\xf7\x0b\x19\x1c\xc6@\xc7\x08\
\xc6:w\xd7\xb7r\x0ex\x09=z\xce\x8c8nI\
\x86H\xcd\xcd=\xe7\xb2\x05P\x93\xe57\x9b\x04/b\
\xba\xec\x15\x22\x1a\xb7\x93\xbf\xe9h\x22%9\xfd\xf4\xd1\
%i\xb2nO\x0c\xf3\xb1\x1c:\x89\x18\xdb\x13\xb6\xdb\
\xdeb\xe3\x8bt\xa4\xc1\xeem\x98\x89\xff\x00t\x0d\x02\
\xf2\x00[\xe2\xa7\x82\x0e\xb1!6yp\xa7\x93BI\
\x8a]\x01\x9f\x90QqEP\xfa;\x19\x9d\xfc\xc1\x94\
\x1d\xe5\xc5w\x89\xd4\xe5Q$\xbb\x82db\xd9\x9a\xce\
\x97`&+\xd1\x952\x8ab\x96\x09Q\x12\xe0m\xdc\
\x06\xc8\x96\xe0\x8e\x97\xa7\xe3\xc6\x16\xf5\x12\xfb\xde\xda\x8f\
*\xc0\xa74F\xe6\x90\x13c\x924\xc9\xdfL\xa3\xea\
\x99\xef 8\xec1#\xbe\xc7+%\xb7\x15\x19\xc0\xc1\
\x9f\xad=\xea\xa7\xbb\xa5<\xb2#l\x080g\xc3\xd4\
g\xc2fb{\x98d\x8c\x18~\xe4\xab2\x88T\x8d\
\xe5\x18\xafS\x1a\x15\xc2\x93\x02\x1b\xd2\x02\xdd\x80\xebR\
\x18\x5c#\x1c-Ny\x99\xc3\x13\xa1\xcdbY\x80\xda\
Yh\xbb\xf2h\xaa\x08\xa4\xa8cv\x5c\xf2\xef\x1a\xe7\
\xc1\x08\x87\x84\x5c,\xdf:\x86\xc06\xed\xb0\xddV\xe3\
\x99>5\x01\x04^\xf4\xde(\xb38j\x22\x8dU$\
\xde\xc1\x1ej5\xc0OA\x98\x9d\x9e\xb9\xcft\x8eg\
dg\xa4IHa\xd3\xd3\xa0\xddT\xe2\x17\xf0\xea'\
BI\x03`\x02}bk\xc9\xef\x12\xd6G\x82\x0e-\
@\xddb)\xb7:~\x92\x96^\x22c\x02\xf7\xfaP\
\xa8,\x83G\x91\x85\xb8i_b\x1f\x98|\xab\xc6\x84\
\xc9f\xecq\x9b\x0fs\x11z5\x08\xd8\x1f\x91\xd8c\
:\x5c\xc8\x05m\x19\x9f\xae|\xea\x0c\xa6B8\xcd\x14\
\xcdq\xe64\xc0I\xb8\x13\xb6+2\xcd~4\xcc\x88\
\xff\x00\xd6 o\xed\xb6\x90\xde\xf3Mz\x8ef3\xdf\
(\xc8\x1a\xb91V1\xf4\x8e\xfa\xd2\x12mM\xdf_\
\xdc\x1e\x8c\xa4\xb2a\xe4\x8a\xdf(\xc7$\xe866\x08\
\x92]\x81}\xd8\xbdB!\x90\xb8\x12`>N\xb4\x86\
$lMED\xb2\x99\x1c\xc8YZrT\xc4\xb0#\
-$O\xb7\xc3\xa5\xf9T\x82\xe1\xba\x9c\xd8\xdcjD\
\xa1\x08\x9d$\x99W'b\xea\xce\x03.qD^\xc4\
w\x094\xfe\xda<\xfaT:\x00\x87\x03.\x80I\xa5\
\x18lI%f\x1b\xce\xa3X\xb2\x9d\xfb\xc5\x86\x09\x17\
\x89\xd2\x9a\x8f<X\x90\x5c\xad\xa5\xde\x98\xb4\xb9\x0a<\
\xc2-\xd9\xd9\xd8\xb9\xa8C\xcf\xe1\x98s\x87:\x9a\xab\
\xacK\x1fY\xc8nQ>b@\x07\x95s\xdc\xb1\xf1\
\xee\xe8\x10#$\xbeg\xfa`X\xa2\xa5\x8f\xf2\xbe~\
\xcb)_0{\x90\xfc\xf7\x9d?\x07\xa9\xb3\x05\xba\xe3\
\xc8\xe9\xd9\x0a\xe4\xc3\xb8\x12w\xd7)\xa0 \xa2\x18+\
\xa11DH\x8c\x04\xf4\x1a\xd8\x02\x02d\x04\x04\x84 \
&\x96v|\x8f6!\xc7\xb0s\xdf\x09\x9d6\x8b`\
#\x86\xfe\xaei&t\xb9\x05\xb1qI,(\x19\x95\
E\x85I\xa2TF\x94aA\x0c\x9767\x1a\xca\x90\
\x8e\xabiX|\xd7:\x90:\x19\xce\x10\xb3\x1b\xaa\xce\
\xfc\xa1$\xcd\x89_(\xf9\x895]@\xa51\xc7\x95\
\xcc}\x1cFF\x11\x04\x93\xef\x01\xdc\xf3\xde\xa2\xc8\xb7\
\xb0{\xd4=x\xda\xb57 \xfb~4\xf3\x1eB~\
\xb2\xe3\xecgM\x90\xa1\xc0\x04\xe6\x82/\xcbE]\xea\
\x1f P_h\xabb#@\x1b\x8a\x11\x8e\x143\xcd\
\xef\xcc\xce$\x82C\x1b(\x98\x09xu\x85hS\x1e\
\xeb\xdf-z[\x92\xafS;\xc5'e\x8dW@\xa4\
Y\x87\xdc\x9d\xe8\x98\x05H\x99w\xc7\xcfZ\x16\x9d\x8d\
\xd1\xebQ\x88\xf1\xce\xd0\x08\xb3\x0cL\x8aw2z\x03\
DP\xa3\x04?9\xe3\xcd%\xce\xa6.v\xa35\x05\
\x9eJ\x96\xef\xb1!\x01\x88\x17\xf1\xac\xad\x0c\x98\x1c\x8b\
\x13^\x97\xf3\xa5\x88\xb9\xb8\x19\xf7\x97\xda<\xde\x9d\x96\
\xe7\x22\xee\xc4\x8a\xecl{h\x82Y(\xf5lb\xfe\
`\xc6\x82\xe0\xc0\x14\x18\xc3\xdfK\xf7\xd6K\xdd\xc2'\
\x1b$e\xcc^\xa9\xaa\xc9\x04_i9\x8f.y\xd3\
P\xe6\x84?\xafS\x15\xaax\xf4+\x96n\xef\x09\x13\
\xb6\xa1\xd3\xed@\xf2X\x8f>`\xc1\xa0\xa0\x83l%\
\xf7\xf6\xbb\xf4\xd4\xdc\xf3&\x88\xf2\xed\xeb\x1e\xf2\xee\xcd\
9\x13\xec'\x1d\x1e5\xb0\x07`W\x81\xb4tn\xde\
\xa0\xd3~q\xa8\xcaN\xfdby4\x89\xf8\xf1S \
\xc5@\x04DLF5\x86\xee\xba\xee\x90\x12\xf5\x9a\xbd\
\x16\xb9\x01Y\xe2L>\x118N\xd0\x0b9\x09\xef\x09\
$\xb7R\x15\x06\x98AR]\x0c\xa4\x92\xc0\xcc\xa6\x9b\
\xd9\xcb\xd3\x91\x0e\xd0W\x81\x97\xa6\xa1\x06\x18?\x95|\
\xf6y\xd5\x00\xd7?\x16\x0f6?}^\x03J\x99\x9d\
\x8a\x80\x00\x94\x03\xecA0\x0b\xb8W\xbe<O[h\
Q$\xe3\xebD\xf9\xf1z\x0c\x07\xc8Xc\x111>\
=\xc9\x1f\xf0\xbbT\x97\xc6\xde+@\x03f?\x7f?\
\xd3:>\xba\x8b\x9b\xf7c\xdb\x1a\xb3s\x8e^]$\
\xa43\x9c\x13\xed\x1f\xbeu>\x10QN^\xe6\xb8\xa3\
\xd0\xadm\xc0\x11vr\x06\x15U\xb8\xbd\x08\xc0\xad\x91\
9LU\x87T\xee\x8a\x10\x00f0y\x94\x9e\xe5\xb2\
\xd2K\x8a\xa79DF%\x9c\xa2gS\x86\xc0\xdf{\
\x0c\xf4L0\xebq\xc2\x0b\x15\x99\xbd\xf3\xbeti\x0c\
\xc10\xa9D\xad\xd0a].\xf3\x14n\x9aS`\xe5\
Z\x0e\xb8$\x03\xcb\x94\xf2\xb6M\xec5?g\xd2+\
\xbe\xcb\xc6\xac\x13\xe9'\xe7\xf7\xcd\xe92\x8an\x07\xee\
\x1f\xb9\xd0\xd455\x1e\x22BsR\x7f\xc9h\xc8D\
\xc0o\x11EpD\xb7\xb8)\xc8y\xccI\xc7G\xaf\
\x8c\xe9\xe0V\x02\x04\xaeq\x11\xe9\xf4\xbdL\x1bK\x04\
\xdc\x5c\x1d\xbe\x8f^\x0c)-\x9b\x92<\x89\xe4\x83J\
\xf3\xa92Fyn\xb9%n']\x12\x9f\x7f/D\
\xb7Z\x93\x81\xb5\xb0l\xe4R1\xdb\xce\x81\x81\x1cR\
\xbbO:\x9d\xef63<\xc2\x8d@\x85WTy\xbd\
\x03\x08\xaa\x86[\x9b\xd3\xd7\xe8fO8\xde~'f\
3\x1e\xf5\xa3\xee\xc1\x9a\x99\xe9\x13\xa0\x04Q\xb0\xb3\xcc\
\xb6+sS\xb4Vu\xc8z\x84_$(\xf7\xdf\xb0\
2(m\xee\xb8\xd1H\xa7!\xe5\xb6C\x9c>\xfb(\
\xa2\xa4\xab\xb4\xdd\x84\xcc\x18\xf4\x98\xd2\x05\x81d /\
\x95\x19\xdeom\xb4\xf2&\xe4\x06b\xb9\x9cF\xfb\x18\
\xd2\xaa\xe00f\xa2Fc\x88Fh\x0d\x14\x09\xb6\xb5\
\xf6\x91w\xe7\xdb]\xf3\xa4\x19\xe6\x04v\x11\xcf:_\
\x111!\x11^\x1b\xce\xf9\x992A\xb5\xf9kx\x9c\
\xf8\x8f\x1a\x9d\xc2\x85x\x9b\xe9\x136`\xe0u\x92^\
H\x94\x7f\xcd\x92\x87}\x05Ab\xaaDm\x14\xd6\xc3\
\x8b3\xa8\xc6\xe2:\x89 \x12\xca\xef\x99\xe9\xd4\xc0\x1e\
\xc5\x9d\xca\x22\x0e\x12r\xc65R\xf3\x141\xd8gH\
(\x89If\xed\xd4[X\x05\x0e\xe8\xa25\x9b\xd9\x92\
\xb3%\x82h\x0d\x81\x8dp1\x0a\xc3\xa37\xfaN\x82\
l=@\xf2\x8b\xb7;sZ\x09\x10D;\x9e\xdf\x0b\
C\xcd\xcc\xe5%\xa3\x03}|\x9e\xf3\xa9\x84\xad\x99`\
\xef\xa8\xd5\x040}\xe7N\x1as\xc1\xc7\x0e\x90s\xa4\
\x1a\x7f\xa5\xcby\xbf\xf65\xdd\xf0~4\x94\xbe\x7f\x1a\
S3\xfc ipe\xebj\xfd\xe3:@\xbc\x84\x01\
\xcd\x81\x84\xdd\xf45%R7b\x19S$\x04T\x87\
B7h5\xf2h<\x99\x9c\x8e\x82.a\x18OQ\
\x04\x9dD\xf1 s\x93\xca\xdb\xb6\x9c\x10n\x0e\xf3\x7f\
\x01\x90d\xf2\xb1\xc9\x9f}\x1c\x10H\x0e\xe8l:\xf4\
j\xdd\xf6D0Z\x09\x9c!y\xd3\xe1d\x94\x8f\x82\
\xb7\x8e=\xb5\x89x&\x8fe'\xa4\xcb\xc6\xbc9\x9c\
V\xf0y\xdf7:\x9d\x02\x8a\xfa\x80\x1c\xefP\xf5\xa3\
q+e\xa7h\x9d\xc4q\xab\x01\xa6B^mV\xb7\
\xbd\xad\x8cNCL\xadyq\xe9\x07\xfd:\x05\x10\xab\
F*\xa3\x9c\xe9e\x8e<)x\xb2\xae\xf3\xb6\xa5|\
\x8aA\xf6\x88\xae6\xbd\x1eM\xb0\xdd\xeb\x0c\x08\xa4\xfa\
\xc6\xa8\x00\x1b\x06*\xa7e\xb5\xc6\x9cbe\x0c\xe4\x5c\
\xd4\x923S-\xdb\xa1\xf0aT\xf3\xbb\xcb>5#\
\x90Z\xb5\x1e\xada\xc1\xe7\x8dC\xc3\x85\xcb?\xde~\
(\x9d\x0cN\xe8m\xdc\xe4\xae\x1f|:\xca\x97\x19\x19\
\xc7\x0e~\xba\x8eJq\x0a\x88\x9f\x91'\x89\x98\xd0\x8b\
8\xc9\xf8\xbf\x06-`\xd4\xb5\x1e\xc3c\xb4\xd5\xd0\x06\
\xf0\xcf\xb8\xcc\xe0\x99\x93\xbd\xf4\x84z\x84\xdf6\xe3\x19\
\x8d(\xa3\x15!L]\x8d\x05\x16\x016\x86\xc8\xe9\xbb\
\x85\xbe\x84\x19\xe2\xdd\x22urn^\xa8\xc5b\x9a\xbd\
8\xa0\xc1\x223\xd2\xdd\x8c\xf1\xb5\xad\x06\xcc\x90\x94\xea\
R\x5c,4\x92\xe7IM\x85\x04}\xc9\xa8w\xdd\xd7\
5|g\x92\x92\xa1A\x17ze+c{}\x06\x94\
Z\xe8i\x09\x89\x13q3\xbc,\xe3B J8#\
|E\xde\xd0\xb1>0H\xaa\x0e \xaa\x1d\xb4\xefV\
\x98\xaeC#\xd3\xce\x9c\x15d\x8eT\xa4e\x88K\x8b\
[\xd4\x8d\x06\xc6\x09\xbc\x90w4btZ\xdc\x0a\xac\
\x11\x12\xaa\xdc\xcb\xa2\xa7\x17p)\xdcM\x8e\x1d\xfc\xea\
\xec'\xbb\xc3\x04\x22z\x8d\xf1\xa4\xfb7.,\xb3\xc8\
\x9e\xb5\xa4\xe0\x1c\x93owX#\xb8\x89}\x8c\xbf\xbc\
hF>\x1f\xe6\xb1|\xfd\x8f\xe9\xc7w\xc1\xf8\xd31\
.fq\xdf\xe3M\x0a\xe7\xf3\xaf\xd0\x1a4\x0f\x02g\
\x1f\x1b\xc6/I\x98;\x02}\xc0|\xd8jP\xdc\x18\
\x95\xcc\xd03W7}i\x8b\xc7-\x041&P\xc1\
\xb85'\xcf\x09\x93{\xf7ab\x8bz\xce\x0cec\
\x08\xed\xdc>\xd9\xfb\x8a\x8au\x8f\x9c\xbdt\x19q(\
C(\xb2\x06\xa4EI\x86\x22\x00\xd2\x9f+\xa7\xe01\
\xab\xc9\xa9R\x1c\x8d\x1e\xcc\xae\xbfz)\xc0\xe0\xcd\x1e\
\xae\x87\xe2X\xcab\xe0\x22GX\x8e]A\xa8\xde\x7f\
XQ\xe6\xa3:\x01k\x92\x04\x0b\x9b\xb0\xde\xdfMI\
\xc6\xdbg5\xc3%d\xae\xf7\x8d9mV\x13n\xd5\
\x1cb\xf1\xa3\xb2b\xc9eodsq\xe9\xab\xc10\
\xe5\x18\xe3\xc4'TvP\x16\xa7<\xbf_51\x83\
lpS\x0c\xeeC\xb95\xf6\xd0hI@[\xf8N\
v\x8d\xbdY\xdb\xc9\x04\x93r\xc4t\x14\xc7\xb3HW\
\x91\xbd\xd4\x90m\xb7\x8d%\xba\xbb_A}\x0c\xbbL\
\xeaY\xc0\xd2\xe8\xca\x8cL\x13\xe3P\xd9\x8d\xc9'\xdd\
j\xfc\xc4\xdd\xc3\x09\x1fn\xdeQ\xeb\xf3\xa6F\xc5\xd8\
\xf8\xfdc\x8a\x8d)\x1c\xb2\x98\xccq\xbfQ\xa0=\xf2\
{\x8a\x9a\x99\xda<^\xa1%&v\xa3\xfdK8|\
\xcd\x15w8\x193B\xfa\xe7Xn\xe6$\xbe\xcf_\
\xb2.DH\xce$\x09\xce\xe0\x22sQ5\x1b0\x9e\
^a\xb5\xc9\xf1y\xd9\xd6\xec\xb9$}\x08\xce\xdc\xf5\
\xa4q\xcd@\xf5I\x19%k\x00\x19\xd6\xa0`2 \
\xac\xf2\xe6\xa6\x88_\x82\x84\x19\x08\x92\xf1x\x8b\xb2\xd0\
\x138\x81\xa74\x17\xa2r\xad\xcd\xdc\x15\x8cS\xe3U\
\x84\x8a\x03\x04\xfb\x80^\xf8\xd4n\xa8\xe5\x94\xc62\xfa\
<\x98\xd5\xac\xbcNgi\x1e\x80MM\xbas\x01\xd8\
k\x04%j\x96\xcb\x19j;\x08\x04F=\x18;I\
\x0f\x0e\xfa\x82D<\xf3\x99\xa0\x0e\xa27\x9c\x1aDn\
\xfb'\xe4\xfbx\xca\x01Iq\x1fs\xa8\xd0\x14\x12\xf3\
\x8f\xa4k\xc7\xd9\xfeh\x0cO\xf0\x00\xc7\xf4\xe3\xf4\x06\
\x9f{\xef\xa4\x1c\xff\x00\x1dC\xd0x\xe6yt\xd6\x8b\
\xd4\xc7\xb6>=\xe7R\x18\x9bD\xefr\xfa\xe8\xdfY\
\xa5#e\x0a\x89\xa4\x01\xe7\xf3\xa5\x9e\xe0\x92xp\xe3\
\xe0\xc0\xe1\x0a\x02\xd8\x98\x99\x09\xde\xfe\x9a\xe2\xff\x00\x91\
m\xa7q\x16[;k`h\x88\xf6vnZ\x8f\x1a\
\xc1\xa1L\xc7fXo\xbe1\xde\xa6=\x82\x04\xcc\xd2\
\x0f}\x16|\xda8\xf2\x18v\x88y)\x14\x22\x00$\
\xa0.$\xc1s\xb3\x8b\xd7vs\xde(\x02v\x88\xdf\
\x1a\xc7g\xe8\xb3\xe0D<9\xab4\x90\x8c\x94\x03\x8c\
\x00}j\xafRVy\x04{\x11\xf8\x8b\xee\xef3\x95\
\x10FI\x19\xbd\x98z\x08\xbc\xe8\xf0\x1fF\xb3\xe9\xb5\
\x1a\xbe*\xfcL8=\xa7\xd7:\xcb\x07\xa7\x0c\xfb\xe3\
\xfc\xd4\x00\xcb\xa4\x83l\xb1?\xb0\xed\x11H\x18\x8b3\
\xe4>{\xf6\xd1\xb1\xcb~\x99\xb5}\x0d\x98\xce\x9c\xa9\
\xc4\xa9\xce[\x17\x16\xb0\xe1\xb9\xc4\xbf,\x95\x9fv:\
LI\xe1}\x88\x14\x91\x8f\xa29\xae\xe3M\xdc Q\
!\xfd\xc5\xeb\x88\x19\x09\x13\xbb&\x83;s4\x86F\
\x14>\xd5q\x86\xf4|\x86\x85[v\xab\xd7\x9c\xd4\xc4\
W\xda\xe2~\xaf\xd6\xf3\xaa.z8\xe0W\xebF\x1d\
'7\x01\xe5\xe2\x7f\x92\xbdqw\xee\xbb3\x93|\xb2\
s\xc6\xb8g)\x15r\x0a\x99\xb6\xd5\xa5\xbfN\x0f\x97\
I\xe9\x98\xe7\x18y\xac\xd13\x83,\xe1\xb9\x8a\xd4\xe5\
\x9eg+y\x0bL\xc1\x0cw\xa5c\x8b(=\xd5\x97\
\x12\x8d\xe2\xf4!\x1c*\x1d\xd8\xad\xf2\xd7Z\x9e\xd9\x81\
.pAN\x08/sL\xf8\xe2-*\x97\x9b\x8ax\
:H4\x0b\x06\xdb\x12\xc5\xcd\x9c\xd1\xac\x01\x5c\xf1z\
#\xeb\xcfd*22\x00\xa1\xcd$'1\xe5Z\xf6\
J\x18\x1eH<.1\x1b\xe82\x0e\x0b\xf4J\x17\xf6\
\xb589l\xa9\x8c$Lf\xe6<h\x08f8\xcd\
\xe2?qx\x94\xd4\xaf\xbf=\xf8\xfd&\xa7O\x96\xc7\
\x9c\xc6\xa3\x99\xfb\xe9\xae\xaf\x97\xf3\xfd:\x08\x88\xaf\xd7\
]_/\xe7F!\x11\xdb\xf7\x7f\x8e\xaf\x97\xf3\xa0\xe3\
q\x97\x07\xfc4\xb1\x09'o\xdegGA\x1e\xb2\xfb\
\xaa\xfc\xe9pO\xaf\xfb\xa5\x80dn\xfd\x1a\xfd\x9dI\
\xdc.\x01c\xdd5>\xfdkl\xb7\xd0q\x11\x9e\x81\
\xeah\x99\xaf\xb5\xc9\xdeE\xb4\xcc\xe7\xc432\x0c\xea\
]\xca\x98I\x1e74sR\xb87\xc5\xe4\xa2f\x18\
\x93Ho\x9c\x22\x99\xd9\x0b\xe0,\xf0k&\xbc\xa8\xaa\
\xdc\xc9>\xb3\x13\x0c\xe9\xaels\x105\x0b\x88\xa7.\
4\x16\xba\xc2\xbd\xa1\xf2^u4\xe8\x96\x02\xa9\xe1\xb4\
|\xd6\xb2c!\x0d\xf6\x0c\x11\xb5ic\xd6:\xa1\xa3\
\x9ec\xde\x9d\x0dzc8\x1eyc\xd1\xf5A\x8e\x1d\
\x8f\x16\xd73E\xe38\x9d\x87\xa7){c\xfbn\x95\
\xcbWaf3h\x93\xdf\x1b\xea\x1e\x12q\x8b\xab\xfd\
qZ\xdd\x0c\x19\xd9\x9eh\xbc\x1e\xf7\xa20\xaa\x04=\
\x9f\xa2\xf5\x9d0\x9f\x1d_\xaf\xd8w^K\xcf7\x87\
\xfa{\xe8)#\xe5|\xdd\xf6\xef\xbdl h\xec\x86\
\xd2\xfco\xa2\xa3\xcbD\xf3x$bk\x8c\xcbZa\
+\x13\xed\xe5H\x9b\xe3q\x87N\xcb\xdd\xa3\xe4\xb3/\
=\xe9\xb6L\xb5\x1elV\xf3\x7f]2\x08fJN\
6<\xddG\xc2M\x9c\x9e\xdc\x18\x1e#\xee;\xd4\xb2\
<\x11\x0d\xb6\xda\x5cN\x96\xdf\xecg\xa5\xc6g\xafM\
o\xcdl\xec\xb1@\xa2\x1d\xad\x8e\x0d.\xb0a!\xbe\
L\xa1\xe4\x87Pa5I\xf7s{8Y\x13Y\xd5\
\xf8\x98\xdc\xec8\x0fu\x8e\x82\x14\xe1\x10\xf2\x97;\xcc\
\xea\xa0l\x04\xd8Q$}\xf3\xde\x94P\xddH\x9f@\
\x07\xa0k\x098\x0f\xfb:\xbeP\xb9\x95\x9f\xab\xbe\xfc\
\xef\xa8)\x08\x94\xc4\xdfE\x8f\xd0\xf6\xd4A\x0d\x89\xbf\
\x98=#P(\xae%\xfa\xcc\xfc\xeaM\xbe\xdfMA\
\x11\x15\xc6\x82\xc1\x1e$\xfe\xab\xc379K\xf4\x8dO\
\xbfw\xe7S\xef\xdd\xf9\xd4\xfb\xf7~u>\xfd\xdf\x9d\
d\xcf\xa8}\x03\x8dAD\x0c1\xf6*\xe2\xebE%\
\xa5H\x81O\xa6O\xae\xad\x14\xf6\xd1=\xf8\x0c\xdeI\
\xdaT\xa8\xc4\xd2\xccn\x93\x03\xb3{\xeb&)%\x0e\
\xaaz\x03\x9b\xd4)=e\xdc\x0b\xe4?m/\x1dX\
\xc4\x86!8\xee|\xb1\xa7\x98U\x981\x92\x03QB\
zV\xb1\x0c\xfc\x879%6b5O\x95\x80B;\
s\x12\xe6gPe\xb3\xb9\xfb\xfe\xfdt-!3\xbb\
1>\xbf\xcd\xeaY\x03\xb2.\xfc\x95?8\xc6\xa5\xe4\
\x8cc;\xdcB\xd7CU\x94\xd1?\xa51\x07\xb2\x17\
\xbe\x13\x91\xbe?F:\x8e `I\x16\xf7\xe3w\xbd\
\x0dn\x08'\xcd\x17d\xd6\xdc\xe7k\xf2\xed\xb9\xdf\xc1\
\xff\x00kF\xc1\x1c\x94\xd7\x8e\x22q\xb9Z/\xb0M\
S)\xc1\x1e\x9a\x96\x15d<\xaa!XW\xe9ZA\
\x01\x99*Y\xccW\x19\x82313\xabW\x92YI\
\x1b\x1f\x8f}V#.\x1f5\xf7)\xed\xa2J\xc86\
\xe7`\xc6s\x01\xc35\xa5\x89\x94 \x98\xb7\x91r^\
4$\xd1%\x17\xd7\x9f\xda\xbd\xb5:esq\x1d,\
c\xe3G\x1e\x04\xe2\xa3\x0e#\x19\x8a\x0fI\x9d(\xa8\
\xe2@+\x09G\xd1h\xc9\x1a\xb6\x03b\xdcvM\xc1\
\x22\xa24l\x923\x0b\xb8R\xd8\xc9\xbf\x12\x16b*\
\xa2\x1cn\xc7%\xc3\x16N\x80I\x0eY\xf9\x84\x0f\xf2\
\xfa\xd0Z\xd0\xb2V\xae\x09O\x1d~g\xdf\xbb\xf3\xa9\
\xf7\xee\xfc\xea}\xfb\xbf:\x03\x13\xa6\xd6\xc3\x07\x8a\xfe\
\xbb-\xe6\xff\x00\xd8\xd7\x5c\xe2\xb9\x8e=s\xd6\x81\xac\
\x03\x1b\xa6g\x109\xf5\xde\xf4\x5c\x0dTSs;\x0f\
{\xfb\xda\xae|\xb8r\xca\xfc\x7f\x95\xff\x00\x0egw\
\xb9>\xaf\x117&i\x13\xc9T\x03\x02\xdd\x83\x9cP\
\x92\xf1\xb0\xf5\xb4\x94\xed\xbf\xa4:J\x07\xdc\x1d-\x1e\
g\x02\xd3\x5c#\xb0\xdbyY{{L\xceb`\x9a\
\xf0\x01\xdf\xa4fu\x02]q\xdd\x18\x87\x03\x96j\xf5\
W]\x89Cq%\xdes\x05j\xe2\xa1\xb0\xbeL\xc6\
\xf2\xcd\xe7'\x8e\xc8L\xf4\x05\xd6N:\xd4\xa2m\xef\
|*5}\xd3U\xaaR\xe0\xb3\xbe\xbe<\x15a\xfe\
\x18\xbe\x87o\x9e\xab^[\xac\x9c\xfe\xe3\x97\x8dn\xa8\
\xb2n#\x02q\xf5\xd1\xd6\x0e\xe2\xceq%v\xaey\
\xd6(\x06\x22~\xd8o|\xf9\xbdR\x8d5aGF\
\xff\x00Y\xd4K\xba\x0a>\x9a\xbc\x0e]7\x0c\xa4\xbf\
\x19>\x11\xbe\xa5\xe0i\x849\xa9/\x98*\xf9\xa1`\
\x10\x94\xe1\x11\xc9&m\x9b!\xa7X\xb86\x067\x8b\
\xd5\xf5w\xa1[\x90\x22m\x93_F/L$\xe5#\
O\x91\xee{\xde\xad\x15\xb0\x1b\xe6B\xf6\xcek\x87H\
\x91\xc3 \x0c\xc6-\x14\xbf\x11\xe1\xd4S\xe5'\x15V\
\xf0\x1ak\xb9g\x9f\xd3\xc7u\xa5\x96\xc3\x98\x8f\x80\x1f\
\x1a\x22\x00o7\xf7~\xc4&\xb0\x11\x1e\x8c%\xf0L\
\xe3\xad\xf5\x15\x229\xb5\xda\x99y\xff\x00\xc8\x06?\xac\
\xf7|\x1f\x8dw|\x1f\x8dw|\x1f\x8dw|\x1f\x8d\
K\x115\xfa\xeaS5<\xc1?MK\x97\xd8\xd2\x84\
\xcc\x8f@\xfc#\xb7\xech\xb7\xa1\x9c7\xe9\xec\xdb\x16\
i\xdaM\x89Q\xc7WF\xfe7\x12j\x01\xe4\x84\xf6\
C\xe2Vx\x9dD\xbcE_\x86\x12\x5ca\x1e];\
\x09\xee\x977\xcb\xd9\xeb\xb4\xe9\xc4\x01\xcd'1\x91\xcd\
G\xe2\xf4<k\x15;W-Y{\xce\x86A\xb9\x0a\
\xa3*\xdek\xfe\xebv\xa5\xad\x8f.Rq\x9c[\xa9\
[\xe9\x99U\xde\xdfH\xdd\xd3\x9a\xb7%I\xf7q\xa0\
P\xa9y\x0fx,u\x8c\x7f\x17\x8dG\x85\xdf\xe6P\
}o\xd8S\x03\x1cg\xba\xe9\xfb:T\xde\x01\xf31\
\xfb\xf1\xacJ\x7f\xbf\x12\x9e<bs\x82\xc6\xe0G\x81\
\x1dL\xfcjCjk\xef{\x9f5F\x91c\xf0,\
\xdc\xc2s\xeb\x9d\x1d\x10\xba\x89\xf6~\xf5\xaa\x18\x8c\xd1\
Y\xc4\x1b\xe6\xfc\xce\xee\xa0\xe4d\xa8?\xd0YM\xd3\
\xae\x96T\x01\xf4\x0f?I\xd0\xbd\x83\xa0\xe3\xa0\xe4\xf4\
+q\xde\xaf\xaas\xc4q\xa3c\xdcI\xec\x8e\x83c\
=\x8e\xf1\xbc\x9f\x1a\xbf\xa4\xc3\xf2\x19\x8a\xf3\xd5j\x1c\
EK\x80\x1e\xe01Y\x9e8\xbc\x8dqP\xb2m\x01\
s\xcc\xfd\xf5\xf5,s\x151\x1f\x03\xddgQ\x10\x22\
b\xbesV\xca\xcc\xf1\xa7\xc3\xee\xdb\x0e~\xba\xee\xf8\
?\x1a\xee\xf8?\x1a\xee\xf8?\x1a\xee\xf8?\x1aj\x8d\
\xa9\x7f\xd6g\xc9\xf3\xf8\xd4\xf9>\x7f\x1a\x9f'\xcf\xe3\
S\xe4\xf9\xfcj|\x9f?\x8dw\xbaw\xfb\x9f\xc6\x8f\
E<Q\xe7\xef\xdf\x9d\x86y\x8fwV\x89\xa6\x19\xe7\
\xd7\x05\x8c\x13\xa5\xd1#\xc2\xdfx\x8f\x8e4P\x98\xc6\
\xc4\xc1V\x1fF\xf7\xce\x91\xf6\x83.f\x13\xd2\x7f\xe6\
\xad\x00VC\xf1~\x7f\xe6\x8f\x93\xdee\xe8\xb9\x8a\xce\
\xfbgN\x88\xce\xc5w\xedx#\xf6G\x846\xfd.\
\x96\xcc\xbd\xff\x00\x1a\x0c\xda\xcd\xcd>\x81-\xed\xc6\xda\
\xc3\x87\xaa\xfdWR\xfd~Z[\x91\xf9\xfcin}\
\xc8\xfa}u\x02 8\x1f\xc3\xf7:\x9b2\xf5?\x1a\
g\x09|\xcb\x10s\x10rc\x8et\xe7\x17\xdc\xfa:\
&\x09[L\xefc3\xe9\x9cV\x83\xc7\xc9?Y\xd1\
Z\x19\xdd\x9d\xbb \xb6\xfe/@b\xff\x00/\xd4\xd2\
\xd9\xf6#\xe8\x9a\x18\xc0g\x9b\xff\x00\x1aM\xa7\xa2\xfd\
W\xf68\xd7o\xb1\xfc\xea\xbb|\x9f\xab\xab\xb7y\x8d\
\x18\xff\x00Q<\xf1\xc5tN\x0dl\x0f\x05}\x95\xfa\
C\xe6\x0d\x0b\x03\xdbx\xc6]\xb3\xf8\xf4tT\xb7m\
\xed\xc3!\x8d\xb8\xc6\x84b\x0f\x15\xf6\xd4\xf9>\x7f\x1a\
\x9f'\xcf\xe3S\xe4\xf9\xfcj|\x9f?\x8dml0\
x\xaf\xecPL\xeek\xa3\xeb\xfc\xa0\xd3\xff\x00\x94\x1a\
\x7f\xf6\x83O\xf0\x83\x9f\xe1\x06\x9f\xff\x00 \x16\x1f/\
\xfe\xc01\xff\x00\xf9\x1aK\xae\x953h\x8a\xf1D\x02\
u:\xd3\x85h\xc6fK\x85\x88\xa0\xb1\xb1\x9a\xb5<\
\x8f\x13\xca\x0d\x15NeHs\xb5\x8f*\x10\xff\x00\xf0\
z\x1a.<\xbc\xb8O\xb0\x94\xed\x16\x97Iz\x951\
\xff\x00\xe0\x05x-\xc6\xb4@\xc5\x12!\x192\x06\x82\
\x9d4\xc3:\x9d\x15o\xba\xb7\xc1I\xb5\x10!\xc2\xa0\
\x85.\xc3\xa2\x96&\xc4\xe9\xd1\xfc4\xcc\x04\xf0\x93A\
\x00\x17\x0a\x1d\xee\xd9\xb5Y\xf2\x880\x0a\x84\xb7<}\
\xe1\xae\xa3\xf6\xd9i\x9e\x9d\xf7Pp\xd2C\xb4\xd3\xfd\
\xed\x8cA\xb0#9\x0a\x1a  \xfe\x03\xfc\xf9\xb2\xa2\
\x86#s{\x97\xdb\xa1\xd2\x1d\xc1\x98ShM\x03\xf8\
\x16\xa4\xeb(D\xd5IkA9\xa8\x0bT\x00N\xa8\
\xa5\xa46e\x86\xed\xff\x00\xda\xcc\xea\x07\xf0\x1c9I\
\xa0\x02\x1e\x98\x91\x85\x8f\xf5UBY'M\xe3\x8f\x9e\
HhE\x1b\xcck\x85\xd14T=\x1fD\xdbJ\x8a\
\xd1=\x10\xe6\x98\xa8\xe9\xa1x\xc4\x1f\xfc\x08H\x01\x04\
\x08\xac\xa2\xb2%\x81\x95\xb945f\xe4\xc0<\xa1@\
,\x1cS\xff\x00a0\x04eB\x83n\x99\xe8P\x19\
\xb3}\xe3\xe8H\x7f\x1cE\xd0\xaa\xaf,\xfb\x8cGp\
\x80\x07~\x81\xb4\x15\xa6\x1a\x08f\xa9O\xa9\x0e\xba\x84\
\xb6\x91\xee\xf8B\xa97\x19\xad\xb8\xe9\xc9{j\x03\xe2\
I\x9c\x87Yj\xf0\xc0\x00\x9a\x10j\x14\xa0\x16\xc0\xc6\
\xa3V\xa8\xd0\xc2\x8b\x8c\xf5ht\x94\x8a?\x90 \xc4\
])hnI\xff\x00\x94\x93\xc4QC\x9f\x85\xbb\x14\
\x9c\xc8\x0cP\xd2\xf0&\x08\x99\x97\x808 \xd0\xff\x00\
\xa6\xd4D\x92\xcd\xa9\x08%\x09k\x90\xdb\xc5 \xd6\xb6\
\x12\x85\x90\x0f\xb2_\xc9\x0a\xfe*R\xc2\xd9\xe8\xf9\x91\
\x97\xd6\xc9\xa4l\xb6W\x17\xcd\x0c\xd0\xb8\x17\xd4\xcd\x08\
`\x0a\xdc\xdc\x87S\x0f1\xf0\x02\x8e\x09\x82A$e\
\xd1\x0c\x9f\x9b%\x1d\x13mT\x1d\xf2\xbe)D\x18,\
\xcf\xf5R\x169^\x092;\x0b[\x97\x09,fI\
\xb1\xd7I\xf9\x8e\x920x\x0f\x5c\xc0\x050OU\xaa\
\xd8\x1d-\x0c\x9bi\x10#\xa6\xa6E1\xc7\x12\x04\xb2\
tb\xa7\xc4\x93!\xa1\xac\xa14-'\x99\xde\x1e\xd1\
HX:\xb3\xaf\xbbu9\xc1\xb4\xb1\xd1N\xbd)\x8a\
k\x11\x19%\x96\x8a\xd9\xad\xd8Ds\x8b\x0dJ(\x97\
w\xfc\xa1+#\x00\xed\x0d\x5c>1\xc7T\x91\xe4\x80\
\x9d\x00D9\x05\x90.\xba$u\xd2Ld1\x18\xbc\
\x9f\xe9\xc0\x07\x044\xfe\x88!\x81\x0a\xb1.D\xf0\xaa\
\xf0Z\xc6\x06\x9a\x8dt\xdd\xb0\x1e\xd3\xc1O\x0c\xf60\
\x05^\x89\xbf\xc1(\x22$\x0aA\xb00@p6\xa9\
hCc\x82I\xcc\x8a{\x0bb{J\x0c\x14\x91_\
q\xbd \xed\xcd\xa4\x15\x94\x06N\x8e\x14\x8d\x96=\xe3\
\xa4)}\xcd\x13\x19+\xd7-j\xfa2\xd5\x13\xa5\x95\
\x9cm3\xdb\x10\xfe\x22\x11s\xc1\xb9\x8a8\x22e\x8a\
\x03 \xc3\xbeV\x92v\xa9\x11_\xb8\x84C#94\
\x01\x18H\x01j8\x9ci\x014\x82\xd5\xb2\x8f@%\
\x89\x82k\xda<\x1a\x1d\xb4&\xb2F\xaa\xaf\xe3f\xdb\
\xce%\xc5?\xa9pT\xack \x22)\xde\x06\xb1\xc7\
\x8d\xe4H\xa6\xc5\xa9\xe4x\x19\xb6\xb3W\x16\xba\xbb\x83\
F\x8f\xc2\xef\x13c\x01\x16'\xfc\x08\xa9\xea\xdc\xe2\x89\
\xbd\x90\xb0\xb1\xd2\xa3u\x92\xab,j\x0fZ\x22\xa1\x95\
\x89D'\x9e&\x89~E\x11\xd0T\xf7\xc4L\xb1\xc3\
~\x10\x19&j:y\xf02\x91\x8f\xe9\x9dc\x04e\
P)/\xd9\x03H\xbe\x86\x9cO\x01\x17:5\xc1(\
\xea\x16,1D}\xd2\x13O\xea\xd2\xf3KR]\xcf\
K\x13P\x12\x89Z*S\x14\xa4\xc9\x89Mr\x1dN\
\xca\xe8\xef75\x22@\x8ap\xd0\x15\x0c>\xab\x9c\x83\
X\x86\xb2\xb7K\xfd\xb4\x11[\xc0h\xb4\xa4\xc5iN\
\x8a9@;S@lD\xd66\xa20\xf06\xae\x96\
>\x07w\xafd\x05\x9a\x8080\xf5\x0e\x89\x17\x04Z\
\xa6\x989\xb6&\x924\xe0\x06\x9a\x8c\xa7\xce\x7f\x09x\
\x08k\x96FN\x93\xbb\x9dKq\xfd\xd7\xd9\x95\xd2\x18\
\x87w\xd2Nhf\x88\x9e\xad\x22\xd6]\xbb\xa0I@\
eE\xc0\x83\x81l\x83Yf.\x1b:BPF)\
0t\x87\xd7\x02*\xf6\xce\xa7\x03JQ\xa3bI\xae\
\xc2z\x02i\x8a\xca\xc4!\xe4\x98\xc3\x11M\xc9\xa2'\
8rr\x00>GR\x8e\xfd\x98\x06,{\xc6\xeaH\
\xed\xe4\xc9\xa08\xa8\xdcV \x09\xb2P\x9e\xf2\x01\x84\
\xc0\xa1\x8e\x98\xa3\xf4\x0c\xe6\x03\xe6M\xd5\xa7\x81U\xb7\
\x22\x1d\x09\x06\xaf\x07&ea\x12Au\x09\x00el\
\x9a\xf3\xa5P\x0c24\x98\xe3\xfc\xfeO\x86\xc8!\xa5\
\xc3F\x17Z\x1b\xa7\x13\xfa\x9ddf\x8a\xa9\xa64\x12\
\x98\xf3Ac\xc3\xdcK\xf9\xcc\xb5\x18i\xa7\xce\x9f$\
{S\xf3 x\xa9x\xfd\x08\xc2B\x1dOD\xa6\x96\
\xd1\xdau\x04\xf3{\xd7!\x83\xbf\xb0\xa2d\x19O\xe0\
R\xc6i\x1e\xd0\x8do\x0c?\xc4y\xb79\x5c\xa1\xb9\
\x10&Z\x9c\xbc\xdb\x14PX\xb2\x09\x06\xa8TzJ\
\xe6\x89%\x0aV\xe2\xd3\xaeM$j\xc4\xf0\xa0\x104\
1d\x96 \xd59H\x81$\xc1DW\xeeE!\xe3\
\xcajWS\xa3\x08\x0bg\x0c\xb1I&\x18K\x82\xfb\
y&\x9f\xa2\x94\xfa\xd5?\xa1\xcf&\xea*\x0b\xfa\xb3\
\xcb(\x8b\xb6h]Q\x13\x8b\xa4\xb8\x06\xa0q\x0c\xf7\
;\x89\xbb\x05\x7f#\x84\x13\xc9\x134\xb0\xb9\x8a\x08\xf5\
}\xe6P\xe5\x1e\xee\x9f\x9c&Y\xbfSj\xdaIL\
\xfa\x0a[\x88\xb9Q\xb6.\xa6T\xe9\x00(@\x10\x80\
\x80\x92\x13\xa3\xec\x8b\xa1\xc6Y\x93A\xf4\xfeC?\x8d\
\xc5s\x1as\xc0Tr\xbd\x8c\xfb\xf0l\x01\x90e$\
\xaf\x0c\x95\x80\x80\x04\xe8\xd0\x17Zoa\xf8\x90\xddi\
@\xd7\xc1*Yc\x1c\x0e+\xc0?\xa5aAB\x01\
\x80\x10k\x0ed\xc6\x05\x93tJ\x11\x08G\xf9:\xe9\
\xf4\x0b\xa5C5\x8c\xbd10k\xcb\x8f\xf2\x975h\
3\xb7\x1fWD^\xa4\xe1\xce\x999\xeb\xb8\x8a\x02\x0a\
;\xe5\xeaa0b\x15\xa1kLO\xd2P+&\xba\
\xb8:H\x12f\x86\x0e\x9e\xcb4\x0b\xf8\xf6\x00\xfe'\
\x16\xc2\x1b\xb1\xa5\xc2\x0cia\xc5\xd3\x8d\x9dx\xc45\
\xa2\x22\x16\xe8\x5c\x00\xa3\xe0\xd3\xf1\x11=<l\x04r\
\x22\x80.\x82\x0cQ3\xcb5a\xec^\xbdiz8\
\xcd\xf2\x05\xa4\x90\x13sB\xe1\xbch:\x9f[\xeb:\
\x12\x86\xe7@\xc0\x1dy)$\x82:\x84hjK\x10\
3.\x0e\xce\xda8\xcex0\x80\xa0\x11\x05\x11\x11\x8f\
\xe6\x1d.33\xceV\x9a\xe6A\x08k\x0dZ\xf8\x1a\
\xe08\xc0\x15A\xfc\xd3\x01\x11h\xd9\xa5\x11hhl\
Ah2\x88\x94\x06$\x16$C\xa4=\x8e\xadu\xc4\
\x8f:F\xf30\xd0q\x08\xf1\x08Rs\xa5\x86\x12\xd1\
$\xf3\xa7\x09\x03\xbf\xd5\x82:\x89\x1c\xe8\x81\x1f\x89h\
\x11\x93\xce\x03\x80_\xfc\x97&'3\xd7V\x1d\x03M\
\x0cg\xad#\xd2\x97\xfcH\xf4>\xd4\x83\xb6:\xa6\x98\
\xa1,\x0b\xf8S\x8d\xb4A\xc28&\xdd\xea(au\
\x0d\x89\x9a\x1ej\x04Zp\x0a_J\xa2\x12N]\x0c\
\x01\xbeJ! p\x10\x00\x00\x0d\x06\xf69\x88`\xa6\
\xed\xb5\x87AJ2\x08\xbc\xaa\xc0\x95\xc5\x0b\xa6\xaa\xa9\
\xdd$\xee\xa5\xd9\x0e\x9d_l\xdeG\xdc\x8b/4\x14\
\xa1@\xa8\x22\x8eL\xac?\x98C\xd5\x22\x8fM\xda\xd2\
\xb4\x05\x97bC\xc9;\x97\xcb\xfe\x83\xa0\xd4b\x14\xb0\
\xa4\xe0\x97\xf0\xab\xef-\x05/@\x08E'B@\x93\
\x8b~r\xc5\x16R\x89\xff\x00\x80_\xc9\xd6f*\xe4\
9\xdbak$\x19\xb0DAa0Q\x00\x82\x81\xab\
2yqv\xa1\x8e\x81\xe3\xd8\x1eX\x9a\x94;]\x18\
\x86^QP\xe5\xe8in$\xb2\x10t0!%@\
\x0d8\xb0Z1\xd5J\x22\x01*\xa0\x00\x95\x80\x0c\x1a\
[/\xe7A\x04\x04\x98\xc5C\xb5T\x80\x99Pj=\
\xe8\xcc%#\x83\xc6\xb3\xf8\xcfO\x88\xf1\x15H\x1fD\
\x80\xdd\xa8\xe7|\xc0\xde%\xff\x00\x82,\x16\x14\x1f\xde\
\x03\xdeQ%G\xb8\x14\xc3\xb7Vf\x99\x18\x85\x95-\
\x95@IU\x806\x0f\xe0<\xad\x98\xbe\x08\xc4\xe0\x97\
\xc5\x81\x0a\xe8\x82N\xbc\xfb\x82!X\xfe\xd6s\x11\xe7\
\x92VOH\xa0\xe2)\x84\x9d|\xf6\xa6\x8d8\xe9\xc1\
\xebD\xa1\x0a\x14\x5c\x09\x00\x7f\xf4\xc7\xef\xef\xeb\xfd\xb2\
:\xe6l\xb2\x8c\x0d\x1eT\xc0;\x07N\xabHNp\
\x1f\xff\x00\x87\xea\xbf\xff\xd9\
"

qt_resource_name = b"\
\x00\x06\
\x05\xde\x84\x05\
\x00W\
\x00h\x00a\x00l\x00z\x00e\
\x00\x06\
\x07\x03}\xc3\
\x00i\
\x00m\x00a\x00g\x00e\x00s\
\x00\x0f\
\x08\x15\xfb\x87\
y\x8f\
]\xdeY'[f\x00l\x00o\x00g\x00o\x00(~\xa2\x00)\x00.\x00j\x00p\x00g\
\x00\x0c\
\x0b8V\xe7\
\x00W\
\x00h\x00a\x00l\x00t\x00z\x00e\x002\x00.\x00j\x00p\x00g\
"

qt_resource_struct = b"\
\x00\x00\x00\x00\x00\x02\x00\x00\x00\x01\x00\x00\x00\x01\
\x00\x00\x00\x00\x00\x00\x00\x00\
\x00\x00\x00\x00\x00\x02\x00\x00\x00\x01\x00\x00\x00\x02\
\x00\x00\x00\x00\x00\x00\x00\x00\
\x00\x00\x00\x12\x00\x02\x00\x00\x00\x02\x00\x00\x00\x03\
\x00\x00\x00\x00\x00\x00\x00\x00\
\x00\x00\x00$\x00\x00\x00\x00\x00\x01\x00\x00\x00\x00\
\x00\x00\x01\x97\xe3}\x1c\xe6\
\x00\x00\x00H\x00\x00\x00\x00\x00\x01\x00\x00c\x1b\
\x00\x00\x01\x96\xe8\x0b\xce5\
"

def qInitResources():
    QtCore.qRegisterResourceData(0x03, qt_resource_struct, qt_resource_name, qt_resource_data)

def qCleanupResources():
    QtCore.qUnregisterResourceData(0x03, qt_resource_struct, qt_resource_name, qt_resource_data)

qInitResources()
